"geo_id","population","a0_4","a5_9","a10_14","a15_19","a20_24","a25_29","a30_34","a35_39","a40_44","a45_49","a50_54","a55_59","a60_64","a65_69","a70_74","a75_79","a80_84","a85_","f","m","naao","onao_Canadian","onao","eo_bio_English","eo_bio_Irish","eo_bio_Scottish","eo_obio","eo_fo","eo_weo_Dutch","eo_weo_German","eo_oweo","eo_neo","eo_eeo_Hungarian","eo_eeo_Polish","eo_eeo_Russian","eo_eeo_Ukrainian","eo_oeeo","eo_seo_Greek","eo_seo_Italian","eo_seo_Portuguese","eo_seo_Spanish","eo_oseo","eo_oeo","co_Jamaican","oco","lcsao","ao","ao_wcameo","ao_sao_ei","ao_osao","ao_esao_Chinese","ao_esao_Filipino","ao_oesao","oo"
9330001.01,6290,230,300,361,406,426,270,270,310,391,456,551,541,496,416,275,235,155,201,2840,3450,156,4113,69,826,660,180,45,0,0,176,0,0,0,0,0,0,0,0,0,0,0,31,0,0,35,0,0,0,0,0,0,0,0,-1
9330001.02,5460,310,290,255,275,290,305,415,380,430,435,415,385,330,300,165,155,135,190,2527,2933,215,1521,97,1233,1033,351,97,212,37,99,8,24,42,9,14,37,9,0,22,43,17,0,10,0,28,0,66,151,12,20,20,24,10,-1
9330002.01,6150,284,269,279,299,354,404,434,439,414,489,534,484,474,339,180,185,160,129,2955,3195,183,2122,124,1399,1223,295,121,186,32,44,0,29,0,0,9,18,9,0,13,39,13,0,-1,0,19,25,25,62,13,0,38,44,66,0
9330002.03,4075,159,159,179,239,303,328,278,219,248,244,313,368,333,273,144,104,89,95,2025,2050,192,1670,57,775,570,164,73,139,11,73,6,44,0,7,11,9,11,6,0,9,25,0,9,0,7,13,111,26,0,7,20,22,0,8
9330002.04,4505,205,195,180,239,249,274,259,309,284,289,314,339,324,319,180,185,125,236,2078,2427,200,1864,80,763,598,162,56,109,10,72,8,34,9,15,14,9,7,0,18,9,7,0,26,10,0,24,67,98,30,25,161,12,9,-1
9330003.01,3715,195,205,210,265,305,305,240,300,285,255,245,210,205,190,115,75,60,50,1838,1877,158,1242,128,833,684,249,82,134,12,46,0,24,0,0,0,24,0,0,8,8,0,1,11,0,0,0,26,0,12,0,0,34,0,-1
9330003.02,4615,210,210,235,330,390,380,330,295,260,325,330,320,240,190,155,135,130,150,2287,2328,187,1611,82,847,711,210,117,226,34,96,0,29,16,33,16,8,-1,0,19,36,9,18,0,0,23,0,111,12,21,49,81,0,13,1
9330004.01,4925,160,135,200,301,466,466,376,271,266,336,371,311,296,271,165,180,130,224,2362,2563,296,1542,130,863,751,205,68,240,0,133,21,70,16,41,25,28,18,0,37,8,12,45,47,33,0,46,40,109,0,0,45,13,30,13
9330004.02,5650,235,265,335,390,445,445,385,370,420,405,380,365,280,275,205,155,140,155,2750,2900,263,1205,263,962,922,344,169,346,94,193,26,116,18,81,53,28,35,13,37,18,55,35,26,0,55,55,44,61,9,11,35,0,57,21
9330005,7305,245,190,185,275,566,776,681,636,606,661,681,596,456,345,170,110,65,61,3645,3660,245,2208,94,1378,1306,374,83,510,64,211,0,91,19,30,19,19,38,0,64,0,23,23,-4,0,0,0,57,264,0,38,57,0,38,56
9330006.01,4700,175,200,185,306,421,376,281,241,261,371,411,381,331,251,195,125,95,94,2200,2500,179,1220,72,911,947,344,194,380,86,86,0,86,0,0,0,0,0,0,0,115,0,0,7,0,0,0,0,0,0,72,0,0,0,1
9330006.02,5235,230,185,205,376,396,401,331,291,260,456,456,396,356,311,185,145,105,150,2590,2645,71,1010,387,1115,804,418,82,248,45,181,45,124,14,37,28,45,0,0,51,37,37,0,20,42,28,28,127,71,0,42,20,20,17,41
9330007.01,5540,195,270,306,386,461,341,291,260,356,436,506,371,346,366,240,195,115,99,2650,2890,209,1600,177,944,849,284,105,257,23,155,43,13,13,42,28,28,13,0,15,0,23,17,23,0,17,25,192,169,13,27,127,45,45,19
9330007.02,3455,125,140,226,276,296,226,140,125,186,316,301,266,216,211,165,110,70,60,1633,1822,178,851,116,541,462,185,59,143,14,97,10,52,13,0,13,13,17,9,41,21,12,0,22,32,0,59,162,43,78,101,81,0,21,9
9330008.01,1655,80,106,116,131,101,96,91,96,86,116,146,96,106,101,70,55,40,22,812,843,51,322,62,298,280,83,54,81,22,93,6,28,0,4,9,4,22,7,25,0,7,6,-1,0,0,7,18,21,41,19,59,0,20,7
9330008.02,4205,116,246,296,317,327,221,141,131,221,367,387,362,281,266,201,141,106,78,2005,2200,139,1151,123,890,754,273,78,175,45,125,9,29,0,41,16,16,36,10,52,0,15,31,10,0,0,23,98,41,0,12,0,0,12,1
9330009,7105,210,271,366,531,601,506,321,306,401,631,631,506,446,411,341,246,200,180,3240,3865,235,2251,97,1536,1221,356,62,296,46,173,18,88,21,25,10,21,25,12,76,0,0,0,0,17,32,48,186,64,46,33,48,65,0,-3
9330010.01,5355,210,200,245,315,400,435,330,290,270,370,415,325,330,375,240,210,195,200,2430,2925,196,1408,127,1166,875,291,97,238,17,83,18,20,0,27,0,27,16,0,25,15,20,0,9,52,0,0,75,156,46,98,138,92,23,0
9330010.02,4745,175,180,240,330,405,345,240,210,255,380,400,320,280,270,160,165,135,255,2202,2543,136,1313,110,1013,675,241,101,177,17,79,31,44,0,19,10,26,26,7,20,20,24,17,7,0,16,54,91,54,114,96,101,94,15,-3
9330011,6615,290,320,315,475,535,515,445,470,435,445,430,430,340,350,255,200,185,180,3190,3425,257,1948,121,1475,1138,288,125,277,35,171,17,77,0,17,15,20,6,17,24,20,20,0,11,0,9,37,23,134,83,65,162,23,0,0
9330012,8095,354,369,384,519,674,659,539,534,534,609,619,509,534,409,245,215,210,179,3883,4212,347,3158,83,1519,1075,423,150,279,49,155,21,78,19,10,0,14,10,0,43,17,17,31,0,21,0,21,83,130,130,68,68,0,42,34
9330013.01,6485,274,304,339,444,489,499,409,404,439,484,509,424,344,339,219,215,175,175,3168,3317,365,2093,94,1351,827,277,104,309,76,107,0,44,8,20,16,8,-1,0,12,23,8,0,74,0,46,25,213,89,106,43,118,30,0,0
9330013.03,4985,225,225,270,355,430,405,300,330,335,340,380,315,255,260,175,175,115,95,2442,2543,312,1739,85,1158,901,176,53,235,0,71,0,79,0,4,4,7,11,0,9,12,21,0,7,7,6,9,34,13,0,0,21,0,13,-2
9330013.04,3635,165,165,175,229,284,284,289,234,214,259,274,234,229,180,110,100,115,95,1790,1845,166,1471,42,737,720,131,66,111,4,42,16,10,4,12,4,13,8,0,5,9,4,3,5,5,5,0,8,7,8,8,9,0,0,2
9330014.01,3090,120,120,135,195,195,240,215,200,180,205,240,230,215,195,110,105,100,90,1465,1625,52,1532,9,581,624,95,15,21,10,53,15,0,0,0,0,0,8,0,0,3,0,4,21,0,9,0,0,22,0,0,0,4,4,8
9330014.02,5980,245,240,280,364,419,414,384,354,349,419,489,429,424,394,210,230,180,156,2815,3165,170,3049,53,1104,1046,185,62,170,0,59,0,11,0,23,9,0,9,0,0,11,21,0,0,0,0,0,0,0,0,0,0,0,0,-2
9330015.01,5485,265,235,291,346,436,386,346,301,356,336,421,436,336,366,210,170,140,108,2725,2760,109,2556,62,843,1384,193,34,53,0,45,0,0,0,0,0,0,37,0,12,9,17,14,14,16,0,16,0,0,44,0,0,0,26,1
9330015.02,6245,180,230,280,429,499,414,324,334,374,439,474,459,444,324,215,240,235,351,2965,3280,256,2312,95,1412,1141,334,89,176,21,135,21,93,0,0,0,0,0,0,0,19,28,19,0,0,0,0,0,28,0,0,34,34,-2,0
9330016.01,5260,200,245,275,345,415,410,330,325,365,380,430,430,325,260,175,140,105,105,2572,2688,196,1562,83,1267,1108,223,112,227,24,81,9,45,7,24,20,30,8,12,8,17,12,25,0,0,0,0,17,22,40,10,48,0,25,-2
9330016.04,7375,301,316,326,446,626,676,551,486,516,541,606,536,456,351,215,185,135,106,3565,3810,279,3107,73,1618,1083,232,146,308,36,98,32,35,0,0,0,0,23,23,35,23,0,0,0,33,13,20,13,20,39,15,37,23,0,11
9330016.05,4765,170,200,220,260,435,475,345,360,300,350,370,355,290,185,130,120,115,85,2320,2445,181,2017,70,1175,736,212,58,129,0,53,6,23,4,4,0,4,4,0,16,0,0,0,6,0,7,7,0,11,18,0,14,7,0,3
9330016.06,4890,210,180,115,190,465,656,581,480,380,305,370,300,200,160,110,85,55,48,2345,2545,281,2121,77,1063,641,205,112,95,0,79,15,52,0,0,0,0,0,0,46,31,0,0,2,0,0,0,68,0,0,0,0,0,0,2
9330017.01,7535,295,290,350,440,595,705,590,465,445,530,605,540,460,405,245,245,165,165,3652,3883,409,3347,82,1492,1063,346,74,236,10,91,0,56,0,10,10,24,0,26,13,13,0,0,17,0,19,19,64,31,18,0,27,27,13,-2
9330017.02,6630,275,255,295,399,579,554,514,434,424,484,569,439,399,349,200,200,140,121,3230,3400,253,2608,40,1570,1005,325,88,215,38,87,0,25,0,48,0,13,14,0,10,43,32,0,20,0,29,46,29,10,38,0,11,16,16,1
9330018.01,6935,300,330,295,390,510,590,470,450,485,490,545,490,460,360,210,225,175,160,3387,3548,480,3291,0,1367,751,215,88,288,20,124,0,96,0,0,0,0,25,0,0,59,0,0,3,0,0,0,0,0,0,0,79,0,48,1
9330018.02,6960,355,335,340,425,530,530,440,495,545,580,535,510,410,305,200,175,140,110,3442,3518,267,2483,61,1347,1253,277,103,317,49,102,0,52,0,21,70,0,8,13,22,52,13,17,11,0,0,44,44,28,69,16,130,59,20,12
9330019,4880,190,210,225,235,275,350,325,265,285,340,410,375,340,305,185,190,175,200,2283,2597,205,2174,47,957,753,171,50,161,15,70,10,60,3,8,0,12,12,11,24,9,3,11,13,4,4,15,17,6,13,0,17,0,22,3
9330020,2700,75,90,105,120,174,149,115,115,105,144,209,154,174,194,135,115,164,363,1260,1440,98,1374,11,429,405,113,25,127,12,32,0,16,0,4,4,8,4,0,6,8,4,0,14,0,0,0,0,5,0,0,0,0,0,1
9330021,3680,120,195,245,320,305,205,145,145,175,325,305,270,250,240,160,110,90,75,1728,1952,168,1542,42,827,532,130,65,138,25,51,0,50,0,19,0,14,0,0,25,0,0,0,0,0,0,0,19,33,0,0,0,0,0,0
9330022,3060,65,90,115,175,225,150,105,110,150,220,265,210,215,240,155,180,185,205,1303,1757,172,1252,33,528,355,80,69,91,6,23,17,16,0,0,0,7,23,0,6,4,0,12,16,11,0,22,58,86,34,23,102,7,7,0
9330023,4230,135,235,305,350,305,225,130,155,255,385,380,240,285,275,165,120,105,180,2025,2205,265,1601,57,986,611,224,65,146,44,58,7,38,0,10,10,28,1,9,13,13,0,9,0,0,0,0,0,11,22,0,0,0,0,2
9330024,5785,175,340,455,505,475,305,170,195,370,535,540,385,400,330,255,160,95,95,2823,2962,266,2785,90,1247,669,209,70,238,9,87,9,31,0,8,4,7,12,0,0,9,5,0,8,0,5,0,11,0,0,0,0,0,8,-2
9330025,7425,230,395,620,630,665,350,220,255,470,781,620,500,425,430,265,235,155,179,3545,3880,387,3387,73,1609,1009,255,76,211,10,109,17,29,0,30,10,14,9,4,21,17,21,0,14,9,12,0,7,19,19,0,27,10,5,5
9330026,4675,160,240,275,365,385,270,160,155,325,430,380,320,320,295,215,175,95,110,2200,2475,207,1833,100,1094,713,198,78,164,10,75,27,25,0,0,7,9,12,4,12,8,14,0,9,0,0,13,5,10,5,3,29,10,0,1
9330027.01,4075,110,205,220,355,350,235,160,155,240,375,350,230,245,225,155,115,120,230,1907,2168,214,1981,37,859,501,177,62,71,15,53,4,27,0,0,0,7,4,0,7,4,7,4,4,0,0,0,12,0,7,7,5,0,0,6
9330027.02,3785,115,180,270,365,260,190,165,145,275,370,345,225,205,165,125,125,95,165,1668,2117,246,1845,37,745,467,111,48,125,11,36,7,10,0,13,6,8,0,0,11,5,6,0,6,0,9,0,5,7,0,5,9,7,0,0
9330028,3060,105,145,185,180,215,255,235,170,160,260,225,205,195,190,110,100,60,65,1425,1635,178,1435,45,648,364,101,76,82,5,35,4,25,0,5,0,5,5,4,4,4,4,-1,1,0,0,0,5,10,5,0,5,0,10,-4
9330029,6795,325,330,335,310,395,635,600,570,470,560,445,390,355,305,210,160,165,235,3232,3563,350,1940,203,726,567,676,121,607,110,376,30,73,11,46,23,40,27,21,71,20,23,17,33,16,31,27,164,180,62,28,95,33,39,9
9330030,6895,355,380,385,360,430,580,560,545,520,525,530,440,390,330,170,135,140,120,3330,3565,321,2313,169,641,506,572,86,565,146,337,16,70,8,52,14,40,18,19,91,29,29,0,37,63,46,48,341,82,68,0,91,26,53,-2
9330031.01,6155,349,329,280,285,339,589,599,494,504,519,469,354,309,275,155,130,95,81,2910,3245,353,1891,141,645,527,606,89,547,99,307,15,47,0,56,32,37,37,23,59,21,38,26,28,30,10,16,111,144,47,39,44,40,44,6
9330031.02,4620,276,241,191,191,292,437,528,442,372,322,292,256,201,211,101,106,85,76,2253,2367,67,689,133,495,381,403,99,358,30,225,78,89,0,55,43,24,37,13,87,13,18,18,59,9,36,44,89,228,161,15,498,28,84,14
9330032,9100,496,451,371,411,576,927,982,756,761,661,606,596,486,346,210,205,145,114,4437,4663,243,1638,288,713,650,775,186,652,133,444,44,157,11,104,57,93,42,42,110,25,36,57,59,32,116,63,254,392,296,127,1024,21,193,23
9330033.01,5190,305,275,220,255,340,385,505,475,385,380,365,350,325,230,145,90,90,70,2445,2745,167,985,154,405,374,431,113,380,57,225,35,90,7,51,24,40,42,18,55,18,31,23,35,13,41,59,266,248,181,133,381,8,94,6
9330033.02,3140,161,181,161,191,281,236,211,191,206,241,251,196,186,141,90,85,75,56,1532,1608,54,534,113,480,307,446,78,210,36,175,51,96,13,13,13,42,32,53,36,0,11,11,11,0,0,20,13,54,20,13,174,28,0,3
9330034.01,5225,230,245,230,316,401,411,386,361,371,376,416,331,306,240,180,175,130,120,2557,2668,77,1145,170,627,466,564,110,360,98,309,38,62,23,82,77,42,42,35,105,35,13,44,46,0,42,21,120,158,93,14,107,11,75,14
9330034.02,7300,415,335,325,425,455,590,575,575,535,510,505,425,395,330,230,215,195,265,3557,3743,268,1421,333,683,623,802,190,608,79,351,50,104,32,68,68,68,-4,0,68,21,47,21,39,0,36,36,125,304,182,32,340,0,304,1
9330035.01,4295,155,195,175,205,370,415,325,285,265,275,355,285,275,230,135,130,120,100,2143,2152,134,624,124,383,331,410,101,367,70,187,38,72,19,49,17,23,36,28,69,20,13,9,20,0,58,26,102,339,54,65,409,19,79,0
9330035.02,7005,300,310,305,380,495,555,455,470,480,505,530,485,435,395,225,245,215,220,3392,3613,305,1120,164,564,522,649,93,601,101,358,16,69,0,56,42,50,13,29,72,13,13,50,66,0,26,53,331,411,538,204,344,132,0,0
9330036.01,6225,251,251,266,336,496,536,396,356,376,406,511,471,426,336,211,200,200,200,3037,3188,387,1538,247,540,433,516,100,365,107,267,18,86,10,55,29,49,32,30,62,18,27,12,54,49,44,28,489,221,186,43,76,49,48,10
9330036.02,6140,250,275,280,360,490,480,480,385,400,415,450,490,400,325,215,190,140,115,3060,3080,279,1114,270,616,497,603,169,504,116,418,48,137,10,59,46,61,40,51,41,17,29,26,33,13,26,64,125,159,114,24,295,25,110,1
9330037.01,4960,264,274,189,199,349,653,523,454,419,384,354,274,199,155,85,90,55,40,2457,2503,157,1116,196,542,424,558,99,322,121,295,53,94,13,53,22,93,72,33,123,11,0,2,31,0,24,16,39,145,115,30,49,28,68,16
9330037.02,3680,165,145,130,120,265,514,479,350,285,260,230,185,180,155,75,65,40,37,1848,1832,120,632,84,394,420,472,128,410,94,219,48,15,6,63,18,33,30,39,32,7,14,43,34,14,26,23,29,104,57,0,73,0,0,-1
9330038,5815,290,165,120,105,285,881,1011,711,500,380,330,305,195,165,85,65,75,147,2688,3127,212,1410,175,606,560,701,125,529,99,351,20,64,11,48,25,55,51,78,152,16,8,1,40,21,20,11,80,130,17,0,91,26,80,2
9330039.01,5895,300,155,95,95,285,806,1011,721,545,380,360,315,275,265,115,80,50,42,2740,3155,364,1952,142,472,433,433,89,468,94,315,24,29,14,38,23,38,20,46,76,20,9,7,39,32,20,28,208,236,76,33,40,70,9,-2
9330039.02,5795,300,195,145,110,260,615,685,615,435,395,370,320,315,285,175,135,165,275,2542,3253,279,1347,210,499,516,563,111,504,73,275,28,56,0,42,17,13,42,15,97,36,36,42,7,0,18,12,145,266,96,31,222,62,110,25
9330040.01,4105,90,35,35,60,390,870,725,470,265,265,205,195,140,160,85,45,35,35,1840,2265,97,983,54,423,381,407,78,362,11,220,23,67,0,10,22,13,12,39,39,0,8,8,33,0,16,0,76,534,70,44,65,0,12,-2
9330040.02,4600,105,75,55,60,290,736,716,445,325,320,265,295,225,220,140,125,85,118,2010,2590,216,1091,146,520,447,511,88,430,100,286,21,58,6,45,20,34,4,20,69,7,16,0,36,0,0,0,70,106,20,10,138,39,34,12
9330041.01,4450,100,50,40,80,324,698,649,384,264,274,254,279,234,239,175,130,100,176,1920,2530,173,1173,105,471,464,495,123,449,69,223,24,53,4,45,11,38,17,48,74,9,9,22,29,0,41,24,44,88,11,16,46,22,31,-1
9330041.02,7415,356,286,246,271,497,617,753,617,592,602,567,436,416,366,271,176,125,221,3297,4118,411,1800,271,792,746,770,177,767,171,402,55,158,24,40,24,64,55,30,73,0,52,30,0,0,30,30,122,131,64,24,27,43,30,2
9330042,6485,280,370,350,400,635,560,445,355,425,545,500,415,355,345,200,120,100,85,3113,3372,397,1515,157,600,566,597,155,570,116,330,50,64,34,18,34,34,40,9,101,14,9,10,33,62,51,57,546,152,51,0,62,0,54,-3
9330043.01,4040,110,215,240,315,521,275,175,165,250,315,315,240,230,240,155,105,80,94,1950,2090,202,1013,152,422,377,403,97,392,67,237,28,46,3,30,13,13,14,7,69,9,13,6,10,16,21,17,144,104,39,0,12,40,18,6
9330043.02,4330,180,235,320,345,365,250,185,185,265,430,325,270,265,255,200,115,60,80,2040,2290,292,1043,148,346,327,287,51,332,56,143,11,25,7,16,21,21,32,16,30,5,21,27,-1,4,13,28,253,446,101,60,108,36,22,3
9330044,4695,125,220,250,255,325,255,245,225,240,315,385,360,365,415,245,195,130,145,2227,2468,204,1279,131,393,378,407,96,390,75,201,19,47,3,21,14,15,18,26,55,18,9,36,17,9,64,17,186,261,91,26,92,62,17,18
9330045.01,4800,201,145,145,181,416,557,421,366,351,356,306,326,306,301,221,100,60,41,2298,2502,221,1179,105,436,315,360,68,332,60,214,6,31,0,51,21,23,18,23,37,5,5,24,6,55,8,8,225,324,134,335,63,67,28,13
9330045.02,5870,275,240,195,235,589,764,649,445,380,425,375,325,325,295,165,85,35,68,2805,3065,278,1383,157,546,478,525,113,440,89,283,26,28,25,37,36,25,50,65,82,19,39,58,12,15,37,43,274,355,88,30,105,42,85,2
9330046,5155,170,125,100,110,375,775,750,485,355,395,300,275,275,265,155,125,65,55,2398,2757,264,1272,137,490,380,422,88,459,77,261,19,39,2,24,21,26,25,19,48,15,31,17,14,33,41,25,239,248,153,80,71,69,41,5
9330047.01,3660,105,40,40,45,190,504,484,320,215,225,250,240,225,270,175,105,80,147,1650,2010,143,972,109,391,274,380,66,316,63,262,0,55,8,13,24,21,10,0,50,0,28,0,5,21,25,21,109,140,66,15,44,22,0,7
9330047.02,4100,110,60,30,55,259,763,773,474,259,269,224,244,195,170,90,50,35,40,1928,2172,233,816,161,418,278,401,87,335,75,232,13,62,10,44,27,23,8,33,23,10,26,19,11,31,18,10,122,209,118,9,89,60,70,19
9330048,7925,319,190,100,175,424,1048,1163,813,604,574,514,519,419,399,284,135,105,140,3740,4185,284,1796,165,681,527,648,90,578,91,337,42,64,0,76,54,40,30,18,72,18,54,97,45,18,19,60,442,633,236,69,287,214,139,1
9330049.01,13855,716,265,175,220,650,1881,2582,1651,1171,991,836,781,665,610,300,185,110,66,6782,7073,491,2768,409,1251,947,1065,170,979,278,511,46,108,26,66,144,144,98,239,144,23,23,0,157,39,59,131,491,1353,236,170,606,197,485,1
9330049.02,5970,209,204,175,160,175,244,339,349,374,369,444,474,574,643,484,329,199,225,2697,3273,149,1265,185,617,514,611,86,499,101,302,20,85,18,28,28,48,32,40,77,26,35,13,34,7,7,23,201,444,69,48,174,79,92,13
9330050.02,6235,255,190,140,135,310,900,855,645,470,415,365,380,365,295,175,140,105,95,3083,3152,485,1921,303,657,481,493,126,588,76,261,23,98,7,38,11,15,16,8,21,24,12,7,56,30,42,30,242,79,25,11,13,21,15,0
9330050.03,6080,230,120,80,115,270,886,1141,806,575,375,370,330,265,235,145,70,40,27,3103,2977,325,1777,180,644,457,715,143,505,120,424,52,100,0,35,13,31,1,0,40,18,18,10,27,9,28,44,111,103,0,30,31,47,25,17
9330050.04,3150,111,86,66,71,197,423,423,312,277,222,242,207,176,131,91,50,35,30,1602,1548,161,815,129,360,297,339,72,292,61,183,19,49,6,18,15,22,17,3,34,15,20,10,13,5,10,26,73,18,13,0,34,13,0,8
9330051.01,3390,180,170,175,140,200,320,250,245,290,265,280,230,185,140,75,85,85,75,1630,1760,144,916,143,423,301,344,53,294,51,188,19,27,9,19,11,19,18,9,39,4,20,31,20,7,8,31,66,104,27,0,0,19,18,8
9330051.02,4670,170,160,180,270,370,365,370,290,260,335,370,345,320,235,125,150,190,165,2220,2450,277,1520,133,588,408,485,63,396,67,311,38,34,12,30,0,24,2,0,51,75,0,0,0,0,0,20,20,55,28,0,18,18,0,-3
9330052.01,6110,249,254,319,384,414,499,419,354,369,369,499,399,334,309,229,244,224,242,2957,3153,233,1679,176,714,552,685,109,561,93,297,15,91,11,29,15,31,19,6,80,23,17,42,15,8,28,12,82,218,84,14,107,36,19,9
9330052.02,6270,265,275,275,314,414,514,414,404,384,469,529,504,444,379,190,180,175,141,3110,3160,408,1898,142,666,520,582,77,508,66,485,11,38,8,53,33,53,9,24,53,9,29,41,15,23,60,45,159,103,91,12,39,12,0,-2
9330053.01,6550,335,310,250,290,450,565,535,435,465,525,485,485,360,295,185,220,175,185,3228,3322,412,2247,159,714,542,603,127,653,66,319,27,81,6,29,6,72,15,17,55,14,14,7,21,0,11,11,111,116,17,18,37,14,10,-1
9330053.02,3510,135,175,150,165,229,309,264,259,254,309,294,234,204,175,110,95,80,69,1805,1705,205,1185,69,317,312,342,47,310,62,214,7,24,5,10,10,23,-1,0,33,7,5,0,29,27,18,15,127,71,11,0,9,9,1,7
9330054.01,4065,195,195,135,145,230,375,416,360,355,305,275,275,235,220,105,80,75,89,1983,2082,170,1201,160,469,365,444,96,446,75,173,15,39,6,16,16,22,8,10,53,15,10,15,15,12,12,6,70,59,9,0,38,5,13,2
9330054.02,4475,185,240,225,230,275,290,300,290,345,360,370,325,235,240,145,135,160,125,2120,2355,291,1456,113,416,382,480,45,458,55,230,8,37,16,30,0,20,21,8,55,0,0,15,13,13,28,58,35,70,35,0,22,55,10,0
9330055.01,5410,245,185,150,200,345,605,650,510,440,365,445,340,300,225,130,95,90,90,2695,2715,148,1223,126,648,586,693,159,504,156,371,41,52,25,40,25,31,20,30,44,8,30,17,10,6,12,36,108,93,25,46,69,28,0,0
9330055.02,4380,175,120,125,110,195,480,520,380,335,385,370,345,265,215,140,100,60,60,2157,2223,213,1072,152,502,402,505,83,419,62,306,17,52,12,24,0,33,25,0,40,29,14,22,34,0,33,27,98,44,33,0,32,84,10,1
9330056.01,4145,184,129,124,124,219,527,577,423,338,358,244,244,189,189,100,70,60,46,2025,2120,209,1278,173,505,294,356,48,284,58,213,0,42,0,0,12,18,12,0,66,20,40,20,2,20,20,0,249,50,20,0,42,97,0,-3
9330056.02,4545,245,180,150,125,235,464,659,499,420,370,315,265,225,190,110,35,30,28,2157,2388,270,1309,206,440,385,456,51,397,46,271,21,43,13,50,10,26,33,0,39,29,14,0,13,7,37,39,110,37,71,10,42,42,13,15
9330057.01,3080,90,115,100,105,120,205,235,215,210,220,190,245,225,220,110,165,130,180,1670,1410,192,1047,79,301,201,271,46,207,72,175,24,24,8,15,19,27,0,15,23,19,0,8,20,23,0,0,209,42,0,0,14,0,0,-1
9330057.02,4980,195,190,180,180,290,395,385,420,310,345,370,370,290,245,175,170,220,250,2450,2530,382,1561,240,423,308,401,79,464,55,270,16,57,0,22,22,41,-3,16,60,0,41,0,33,0,0,0,246,104,52,0,38,0,52,0
9330058,4205,70,50,60,65,140,240,300,295,290,390,496,506,410,365,195,155,95,83,2538,1667,353,1305,99,406,330,324,59,360,59,192,15,44,9,24,11,9,4,5,37,13,13,6,15,8,29,19,191,43,80,21,46,52,22,2
9330059.06,7695,95,80,50,75,320,814,1094,760,640,864,670,720,515,335,205,160,125,173,4897,2798,240,2694,229,791,774,717,104,723,161,483,51,85,0,65,34,59,14,0,65,0,25,23,20,0,0,0,85,161,0,25,68,0,0,-1
9330059.07,4895,215,125,70,70,185,374,529,484,339,379,379,334,409,404,299,150,85,65,2428,2467,299,1380,104,579,437,528,120,438,67,268,15,70,12,58,8,46,19,0,67,8,16,13,49,12,12,18,100,22,38,0,42,33,18,-1
9330059.08,6975,310,285,230,200,290,470,665,580,590,575,535,545,505,435,270,205,145,140,3397,3578,304,2464,90,887,593,688,101,670,130,503,19,140,11,34,11,11,37,50,77,16,42,0,19,0,40,40,0,0,0,0,0,0,0,-2
9330059.09,6910,155,60,40,115,555,1240,1300,810,530,520,465,380,280,205,110,70,40,35,3797,3113,513,2439,204,704,513,571,98,719,87,459,29,81,17,46,7,43,14,21,57,28,0,0,27,11,17,11,101,25,0,12,26,0,17,13
9330059.1,6295,185,60,35,110,484,1112,1132,758,489,439,384,329,274,224,140,70,45,25,3517,2778,489,2186,223,706,438,512,95,601,92,322,25,94,11,32,5,29,5,17,46,11,0,14,29,18,20,17,119,37,29,9,13,13,28,10
9330059.11,7160,190,50,30,120,655,1470,1445,860,510,400,380,350,270,170,125,55,35,45,3895,3265,218,2255,134,914,697,863,114,585,200,419,42,54,38,21,0,54,12,9,26,21,21,-2,0,12,11,15,83,45,38,0,153,23,72,13
9330059.13,4750,165,50,25,80,559,993,963,564,329,239,210,210,130,85,55,40,30,23,2507,2243,665,1330,0,779,247,380,0,589,0,475,0,114,0,0,0,0,0,0,0,0,0,0,-19,0,190,0,0,0,0,0,0,0,0,0
9330059.14,8835,410,190,135,175,520,1456,1641,1061,710,540,470,435,370,290,170,125,85,52,4465,4370,404,2654,352,960,724,921,225,773,125,436,32,112,0,64,19,64,9,32,82,32,32,11,59,19,69,57,202,227,0,0,88,19,19,13
9330060.01,3125,50,30,20,50,210,530,515,325,265,180,185,195,155,155,115,75,40,30,1675,1450,277,967,93,313,218,267,36,315,55,168,14,25,0,17,17,8,13,6,31,0,8,10,12,7,17,7,118,17,35,0,8,44,0,2
9330060.02,5990,100,65,60,60,389,1003,968,554,404,374,419,379,359,329,240,135,85,67,3283,2707,417,1826,133,696,509,595,117,580,105,390,18,61,0,27,0,38,11,14,78,14,10,1,16,35,0,0,184,34,13,0,40,13,14,1
9330061,5110,90,45,40,60,329,872,843,533,374,344,339,279,254,244,184,110,80,90,2675,2435,349,1650,196,521,423,499,80,463,62,209,14,59,0,23,6,17,5,0,37,16,5,19,52,13,69,26,155,62,10,15,16,0,22,17
9330062,3425,65,30,20,30,100,286,326,291,206,241,281,281,311,301,251,160,110,135,1757,1668,203,1045,126,383,235,333,59,347,30,189,10,39,5,5,5,25,5,7,57,14,21,0,10,29,49,12,94,20,15,5,9,34,9,-4
9330063,3980,110,65,40,55,205,549,584,429,270,280,310,250,190,230,140,95,85,93,2013,1967,166,1143,84,465,411,473,90,388,81,261,52,76,8,43,0,19,0,0,68,8,38,0,11,0,0,16,0,22,14,0,14,14,14,1
9330064,4655,80,60,50,60,319,807,826,523,363,299,324,269,234,174,129,65,40,33,2455,2200,167,1169,148,670,451,535,80,407,54,264,36,70,6,42,24,30,18,16,103,0,20,23,17,0,24,10,38,138,24,0,21,25,16,9
9330065,7150,155,80,65,100,585,1340,1175,725,450,450,405,345,325,315,205,150,115,165,3705,3445,213,1439,235,753,593,654,134,564,109,301,22,69,19,61,63,47,54,14,62,28,40,20,91,20,54,69,213,671,38,77,260,50,114,-1
9330066,8640,325,200,160,220,615,1176,1181,820,650,625,615,605,520,385,235,160,90,58,4310,4330,278,2416,324,917,854,1033,133,743,124,389,52,84,41,47,63,52,34,0,79,66,66,0,32,0,45,54,134,312,118,16,118,16,0,0
9330067.01,3775,80,45,20,50,231,533,523,367,251,261,292,246,226,216,211,111,65,47,2000,1775,102,980,144,434,347,443,91,305,68,178,31,60,6,48,27,15,0,37,22,11,7,0,13,10,10,15,15,187,37,26,93,0,10,3
9330067.02,4775,170,95,90,130,355,560,495,420,270,350,335,370,340,305,225,130,80,55,2350,2425,254,1225,85,720,436,603,133,451,108,316,49,54,4,59,15,42,17,0,43,21,15,6,5,0,7,0,21,24,14,0,31,7,7,3
9330068,5085,111,50,50,45,236,593,673,497,397,392,392,407,372,317,211,176,75,91,2630,2455,220,1479,192,677,498,646,127,398,91,304,30,34,9,0,0,53,8,9,59,6,18,7,52,7,24,31,0,56,26,0,18,7,0,-1
9330069.02,5080,265,330,320,596,736,300,295,325,375,516,370,150,95,90,50,65,75,127,2335,2745,318,1737,166,557,474,543,61,482,83,273,10,22,0,23,12,28,14,9,54,20,11,3,28,0,27,7,37,49,0,0,12,0,12,8
9330100.01,4225,225,265,200,205,260,235,235,270,295,330,320,290,255,220,160,130,140,190,2000,2225,208,1380,145,549,321,433,59,454,90,252,13,42,5,10,9,17,7,4,37,8,8,4,6,0,6,16,63,27,0,0,13,0,33,6
9330100.02,7300,400,340,315,310,445,565,610,570,565,585,605,540,470,390,235,165,105,85,3575,3725,460,2520,130,892,576,686,88,713,119,368,38,39,7,57,0,74,31,0,60,31,31,-1,42,0,14,14,146,40,0,0,42,14,71,-2
9330101.03,5370,205,135,100,135,260,515,595,485,445,365,390,420,390,310,245,165,115,95,2515,2855,272,1908,174,620,438,544,79,414,67,375,26,23,6,41,13,41,1,5,36,8,15,0,13,15,27,0,105,50,7,10,23,16,0,-2
9330101.04,4505,149,119,134,139,199,388,438,343,318,298,293,303,313,283,219,164,184,221,2075,2430,200,1370,157,531,428,510,82,461,81,373,0,27,0,24,17,21,8,0,22,0,43,9,1,0,0,38,22,30,15,0,27,0,9,-1
9330101.05,4900,250,200,195,235,245,415,420,420,380,405,385,380,300,250,185,110,70,55,2320,2580,283,1623,110,537,452,553,116,541,74,262,20,34,0,16,0,32,12,0,14,6,14,0,30,0,16,11,85,9,0,9,12,0,19,10
9330101.06,4755,140,105,85,110,210,465,536,360,285,305,330,380,335,345,260,215,160,129,2187,2568,250,1536,166,499,413,499,74,530,56,236,13,37,5,37,22,27,11,0,52,15,4,6,37,15,0,15,105,47,9,0,22,6,6,5
9330102.01,580,30,35,40,45,55,45,35,45,40,40,40,40,30,20,15,10,5,10,295,285,33,218,11,70,54,64,6,53,7,25,1,6,1,4,1,3,0,0,4,2,2,0,4,0,2,0,6,1,0,0,1,0,1,0
9330102.02,6440,374,398,359,443,448,418,468,468,553,523,518,488,339,254,139,105,75,70,3128,3312,295,1636,178,689,520,716,154,579,81,316,33,53,10,55,27,71,44,8,117,0,22,10,44,6,46,7,66,288,96,46,135,31,62,-1
9330103,7700,355,325,330,355,419,549,589,574,519,614,609,664,499,424,285,225,165,200,3622,4078,333,2611,178,935,648,796,121,797,107,428,44,63,10,36,0,46,59,21,133,8,26,0,8,12,12,30,107,15,0,25,12,0,54,25
9330110.02,3065,150,200,195,200,160,110,110,160,215,240,260,270,195,205,175,100,55,65,1500,1565,173,882,134,349,253,336,51,308,42,152,15,46,10,16,8,13,27,8,31,12,8,5,16,0,8,8,59,48,4,0,17,5,14,7
9330110.03,3130,120,155,185,200,200,100,105,135,200,235,275,321,285,205,190,105,75,39,1518,1612,185,1135,73,361,251,284,53,275,48,199,6,22,7,20,6,8,19,4,43,7,8,6,16,11,11,10,21,25,0,4,8,0,4,0
9330110.04,4240,195,296,331,351,286,145,130,216,311,361,381,406,321,200,140,90,45,35,2022,2218,257,1367,119,465,370,446,90,417,61,289,16,46,6,36,3,21,10,6,31,8,26,3,41,0,12,5,19,39,5,0,15,0,11,0
9330111.02,7570,340,456,476,481,486,305,285,401,486,591,591,626,526,451,441,265,205,158,3632,3938,439,2441,170,715,600,745,102,748,117,442,22,60,0,57,9,13,16,36,59,27,30,48,46,21,40,71,194,141,28,28,47,29,19,10
9330111.04,1855,95,70,60,65,90,95,160,130,170,135,195,160,140,130,75,60,15,10,830,1025,61,570,56,208,172,179,23,151,27,88,5,14,0,16,10,0,2,4,19,9,5,2,7,0,5,7,70,78,22,0,18,15,10,2
9330111.05,5005,240,300,280,315,335,285,290,315,350,395,335,380,270,210,165,140,150,250,2385,2620,277,1491,157,585,456,563,99,478,107,334,4,55,4,40,13,42,36,0,50,16,16,5,17,4,7,7,21,66,7,8,40,0,0,0
9330111.06,125,5,10,5,10,10,10,15,10,5,10,10,10,10,0,0,0,5,0,65,60,6,34,5,16,10,12,3,13,3,10,1,2,0,1,0,1,1,0,1,0,0,0,1,0,1,0,0,2,0,0,1,0,0,1
9330111.07,4285,219,279,224,274,309,254,338,314,319,353,353,353,239,169,129,85,45,29,2100,2185,382,1573,106,402,254,338,48,359,61,184,12,27,3,37,0,9,18,3,13,6,0,0,9,38,17,17,337,23,0,0,0,0,5,4
9330112,2765,115,150,155,150,155,150,120,140,165,200,255,230,160,185,145,105,95,90,1380,1385,178,919,87,307,240,294,45,254,51,152,13,28,10,14,2,24,5,7,22,15,2,0,6,4,6,5,29,22,0,0,12,3,4,5
9330113,7735,395,430,470,515,465,335,375,470,535,610,625,610,445,410,325,270,200,250,3685,4050,530,2551,303,778,601,735,98,985,129,585,28,54,0,34,8,28,20,6,29,22,26,7,23,0,15,0,15,80,0,0,17,9,0,19
9330114.01,2920,171,186,231,221,171,105,125,161,251,251,271,241,135,120,115,75,65,25,1437,1483,170,972,73,345,243,351,30,244,72,243,8,18,11,31,11,6,8,5,14,16,7,0,5,0,13,0,13,0,0,0,10,0,0,1
9330114.02,5315,315,375,330,345,355,210,225,395,370,425,460,465,350,265,185,120,60,65,2620,2695,309,1993,95,629,430,529,78,398,121,442,19,76,0,28,14,11,5,5,46,12,0,0,16,0,7,0,23,23,0,0,7,0,0,-1
9330117,6000,230,290,359,429,349,260,220,260,359,479,514,519,439,379,304,230,175,205,2925,3075,474,2526,47,668,311,679,34,392,179,372,23,34,0,11,17,11,12,0,39,73,11,2,23,0,0,0,16,19,12,0,0,0,0,15
9330119,2280,121,156,156,146,121,60,105,131,141,196,221,151,146,146,85,65,65,68,1090,1190,86,885,135,198,163,156,24,358,22,77,8,16,2,5,3,5,5,1,15,3,5,2,3,1,5,6,32,17,5,1,13,7,13,3
9330120,3815,135,214,284,339,204,135,100,145,229,334,354,314,259,229,160,140,110,130,1830,1985,68,1099,227,300,300,363,49,671,43,68,16,22,0,0,0,0,65,19,27,0,0,19,41,0,0,0,81,271,0,27,41,0,0,-2
9330121,4490,175,306,441,416,251,125,105,160,346,446,426,361,266,200,180,110,85,91,2225,2265,131,1415,235,462,446,458,55,712,37,179,16,25,11,8,5,15,12,0,33,5,19,5,5,0,8,27,31,50,12,0,42,12,19,0
9330122,4185,170,255,315,340,240,145,125,200,315,380,385,315,280,245,205,125,80,65,2077,2108,179,1592,210,466,323,386,66,474,44,215,10,52,10,0,0,10,0,17,39,11,0,-1,10,0,0,0,0,13,0,0,0,59,0,0
9330130.01,4635,60,100,110,145,120,80,100,115,150,221,246,271,361,441,461,436,436,782,1847,2788,143,1570,206,428,369,348,62,645,71,163,21,34,4,18,8,15,20,9,31,11,9,8,6,4,25,22,43,81,48,12,104,0,95,2
9330130.03,4795,90,145,190,250,205,170,150,185,230,295,360,375,335,355,365,365,295,435,2093,2702,158,1832,167,496,381,329,77,624,59,146,13,42,10,18,5,10,40,6,35,6,23,0,11,0,18,47,104,36,14,0,26,37,27,-2
9330130.04,2930,85,130,155,165,195,215,215,205,195,230,235,215,180,175,130,85,65,55,1403,1527,121,1080,137,266,246,215,31,410,24,108,10,17,4,8,5,8,2,0,44,0,8,0,8,8,3,6,78,23,3,0,24,6,26,1
9330131,7050,230,371,506,556,386,220,190,270,401,596,556,486,496,466,386,280,275,379,3220,3830,360,2134,405,630,682,580,59,1201,76,224,35,107,0,13,0,20,28,0,54,0,39,22,0,0,22,0,54,33,44,0,63,129,37,-1
9330132,3655,135,270,325,300,190,80,60,130,255,360,310,295,230,225,205,120,85,80,1740,1915,223,1128,260,267,238,222,27,680,27,94,23,23,0,7,0,10,0,0,24,8,11,-1,4,0,31,0,144,63,0,0,54,12,76,0
9330133.01,3675,95,184,244,289,214,85,85,110,189,324,349,339,339,279,234,150,95,71,1810,1865,117,1330,234,309,276,266,29,657,58,84,13,34,17,9,0,0,9,0,19,7,15,0,12,16,0,43,59,19,10,0,13,13,9,-2
9330133.02,6210,185,310,389,529,374,185,150,170,359,479,519,564,519,439,444,300,160,135,3055,3155,202,2415,339,586,413,363,62,1020,37,197,15,35,0,12,0,6,5,6,31,11,11,23,0,7,46,16,176,60,25,0,25,45,11,10
9330134,7540,200,360,505,650,445,310,255,265,465,675,655,595,515,500,430,275,210,230,3565,3975,340,2445,639,566,552,474,99,1355,101,194,31,49,0,19,16,19,20,0,53,0,24,25,33,20,0,47,253,80,13,0,0,29,31,13
9330135,4910,179,303,388,363,289,209,174,214,333,428,418,318,303,318,234,179,114,146,2393,2517,324,1514,465,407,344,266,51,801,40,130,27,16,0,18,0,11,11,0,20,0,20,0,18,0,22,0,336,34,0,0,0,0,34,1
9330140.02,7380,340,440,405,395,315,265,370,505,525,590,560,575,610,565,410,215,140,155,3457,3923,230,3015,407,515,478,359,27,1349,34,144,33,36,20,0,9,17,5,12,48,15,23,0,8,0,43,12,375,95,5,17,7,13,30,-1
9330140.03,4425,195,235,250,260,295,340,275,265,255,305,345,390,345,240,165,110,75,80,2197,2228,160,1662,297,421,332,352,23,747,42,148,21,6,3,3,3,3,8,0,13,0,8,0,13,0,17,8,29,24,8,0,26,8,26,14
9330140.04,5190,275,315,350,350,380,250,335,330,385,465,455,415,340,220,110,90,70,55,2608,2582,224,2060,329,396,340,319,48,902,47,150,6,38,4,14,2,8,18,5,58,10,7,7,5,0,7,12,45,38,10,4,11,14,52,0
9330141.01,8525,365,500,535,550,490,310,315,445,565,710,710,685,650,560,395,245,205,290,3953,4572,384,3949,536,482,384,266,26,1715,49,111,0,30,0,9,43,21,9,0,50,9,13,22,27,0,17,17,178,22,17,0,18,99,22,0
9330141.02,785,25,30,35,25,25,20,30,55,55,60,60,75,60,65,50,40,40,35,338,447,31,379,63,39,41,23,6,160,3,9,1,1,1,1,1,2,2,0,6,2,1,0,0,1,0,1,4,4,0,1,1,1,1,-1
9330142.01,6035,275,310,375,420,355,290,285,350,425,440,520,525,435,435,255,170,85,85,2945,3090,198,2886,560,222,298,185,25,1318,11,49,17,16,0,6,9,12,0,7,41,11,15,0,-1,0,10,15,54,9,0,0,33,0,33,-4
9330142.02,5120,240,250,315,340,350,275,235,245,315,445,480,420,410,320,195,125,85,75,2440,2680,164,2241,498,203,193,182,19,1160,14,73,17,13,3,18,3,11,9,3,12,7,12,7,0,0,5,28,49,33,10,11,72,7,45,-2
9330142.03,6100,225,315,345,390,395,375,335,285,365,470,540,510,430,365,195,165,190,205,2930,3170,2542,1017,0,1525,1017,0,0,0,0,0,0,0,0,0,0,0,0,0,0,0,0,0,0,0,0,0,0,0,0,0,0,0,0,-1
9330143.01,5095,184,264,269,354,324,254,244,269,319,379,398,453,463,433,214,120,80,74,2510,2585,249,2336,599,278,195,167,26,1018,42,94,8,8,0,16,0,0,0,0,28,0,14,0,0,0,0,10,7,0,0,0,0,0,0,0
9330143.02,4685,200,195,235,310,290,310,235,190,245,340,395,385,350,320,180,180,145,180,2215,2470,198,2062,251,405,294,292,46,766,27,155,10,28,13,8,17,8,0,6,27,14,0,0,11,0,0,14,11,0,0,0,0,8,8,6
9330143.03,4785,235,200,260,320,345,325,255,230,275,390,420,345,325,300,210,160,90,100,2280,2505,121,1915,110,537,395,488,98,541,69,264,12,31,4,9,9,13,22,0,38,5,5,0,4,0,7,0,0,36,28,0,8,5,5,6
9330143.04,5665,195,275,345,385,360,320,235,255,365,435,475,460,455,435,260,165,125,120,2672,2993,215,2296,196,725,474,516,102,390,69,425,19,91,11,17,9,15,4,4,16,4,7,3,0,3,3,9,6,9,9,0,20,0,0,-2
9330144.03,2510,115,125,130,160,175,175,165,145,125,195,230,190,175,145,100,80,40,40,1230,1280,73,861,99,301,250,260,41,292,32,127,9,22,1,8,4,6,10,0,19,4,6,0,3,2,4,8,11,15,3,0,14,5,21,-1
9330144.04,5685,210,265,306,366,416,346,286,286,351,436,521,486,341,346,245,185,125,168,2730,2955,180,2004,183,659,568,606,81,741,78,263,29,56,11,21,0,7,7,0,36,7,7,-1,7,8,17,0,49,9,0,0,9,46,0,-3
9330144.05,2815,105,140,145,190,185,210,125,145,170,230,255,215,190,195,115,85,70,45,1360,1455,98,976,116,365,248,278,42,332,43,137,10,42,0,4,4,8,7,0,22,7,10,2,3,3,3,0,20,6,6,0,5,4,16,-2
9330144.06,5445,274,259,279,314,394,364,334,329,329,419,489,419,409,289,199,155,110,80,2682,2763,130,2388,124,839,259,316,0,259,233,591,67,36,0,0,0,0,36,0,0,0,0,0,5,0,0,52,0,31,0,47,0,31,0,1
9330145.01,4410,205,195,180,270,325,300,250,260,230,330,380,395,335,250,185,145,95,80,2152,2258,0,1575,63,643,536,441,32,252,120,592,44,44,0,0,0,0,0,0,0,0,0,0,6,0,0,0,63,0,0,0,0,0,0,-1
9330145.02,3230,120,150,160,195,225,180,160,135,200,250,260,285,275,265,135,105,75,55,1585,1645,371,1328,198,214,234,85,14,517,0,113,0,22,0,0,0,63,0,0,71,0,0,0,0,0,0,0,0,0,0,0,0,0,0,0
9330146,7085,335,340,390,430,485,420,495,470,450,545,610,530,480,410,280,190,135,90,3550,3535,255,2486,143,861,805,658,110,817,99,210,19,78,8,23,17,25,19,11,48,12,21,9,10,7,18,15,61,96,24,9,57,10,36,8
9330147.01,10895,766,530,425,505,741,1006,1071,891,781,866,871,706,646,495,260,170,100,65,5190,5705,495,4595,162,1201,1141,939,93,1345,213,225,21,57,0,0,0,45,0,18,39,0,18,3,0,0,0,60,0,93,0,0,0,0,27,105
9330147.04,5365,185,195,190,250,300,325,340,330,315,385,510,460,385,405,275,225,155,135,2453,2912,194,2010,80,648,613,500,58,655,66,158,34,52,18,8,0,13,0,7,23,11,0,6,1,0,0,0,53,73,31,0,33,11,12,-3
9330147.05,4550,200,180,190,235,345,370,315,290,275,370,400,350,335,295,135,115,75,75,2103,2447,151,1499,100,571,520,449,46,572,87,142,8,19,18,33,6,28,9,6,6,16,13,5,1,0,16,16,32,53,11,0,20,54,41,2
9330147.07,5715,215,130,120,270,540,596,525,340,285,355,440,455,395,315,200,185,180,169,2640,3075,345,2256,124,589,589,437,67,701,87,94,0,44,18,51,0,0,0,0,30,0,51,14,0,23,0,0,115,80,0,0,0,0,0,0
9330147.08,8015,350,290,265,390,670,760,690,495,515,620,730,605,480,420,250,175,160,150,3770,4245,264,3229,187,859,859,504,99,1018,49,123,0,148,25,0,0,0,0,0,60,35,35,4,39,35,0,53,123,109,32,0,0,49,77,0
9330147.09,3940,170,165,200,230,195,210,245,255,305,340,335,295,265,190,135,130,105,170,1740,2200,150,1564,58,420,502,393,45,443,40,88,0,40,12,0,0,0,0,0,30,0,30,-1,-1,0,22,0,52,22,0,0,0,30,0,1
9330148,11400,495,325,325,540,1120,1230,890,640,635,795,780,730,630,665,450,470,370,310,5338,6062,619,4065,177,1820,1273,813,247,1060,0,389,0,265,0,0,0,194,0,0,0,0,124,0,0,0,177,0,177,0,0,0,0,0,0,0
9330149.02,4725,190,210,235,336,336,281,246,235,261,381,421,391,376,296,215,160,85,70,2305,2420,357,1751,160,538,378,323,63,592,67,80,0,46,0,0,0,0,0,0,29,0,29,0,-4,0,42,42,63,84,0,0,29,29,25,2
9330149.05,2180,105,100,100,145,155,145,135,115,140,175,170,210,155,120,70,65,40,35,1068,1112,184,724,56,248,259,172,52,198,57,52,0,28,0,4,4,4,3,9,6,0,6,6,1,0,0,13,32,44,0,0,0,0,0,18
9330149.06,4940,244,259,309,314,319,254,224,249,364,468,443,418,304,279,179,134,115,64,2340,2600,280,1393,145,505,485,485,63,557,63,142,34,67,17,26,0,45,0,39,39,0,0,24,0,0,0,19,121,117,28,73,99,17,58,-1
9330149.07,2665,115,130,165,215,205,195,115,110,145,200,245,200,180,160,95,110,50,30,1290,1375,198,806,63,258,273,216,64,393,49,36,17,18,0,0,6,0,17,0,22,0,15,0,9,10,9,13,70,74,0,11,18,0,0,0
9330149.08,4670,190,250,210,260,250,295,250,300,350,350,350,420,355,335,200,150,80,75,2168,2502,187,1130,131,514,691,462,145,528,98,79,0,37,23,79,33,56,0,0,0,0,0,0,33,0,70,0,0,0,112,107,0,0,107,48
9330149.09,2985,145,140,115,185,225,215,175,175,200,225,250,255,240,165,75,90,60,50,1435,1550,149,1047,147,356,301,285,41,390,23,69,0,25,0,0,0,0,0,0,25,0,0,0,0,0,0,46,46,0,0,0,34,0,0,1
9330150,815,46,46,51,61,56,35,46,35,66,66,91,86,46,35,20,10,15,4,395,420,51,267,21,83,93,72,11,114,4,17,3,3,9,0,0,0,0,0,7,3,8,0,6,16,4,4,6,0,8,0,4,0,0,1
9330151.03,3020,120,115,150,185,225,255,275,230,175,185,245,255,210,155,85,65,60,30,1500,1520,108,1255,42,301,368,226,51,378,29,103,0,27,19,0,0,0,0,4,4,4,12,6,0,0,11,22,11,19,0,0,19,0,0,1
9330151.05,3780,155,160,205,235,250,250,245,230,235,275,280,290,275,205,155,135,95,105,1865,1915,140,1073,93,495,513,366,117,481,77,201,0,65,21,28,28,0,12,0,0,0,0,0,0,0,0,0,0,28,0,0,42,0,0,0
9330151.06,5240,235,250,245,345,395,380,355,320,315,320,435,475,440,275,185,115,90,65,2562,2678,109,2184,81,801,554,404,49,643,68,92,16,30,22,22,0,0,60,30,0,0,0,0,5,0,27,0,0,22,0,0,0,22,0,-1
9330151.07,3570,125,70,70,105,290,386,300,240,165,195,285,240,265,205,130,135,135,229,1690,1880,168,1132,106,373,426,288,36,483,67,132,0,53,0,17,17,0,0,0,41,14,14,0,-2,0,0,0,24,108,24,0,48,0,0,1
9330151.08,10445,591,406,351,451,776,1067,1072,761,571,621,771,861,746,601,280,210,185,124,4970,5475,0,2089,0,1253,2089,1671,0,836,0,0,0,0,0,0,0,0,0,0,0,0,0,0,0,0,0,0,2507,0,0,0,0,0,0,0
9330160.01,4605,185,280,305,345,245,115,125,180,300,375,450,385,360,345,255,180,85,90,2308,2297,283,1289,269,765,326,354,71,581,0,0,0,213,0,0,0,0,0,99,0,0,0,0,0,0,0,0,354,0,0,0,0,0,0,1
9330160.02,6990,245,340,335,365,290,210,260,285,375,490,540,655,610,615,510,360,255,250,3330,3660,358,1994,224,768,735,678,91,811,76,248,0,52,0,19,48,19,24,29,62,29,0,5,5,0,0,48,119,434,67,0,0,0,48,-1
9330160.03,5780,190,284,384,414,309,190,180,199,289,479,499,464,389,394,334,274,190,318,2743,3037,626,1758,268,536,569,420,12,745,89,122,0,39,0,18,24,24,12,45,77,0,24,0,0,30,0,30,164,74,0,0,0,24,51,-1
9330160.04,4030,145,160,170,195,190,140,170,165,200,300,330,360,335,320,270,210,145,225,1877,2153,144,1412,46,501,531,387,77,461,20,91,11,23,0,12,8,17,9,0,29,12,0,11,2,0,0,30,30,61,0,0,53,23,30,-1
9330161.02,5655,275,321,306,351,326,260,275,331,366,411,501,461,406,376,280,190,125,94,2770,2885,427,2163,88,499,626,437,44,799,0,52,34,28,0,28,0,0,0,39,0,0,0,0,0,13,13,26,142,135,31,0,31,0,0,0
9330161.03,6490,286,326,381,456,431,276,256,331,396,466,566,576,471,421,351,210,175,115,3090,3400,344,2199,132,684,576,376,22,657,118,118,16,35,0,16,31,31,16,0,57,22,22,0,16,0,20,0,216,531,59,0,55,18,104,-1
9330161.05,5750,280,330,360,390,360,265,265,305,370,470,470,490,420,300,255,180,105,135,2825,2925,225,1963,115,659,704,547,91,754,115,186,0,54,0,13,0,18,30,8,36,16,27,0,-1,22,0,28,51,37,0,0,53,0,0,-1
9330161.06,4330,165,235,240,250,225,125,150,170,260,310,325,360,340,365,330,210,140,130,2060,2270,89,1158,125,598,656,573,67,569,54,134,20,61,0,13,0,0,6,0,33,7,18,0,1,0,10,10,15,30,0,0,30,11,44,-2
9330161.08,820,25,25,35,40,40,40,35,46,35,40,61,86,96,81,71,35,15,14,415,405,19,203,20,76,108,69,18,98,5,30,1,12,0,4,2,4,4,7,5,2,2,0,4,0,6,2,8,28,18,5,52,0,5,3
9330161.09,2590,70,70,85,110,130,135,110,100,115,160,175,225,195,190,165,120,130,305,1260,1330,62,720,45,270,241,177,36,204,32,74,5,27,0,18,18,23,21,4,6,4,4,16,7,5,5,7,65,104,69,22,247,0,53,-1
9330162.01,5745,225,345,410,435,395,265,260,305,415,405,515,430,415,390,215,150,75,95,2833,2912,210,1899,86,791,626,486,96,737,69,153,0,54,0,20,0,76,64,0,47,0,15,0,20,25,0,0,111,138,0,0,0,0,22,0
9330162.02,6510,284,359,394,504,484,354,344,369,429,449,549,544,429,424,274,140,95,85,3238,3272,170,2672,92,798,692,577,77,778,73,140,8,79,13,13,13,21,15,11,38,11,32,6,7,8,8,16,12,81,0,0,0,32,12,5
9330162.03,7680,440,450,500,565,565,520,525,535,550,505,520,480,420,365,280,220,145,95,3808,3872,221,2911,135,1013,877,729,119,842,124,196,12,82,25,54,7,29,27,11,56,19,19,16,1,0,24,0,36,55,13,0,11,17,0,-1
9330162.04,5755,185,304,404,414,414,255,215,265,379,449,514,539,464,399,260,165,85,45,2850,2905,186,2413,25,639,686,500,74,532,52,210,59,109,0,0,25,25,45,0,84,0,42,0,0,0,25,0,25,0,0,0,0,0,0,-1
9330163.01,5870,380,380,340,360,370,300,455,450,440,445,480,445,350,295,180,100,60,40,2923,2947,211,2196,0,781,811,465,84,756,106,186,0,63,0,0,0,0,30,0,110,0,0,0,30,0,0,0,0,0,0,0,0,42,0,-1
9330163.04,5670,265,325,355,390,440,270,310,325,420,430,500,495,335,335,200,135,85,55,2830,2840,196,2353,124,632,580,547,52,521,65,287,46,0,0,39,0,39,-7,39,0,39,0,-7,59,0,0,0,0,0,0,0,65,0,0,1
9330163.05,5530,260,315,360,395,400,330,375,365,405,425,410,375,335,275,185,155,95,70,2783,2747,180,2083,0,539,776,503,194,424,208,158,0,108,0,0,65,0,122,0,0,0,0,108,-7,0,72,0,0,0,0,0,0,0,0,-3
9330163.06,4330,210,250,275,325,360,260,280,300,330,315,320,270,225,260,145,110,65,30,2150,2180,104,1161,47,561,567,590,80,433,50,169,39,26,0,38,6,26,29,28,31,6,18,6,6,0,36,0,28,53,37,13,51,0,59,32
9330163.07,4890,235,295,350,375,350,270,285,320,350,355,335,335,285,270,185,135,80,80,2410,2480,127,1639,103,658,568,501,78,590,65,163,13,67,5,17,20,20,6,11,47,4,7,11,0,0,5,8,34,40,26,9,10,0,38,0
9330163.08,4035,180,241,296,306,276,226,246,246,256,331,346,311,251,190,125,85,75,48,2035,2000,148,1543,91,502,366,368,76,431,67,193,15,58,8,15,15,8,1,0,27,0,8,0,12,0,0,11,11,49,0,0,11,0,0,1
9330170.03,3920,55,35,50,65,85,115,105,120,145,190,290,345,444,539,434,335,265,303,1640,2280,110,1747,31,450,463,299,38,287,132,164,0,44,0,19,0,25,0,0,41,31,41,-3,0,0,0,0,0,0,0,0,0,0,0,1
9330170.04,5455,140,170,210,314,255,185,210,185,270,329,479,559,494,474,369,304,175,333,2532,2923,149,1942,170,675,590,556,100,650,66,162,17,69,8,23,13,18,0,0,57,7,7,0,4,4,21,6,32,37,25,0,25,0,22,0
9330170.05,2630,35,30,45,55,50,90,115,105,135,125,175,245,281,351,281,210,140,162,1093,1537,55,967,42,334,292,236,44,281,23,120,5,55,0,13,7,7,7,0,17,0,14,8,0,0,0,0,36,16,0,7,23,0,20,1
9330170.07,4125,181,206,216,231,156,176,151,221,272,277,297,317,292,317,191,176,136,312,1860,2265,123,1294,93,514,459,439,88,456,67,160,9,50,5,11,19,29,5,5,33,12,14,11,8,0,16,10,16,82,4,0,30,0,54,9
9330170.08,3825,120,125,140,160,195,150,165,160,225,240,375,384,414,350,260,160,115,87,1850,1975,111,1346,72,568,424,372,69,429,72,136,0,38,3,3,12,12,6,6,19,12,3,13,13,0,22,0,13,28,7,7,0,0,9,0
9330180.01,7630,420,585,565,430,305,315,360,505,625,640,605,470,450,440,330,210,145,230,3570,4060,0,3285,0,636,805,699,360,975,212,678,0,0,0,0,0,0,0,0,0,0,0,0,-21,0,0,0,0,0,0,0,0,0,0,1
9330180.03,8880,530,480,505,530,440,455,520,570,645,660,720,640,650,590,450,255,140,100,4460,4420,332,3688,171,1249,933,637,54,1090,110,175,17,38,0,21,0,21,16,0,65,19,12,0,14,0,17,17,87,79,17,0,0,0,0,1
9330180.04,9550,770,630,515,480,410,590,890,890,880,840,635,560,495,370,230,120,95,150,4513,5037,290,4075,250,1086,1057,766,104,813,197,395,99,128,0,0,0,0,81,0,157,0,0,52,0,0,0,0,0,0,0,0,0,0,0,0
9330181.03,5225,200,295,340,390,295,175,165,195,340,415,440,460,460,400,280,155,110,110,2560,2665,334,2105,73,615,720,566,58,299,70,81,32,81,17,23,23,41,0,17,38,0,38,0,-6,0,0,0,0,0,0,0,0,0,0,0
9330181.05,7760,275,280,290,350,310,275,310,355,415,415,490,535,635,675,540,475,425,710,3447,4313,284,3024,289,1112,762,762,284,644,52,279,0,109,0,0,0,57,0,0,38,0,0,0,-5,71,0,0,0,0,0,0,0,0,0,-2
9330181.07,3585,140,235,230,260,165,100,120,170,225,280,265,345,315,285,205,115,70,60,1740,1845,188,1164,100,409,343,354,69,356,74,126,14,42,5,16,11,15,11,5,26,7,9,8,10,3,6,15,36,59,17,12,41,7,24,3
9330181.08,2530,89,159,159,179,129,75,75,124,149,209,234,204,234,209,124,65,65,48,1245,1285,38,728,38,280,326,360,61,288,46,111,0,42,19,31,0,19,19,0,0,0,0,42,4,0,0,0,0,46,31,0,0,0,0,1
9330181.09,6185,170,310,405,560,350,170,105,195,365,530,575,515,460,470,315,250,170,270,2953,3232,199,1719,238,728,600,715,138,559,156,279,30,84,7,34,14,34,26,10,52,0,21,16,16,0,0,78,50,89,61,14,112,44,62,0
9330181.1,5245,155,220,300,390,275,150,135,155,345,410,425,410,395,405,365,275,225,210,2417,2828,230,1192,223,599,572,582,119,639,91,241,42,85,12,26,20,20,25,11,35,11,28,8,18,16,0,64,54,136,12,27,55,11,44,-3
9330181.11,2570,60,69,94,154,129,114,129,109,134,159,184,164,218,169,193,164,149,178,1108,1462,107,619,84,249,232,230,63,210,43,93,10,26,2,23,17,21,10,5,17,10,19,12,8,4,3,39,43,179,27,10,67,15,67,6
9330181.12,2790,85,160,175,215,185,100,60,95,210,265,250,210,225,205,165,100,55,30,1357,1433,89,734,39,242,195,155,39,184,47,73,11,34,0,11,8,8,7,7,16,7,10,18,18,0,24,57,81,156,41,75,319,16,68,1
9330181.13,3665,125,165,185,205,180,115,105,160,215,280,245,265,275,325,295,230,165,130,1723,1942,124,1017,120,358,318,274,60,402,67,133,8,32,5,24,17,23,15,3,39,17,13,19,22,0,10,43,73,95,79,45,123,0,89,-2
9330181.14,3755,140,185,200,225,160,150,190,200,255,275,280,235,235,245,215,195,155,215,1700,2055,168,773,194,387,354,324,57,401,68,139,9,27,6,21,11,21,19,10,30,0,18,11,27,9,5,21,109,230,64,78,135,0,29,0
9330181.15,120,5,5,5,5,10,10,5,5,10,5,15,10,5,10,10,0,5,0,60,60,3,36,2,14,12,14,2,12,3,5,0,1,0,0,0,1,0,0,1,0,0,0,0,0,0,1,1,3,1,1,2,0,1,4
9330181.16,5330,205,240,270,260,255,140,175,240,310,350,385,425,465,465,345,265,235,300,2573,2757,296,1797,67,600,523,523,125,573,57,162,11,109,11,22,25,33,14,0,44,8,8,7,33,11,17,11,91,86,0,0,24,39,0,3
9330182.01,5200,230,260,275,325,325,335,280,315,320,345,450,415,375,335,260,180,95,80,2660,2540,272,1743,85,679,581,555,81,476,83,274,0,39,26,52,0,0,41,15,28,0,15,13,0,0,22,0,33,0,0,0,50,0,37,0
9330182.02,6950,496,621,636,511,371,345,456,581,696,611,516,310,290,195,145,100,50,20,3420,3530,426,2256,187,901,665,709,116,718,140,208,20,76,8,12,8,8,-1,0,45,0,32,8,24,21,20,24,154,47,12,12,33,0,38,23
9330182.03,3965,161,221,221,291,312,236,176,216,256,271,332,357,266,241,176,111,70,51,1982,1983,142,1227,116,469,370,388,107,475,63,172,15,58,0,16,14,16,-1,0,20,9,5,0,15,13,0,0,30,17,70,8,39,30,64,-2
9330182.04,1780,60,85,115,140,130,95,85,75,105,140,160,179,150,120,70,40,20,11,903,877,65,639,56,192,169,166,27,192,34,57,11,15,1,2,14,4,4,3,17,3,4,2,9,0,2,2,31,24,3,6,14,2,8,2
9330182.05,7395,340,414,439,449,469,389,419,454,464,559,544,544,499,469,384,270,165,124,3625,3770,326,2579,247,867,780,696,83,727,203,280,35,89,0,32,15,21,0,0,103,0,23,36,9,0,15,15,15,61,23,23,14,52,26,0
9330182.06,1170,35,45,65,80,90,65,45,50,70,90,129,115,80,80,50,40,25,16,613,557,59,448,30,135,105,105,30,105,18,29,0,14,0,3,3,5,0,3,6,0,0,0,3,0,0,0,12,40,0,0,0,0,5,12
9330183.03,6180,314,344,339,339,359,404,439,384,389,414,504,509,424,334,240,160,125,159,2997,3183,4479,575,50,295,110,150,0,280,50,50,-5,0,0,0,0,0,0,0,0,0,0,45,0,0,0,0,50,0,0,0,0,0,50,1
9330183.05,11295,805,975,910,790,580,540,805,945,995,940,835,635,495,390,270,180,115,90,5470,5825,629,4233,305,1300,1033,1200,287,1070,238,331,20,104,35,65,24,24,37,18,89,31,31,2,13,0,0,28,37,50,17,0,13,0,13,18
9330183.06,2370,145,135,115,120,135,160,205,185,150,155,210,175,160,130,65,50,40,35,1170,1200,63,962,56,277,253,267,47,245,24,59,34,21,13,8,0,0,0,13,8,0,0,0,0,0,0,0,21,0,0,0,0,0,0,-1
9330183.07,6695,295,404,389,409,384,325,369,389,404,454,569,564,549,399,320,200,135,137,3317,3378,411,2496,140,750,680,656,126,640,123,228,29,80,4,17,24,33,24,12,46,10,5,5,10,10,25,7,24,42,7,0,10,6,5,10
9330183.08,8255,779,694,370,380,489,824,1084,909,659,509,429,380,275,230,115,65,50,14,4087,4168,205,2668,265,869,918,852,145,1004,164,328,9,207,0,41,9,9,46,16,43,16,16,16,24,0,0,0,79,87,0,0,121,22,77,-1
9330183.09,12265,1115,940,740,730,765,1075,1374,1210,1010,840,735,540,410,320,225,110,50,76,6045,6220,670,4035,339,1414,1169,1463,235,1385,309,514,22,212,34,56,0,127,22,22,56,0,45,48,-4,0,0,0,0,56,0,0,0,0,0,36
9330184.02,7950,395,480,470,445,445,435,525,565,535,540,645,635,485,470,290,235,165,190,3818,4132,263,2852,272,1042,801,830,155,793,201,257,31,74,17,47,24,35,24,0,59,21,9,7,9,0,25,8,0,35,8,0,35,0,7,9
9330184.06,10900,725,780,740,715,760,945,965,965,770,675,600,565,495,485,340,195,115,65,5487,5413,589,3908,227,1347,989,1156,260,1102,312,371,27,111,16,45,8,49,7,25,71,0,21,60,-1,0,0,55,68,41,0,0,21,0,0,15
9330184.07,5505,295,350,300,350,300,325,335,360,345,355,320,295,355,310,285,230,195,200,2602,2903,4823,136,73,63,84,84,0,157,0,0,0,0,0,0,0,0,0,0,84,0,0,0,0,0,0,0,0,0,0,0,0,0,0,1
9330184.08,5540,395,390,355,400,405,370,455,445,405,330,385,320,330,240,125,90,65,35,2715,2825,256,2451,101,686,490,501,86,372,177,151,17,54,11,15,15,18,0,0,32,0,0,0,11,0,0,0,21,12,0,12,35,17,0,-1
9330184.09,4740,260,325,310,335,360,305,345,325,330,330,315,345,295,230,160,85,55,30,2393,2347,130,2435,87,704,261,287,0,209,191,78,0,148,0,43,0,0,104,0,61,0,0,0,0,0,0,0,0,0,0,0,0,0,0,2
9330184.1,5190,245,285,390,395,430,365,320,345,360,370,375,355,305,240,145,135,75,55,2572,2618,294,2393,0,677,398,515,96,449,213,88,66,0,0,0,0,0,0,0,0,0,0,0,0,0,0,0,0,0,0,0,0,0,0,1
9330184.11,9575,565,600,585,695,700,690,740,725,650,675,660,650,535,465,285,190,95,70,4808,4767,349,3553,342,1348,873,1265,147,706,276,339,35,56,70,28,0,28,0,0,0,84,0,0,21,0,0,0,0,28,0,0,0,0,28,-1
9330184.12,8365,685,665,510,535,510,615,839,835,745,590,455,345,295,260,205,105,85,86,4095,4270,205,3422,117,1187,725,872,152,720,158,386,0,111,0,0,0,70,0,0,70,0,0,0,-6,0,0,0,0,0,70,0,47,0,0,59
9330184.13,5665,345,310,320,350,420,495,540,430,435,425,405,320,290,220,140,100,70,50,3045,2620,302,3786,157,35,126,74,3,978,6,26,17,18,1,7,2,3,3,1,23,7,6,2,4,0,6,10,30,10,4,0,9,3,7,-1
9330184.14,8940,820,765,655,460,410,545,840,935,915,705,505,430,380,260,165,85,40,25,4398,4542,408,5760,258,120,151,212,14,1646,0,45,16,35,0,17,0,0,0,19,29,47,0,0,-2,0,0,19,107,39,0,0,0,0,0,0
9330184.15,3365,150,196,181,211,276,226,221,241,186,206,246,261,236,201,110,120,50,47,1695,1670,186,2123,86,34,85,42,1,570,0,16,22,13,0,0,0,0,8,0,9,13,9,-1,8,0,10,10,60,22,22,0,5,0,11,1
9330184.16,5860,360,365,365,395,410,430,450,445,385,385,420,410,350,310,170,110,65,35,2990,2870,263,3752,112,20,103,55,8,1218,9,18,10,21,0,6,13,0,5,6,13,6,6,1,9,0,14,9,54,14,36,0,58,0,10,11
9330185.05,5940,374,374,394,464,509,444,444,409,364,394,394,379,304,240,190,130,75,58,2933,3007,323,3902,166,40,155,71,-1,1119,0,28,12,23,0,28,0,0,0,0,12,0,0,0,0,0,0,0,34,9,0,0,18,0,0,1
9330185.07,9630,561,631,606,771,731,686,726,726,706,636,636,606,501,431,295,200,80,101,4855,4775,405,5869,298,63,285,139,0,1976,0,34,0,24,0,0,0,0,0,0,34,47,0,0,0,0,26,52,157,131,39,0,26,0,26,-1
9330185.08,1480,60,65,80,90,115,100,80,50,75,100,115,159,115,100,80,45,35,16,742,738,72,813,35,10,38,30,0,333,0,14,6,5,2,2,4,3,2,2,11,0,2,3,0,0,0,4,69,0,0,0,15,0,6,-1
9330185.09,5125,314,309,284,339,334,349,429,409,379,369,339,314,289,219,199,115,75,60,2493,2632,364,3100,172,29,154,94,0,952,11,17,10,38,0,0,0,0,0,10,20,0,15,0,0,0,0,14,98,14,0,0,0,0,14,-1
9330185.1,5895,405,455,425,440,445,455,495,460,385,380,340,260,305,225,160,140,75,45,2980,2915,432,3457,135,53,147,88,0,1174,0,44,23,53,0,24,17,0,0,0,36,12,12,0,14,0,15,38,106,0,0,15,0,0,0,0
9330185.11,7840,514,514,554,554,539,544,624,549,534,504,499,414,380,345,300,220,130,122,3868,3972,427,5313,126,43,173,98,0,1326,33,20,25,0,0,0,0,0,0,0,35,18,18,-3,23,0,0,63,63,20,20,0,0,0,0,-1
9330185.12,6775,360,425,480,545,460,470,485,455,490,485,445,435,435,360,205,130,50,60,3462,3313,359,4547,271,56,138,143,0,1080,0,19,26,15,8,0,0,8,9,0,35,15,0,10,0,0,0,0,0,0,0,0,11,0,23,2
9330185.15,5865,345,410,345,345,440,440,445,465,425,350,365,365,345,300,205,145,75,55,2998,2867,306,4071,175,47,113,36,0,902,14,14,-1,13,0,0,0,0,13,0,23,0,11,0,20,0,0,21,43,13,13,0,9,9,1,-1
9330185.16,4965,290,350,310,375,435,325,435,380,345,310,310,270,245,235,155,90,50,55,2550,2415,208,3258,141,43,100,73,11,883,0,62,9,0,0,6,6,0,14,0,37,0,8,0,31,0,10,30,10,12,0,0,0,0,12,1
9330185.17,3520,130,155,165,175,220,175,155,175,205,210,265,320,300,340,220,155,75,80,1735,1785,153,2317,146,22,92,31,0,574,0,23,15,14,0,24,0,0,0,0,11,0,0,17,0,0,0,11,49,22,0,0,0,0,0,-1
9330185.18,5295,300,320,340,370,380,365,405,390,385,345,325,315,375,265,185,110,60,60,2663,2632,250,3565,132,44,148,74,12,922,6,35,6,8,0,15,0,11,0,0,11,0,0,0,6,0,6,0,19,0,0,0,12,0,15,-2
9330185.19,5975,400,405,345,405,440,455,570,535,405,430,405,320,250,250,180,95,55,30,2905,3070,343,4040,236,35,134,80,6,942,0,18,21,6,0,5,5,0,6,0,22,5,5,5,-1,0,14,0,35,14,0,0,0,0,0,-1
9330185.2,5165,310,360,380,450,435,385,395,415,440,385,295,240,215,165,130,90,40,35,2590,2575,229,3221,378,53,132,84,0,914,0,69,0,12,0,0,0,0,12,0,0,0,0,25,0,0,0,0,0,18,0,0,0,0,18,0
9330185.21,3845,244,259,239,254,254,244,289,289,234,244,224,214,189,204,174,139,80,71,1875,1970,195,2554,134,9,120,47,0,709,7,7,0,19,0,0,0,0,0,0,0,0,19,0,-1,0,10,0,0,0,0,0,0,0,15,1
9330185.22,3775,246,271,236,287,347,292,297,271,266,226,181,191,191,161,116,101,60,35,1940,1835,118,2713,123,50,88,15,0,602,0,15,0,0,0,10,0,10,0,0,10,0,0,0,0,0,11,0,0,0,0,0,11,0,0,-1
9330186.01,7495,404,439,424,479,549,559,644,544,509,519,559,544,429,365,180,160,105,83,3850,3645,383,4999,206,71,202,88,0,1257,0,28,27,7,0,13,0,0,12,0,34,6,9,7,7,0,8,21,42,8,0,0,39,11,0,10
9330186.02,6105,316,361,331,366,526,466,431,411,376,426,461,451,376,301,211,145,100,50,3150,2955,166,4309,249,39,188,77,-6,928,0,0,50,0,0,0,0,0,0,0,50,0,0,0,0,0,0,0,0,0,0,0,0,0,55,0
9330186.05,7595,430,485,510,590,580,540,575,565,505,530,480,440,430,360,250,155,115,55,3803,3792,396,5048,174,38,114,101,-3,1348,0,0,28,0,0,0,0,0,28,0,82,35,0,0,0,0,0,32,111,0,0,0,38,0,25,0
9330186.06,4205,244,294,284,309,294,329,344,319,279,249,284,229,229,189,149,85,50,45,2135,2070,232,2771,156,30,91,30,2,780,0,22,20,0,0,0,0,0,0,0,0,0,0,17,0,0,0,37,19,0,0,0,0,0,0,-2
9330186.07,5880,355,380,380,430,495,485,455,425,405,335,365,340,315,260,200,110,80,65,3000,2880,362,4002,161,36,93,118,0,915,23,19,25,12,0,5,5,0,1,0,51,0,8,0,8,0,0,18,18,0,0,0,0,0,0,0
9330186.08,6650,400,440,445,475,540,515,495,470,475,465,435,410,355,275,220,125,70,40,3317,3333,224,4750,75,26,134,52,0,1244,0,37,0,52,0,0,0,0,0,0,52,0,0,0,4,0,0,0,0,0,0,0,0,0,0,0
9330187.03,7770,465,480,465,525,585,555,550,535,505,530,595,535,495,415,235,125,90,85,3920,3850,462,4996,167,44,288,128,0,1521,0,72,0,0,0,0,0,36,0,0,36,0,23,0,-3,0,0,0,0,0,0,0,0,0,0,0
9330187.04,1710,90,110,95,120,130,125,125,140,105,115,120,125,100,95,40,35,30,10,870,840,88,1222,33,0,16,27,0,286,0,0,6,0,0,6,0,0,0,0,7,7,3,0,3,0,0,4,0,0,0,0,0,0,0,2
9330187.05,7420,439,489,484,494,554,549,549,519,524,454,474,439,404,359,279,200,115,95,3682,3738,538,4968,224,23,147,71,0,1279,29,19,39,14,0,10,0,0,0,0,27,0,22,0,-1,0,0,0,11,0,0,0,0,0,0,0
9330187.06,6970,240,330,446,511,571,361,335,335,391,526,531,531,411,320,210,245,275,401,3360,3610,428,4590,292,75,131,50,0,1238,0,0,45,0,0,0,0,0,45,0,0,0,0,0,0,0,0,0,0,75,0,0,0,0,0,1
9330187.07,2015,85,130,105,150,160,135,80,110,135,150,195,185,140,100,65,30,25,35,1018,997,179,1405,15,0,53,40,0,294,0,18,0,0,0,0,0,0,0,9,0,0,0,0,0,0,0,0,0,0,0,0,0,0,0,2
9330187.11,6575,435,490,440,435,410,445,520,535,565,515,490,395,310,230,165,90,70,35,3252,3323,421,4182,165,23,133,101,0,1286,18,23,17,11,0,0,0,0,0,0,50,0,13,0,-1,0,0,57,0,14,0,0,18,45,0,-1
9330187.12,4250,170,214,249,274,334,234,219,239,249,344,359,319,294,219,185,145,95,108,2073,2177,194,2989,51,10,126,62,7,697,18,21,11,11,0,0,0,0,0,0,7,0,0,0,0,0,17,13,8,0,0,0,0,0,8,0
9330187.13,3915,210,260,240,285,270,250,275,275,275,305,270,275,225,185,120,115,40,40,1960,1955,313,2523,148,19,99,53,0,673,8,12,16,0,0,9,0,0,0,0,17,0,0,0,0,0,0,0,10,0,0,0,8,0,7,0
9330187.14,3820,220,245,230,205,145,145,190,270,285,280,265,205,190,215,170,160,150,250,1705,2115,196,2666,116,21,119,35,0,535,0,8,0,23,0,0,0,0,8,0,23,0,18,0,-2,0,0,9,0,22,0,0,0,9,17,-3
9330187.15,4075,160,235,300,295,245,205,190,255,300,365,310,270,235,215,165,125,75,130,1978,2097,199,2923,84,34,62,18,0,644,0,26,0,0,6,10,0,10,7,0,7,7,0,0,6,0,0,8,0,24,0,0,0,0,0,0
9330187.16,3080,140,210,230,250,210,155,165,180,230,260,260,235,180,135,95,70,35,40,1538,1542,142,2107,95,16,74,26,3,524,0,21,12,12,0,4,0,4,0,0,8,3,0,3,0,0,4,4,4,3,3,0,3,0,0,5
9330188.01,3090,140,210,230,260,215,180,155,160,260,240,305,240,180,135,85,45,30,20,1552,1538,130,2093,70,17,64,41,3,556,5,14,12,34,0,4,0,4,0,0,14,0,4,0,4,0,8,0,4,5,0,0,0,0,7,-3
9330188.02,3035,135,200,215,275,240,175,145,195,200,250,309,235,155,105,80,55,35,31,1500,1535,162,2050,68,12,48,45,13,504,0,26,0,13,0,0,0,0,8,0,13,8,21,1,1,0,0,0,0,10,0,0,0,22,9,1
9330188.04,3995,170,225,295,300,335,265,245,250,250,310,335,305,270,175,115,75,50,25,1993,2002,180,2813,95,22,70,50,1,634,4,28,9,34,0,0,0,0,5,0,11,14,5,0,7,0,5,0,8,0,0,0,0,0,0,0
9330188.05,2730,130,171,206,226,221,151,125,151,196,216,216,201,171,130,105,55,35,24,1350,1380,123,1960,46,0,37,27,11,449,0,0,7,24,0,0,0,0,0,8,23,0,0,0,0,0,8,0,8,0,0,0,0,0,0,-1
9330188.06,1485,91,112,91,101,101,91,117,101,112,122,106,106,71,61,51,25,15,11,742,743,136,985,27,5,30,15,0,254,0,0,10,8,0,0,0,0,0,0,8,0,0,0,-1,0,0,0,0,9,0,0,0,0,0,-1
9330188.07,4310,185,290,275,370,370,210,200,180,310,400,400,380,245,205,125,90,45,30,2168,2142,238,3158,40,36,107,36,0,401,0,0,151,0,0,0,0,0,32,0,52,0,24,0,-4,0,40,0,0,0,0,0,0,0,0,-1
9330188.08,3840,145,205,255,375,310,170,145,170,285,345,420,330,225,150,110,95,70,35,1915,1925,512,2414,73,0,66,132,0,446,0,88,37,0,0,0,0,0,0,0,0,73,0,0,0,0,0,0,0,0,0,0,0,0,0,-1
9330189.03,3390,174,189,194,224,244,234,224,219,214,269,339,289,174,124,110,80,45,44,1733,1657,146,2441,49,13,39,43,-1,629,0,5,5,0,0,0,0,0,0,0,0,11,0,0,-1,0,0,11,0,0,0,0,0,0,0,0
9330189.05,8245,365,395,370,436,426,516,506,516,501,571,666,681,611,606,385,295,210,189,3915,4330,585,5952,195,0,342,0,0,868,0,0,0,0,0,0,0,0,0,0,205,98,0,0,0,0,0,0,0,0,0,0,0,0,0,0
9330189.06,3225,175,170,200,235,255,225,240,205,210,225,285,260,190,140,85,55,40,30,1630,1595,309,2333,51,10,10,10,3,497,0,0,0,0,0,0,0,0,0,0,0,0,0,0,0,0,0,0,0,0,0,0,0,0,0,2
9330189.07,3400,190,190,220,220,250,255,285,265,230,225,285,240,185,140,95,65,30,30,1655,1745,96,2011,90,30,106,41,4,702,3,31,20,5,2,6,3,3,7,3,26,8,13,7,4,1,13,36,75,20,3,3,12,1,15,0
9330189.08,7065,460,505,450,445,505,520,600,525,510,540,495,475,400,260,155,120,65,35,3470,3595,157,3234,254,87,274,101,19,1895,22,131,55,0,8,19,8,0,31,11,98,11,49,22,11,0,48,102,239,75,20,0,34,14,34,2
9330189.09,4485,209,219,224,353,338,288,273,264,273,343,448,338,308,264,139,80,65,59,2233,2252,113,1884,182,81,176,74,0,1271,16,53,56,9,0,43,0,0,0,0,63,9,27,0,0,0,11,86,178,57,15,0,48,0,34,-1
9330189.1,6750,354,404,439,569,504,394,459,469,519,559,599,499,325,270,150,120,70,47,3225,3525,210,3764,210,118,349,67,-4,1649,0,34,0,0,0,34,55,0,0,0,42,0,29,0,4,0,42,42,63,0,0,0,0,42,0,0
9330190.01,9000,509,339,279,384,708,958,878,664,514,634,644,644,459,364,264,229,205,324,4525,4475,180,4182,222,126,292,117,12,2535,20,133,96,9,0,31,19,27,52,12,137,34,42,0,22,0,17,135,292,138,35,0,35,0,46,2
9330190.03,6895,380,370,410,455,570,560,575,475,500,520,590,440,325,255,155,120,105,90,3460,3435,192,3256,287,96,536,192,0,1685,0,211,0,77,0,0,0,0,0,0,0,0,0,77,0,0,96,96,0,0,48,0,0,0,48,-2
9330190.04,6985,325,415,380,495,520,485,405,345,455,530,650,645,450,310,225,155,110,85,3580,3405,139,2963,264,129,346,134,26,1956,11,95,139,26,0,15,15,0,16,36,102,11,36,34,33,0,41,115,180,92,15,0,7,0,8,1
9330190.05,1795,96,116,101,121,146,121,141,126,131,126,126,146,101,70,45,50,20,12,923,872,46,771,51,26,72,38,3,489,6,31,21,7,3,5,10,3,0,6,34,7,8,0,3,0,14,29,71,15,0,0,15,0,9,2
9330191.03,5620,305,370,370,380,475,415,385,365,395,365,405,385,330,255,165,120,75,60,2915,2705,254,2897,189,66,174,123,15,1173,0,83,49,17,0,0,23,0,47,32,38,15,23,32,0,0,0,21,148,51,0,40,0,0,110,0
9330191.04,6925,335,265,270,350,610,741,680,505,440,485,565,495,420,330,180,130,65,59,3615,3310,278,3584,255,84,298,68,-4,1746,0,52,52,0,0,0,0,68,0,0,60,0,44,0,0,0,60,99,119,0,32,0,32,0,0,-2
9330191.05,4040,220,220,225,285,350,320,270,220,245,285,380,345,230,150,115,85,50,45,2063,1977,144,2067,189,40,101,96,0,846,0,77,22,13,0,40,0,0,0,0,13,24,42,0,-2,0,24,88,80,96,0,0,0,11,29,0
9330191.06,2700,141,116,86,101,167,212,257,202,177,182,212,207,161,116,81,71,71,140,1335,1365,139,1357,90,28,97,43,0,658,5,28,17,0,0,0,0,7,15,0,19,0,6,7,0,0,26,9,65,9,0,17,8,0,50,0
9330191.07,3935,200,140,105,140,335,495,475,335,290,300,295,225,220,170,80,60,45,25,2065,1870,210,1944,198,60,156,82,0,895,16,48,0,16,16,0,0,0,48,0,36,14,0,14,0,0,0,70,90,20,0,0,0,0,0,2
9330192,4195,201,226,216,261,321,291,296,301,256,341,376,351,271,211,125,75,45,31,2235,1960,159,2003,178,46,159,46,1,948,0,55,20,12,0,38,0,16,10,0,48,22,42,10,12,0,14,29,174,23,20,41,0,17,51,1
9330200,8725,646,551,451,466,501,636,781,871,731,781,656,526,380,300,200,135,65,48,4320,4405,425,3670,455,170,285,65,0,1915,0,80,95,60,0,0,0,0,40,35,50,0,215,65,0,0,0,550,250,0,0,75,80,0,95,50
9330201,1750,70,80,90,130,150,110,110,100,105,155,170,130,115,100,40,35,40,20,900,850,58,737,63,36,68,44,10,477,5,44,10,10,0,9,4,0,0,5,36,0,12,4,6,0,0,44,20,0,0,6,29,0,13,0
9330202,8955,325,265,195,265,736,941,931,661,591,621,671,716,581,536,355,235,190,140,4305,4650,306,4024,291,176,351,169,29,2474,29,183,29,14,22,59,0,0,22,13,83,23,65,65,16,18,63,126,81,120,0,0,36,0,68,0
9330203,4840,225,270,295,315,340,305,300,355,320,405,410,390,310,265,110,90,70,65,2412,2428,156,1922,186,103,232,120,53,1265,15,55,55,44,13,52,26,26,2,0,96,22,37,0,13,0,0,83,101,52,0,17,79,0,17,-2
9330204.01,4535,205,170,145,155,300,430,500,350,340,390,400,355,275,205,125,90,50,50,2202,2333,0,1855,0,0,618,0,0,1072,0,0,289,0,0,0,0,0,0,0,289,0,0,0,0,0,0,0,412,0,0,0,0,0,0,0
9330204.02,5355,230,230,220,255,355,420,450,390,360,445,485,455,335,300,170,105,80,70,2690,2665,350,2208,92,96,169,107,0,1491,18,66,88,0,0,0,52,33,0,22,88,55,44,4,4,0,0,92,129,0,0,37,48,0,63,-1
9330205.01,4325,190,145,110,140,300,461,461,360,305,335,325,320,295,210,140,100,65,63,2177,2148,189,1800,143,58,173,86,0,1196,8,51,77,15,8,12,12,12,11,19,63,24,49,0,15,0,27,74,101,45,0,0,15,0,42,0
9330205.02,5555,155,145,135,195,270,325,295,310,305,390,455,415,415,405,345,295,285,415,2565,2990,188,2221,234,86,207,107,0,1263,0,92,31,0,17,0,0,0,33,0,81,17,40,1,0,0,63,70,445,85,29,63,35,0,149,-2
9330206,3070,130,60,35,50,225,440,475,320,250,235,215,205,185,120,65,35,10,15,1565,1505,99,1361,171,41,186,37,9,701,0,46,26,12,0,0,0,0,0,0,26,0,20,14,11,15,30,30,107,46,0,0,37,0,47,-2
9330207,2445,55,55,35,50,160,384,334,230,175,180,200,185,145,110,65,35,25,22,1310,1135,72,1133,125,35,78,41,0,638,0,32,14,7,0,15,0,0,0,0,26,0,13,14,0,0,18,18,50,9,9,10,21,7,61,-1
9330208,6215,265,300,355,375,360,365,320,350,385,500,560,540,455,335,275,175,125,175,2985,3230,280,2991,187,0,243,75,0,1187,0,0,121,75,0,75,0,0,0,0,84,56,56,0,84,0,0,234,93,0,0,103,131,0,140,0
9330209,9355,430,400,340,435,521,596,681,661,561,691,751,726,711,596,410,300,235,310,4430,4925,299,4870,256,68,273,205,0,2230,0,179,0,0,0,0,34,0,43,0,137,43,68,9,0,0,0,171,299,0,0,0,85,0,85,1
9330210,5875,320,285,235,295,375,450,555,500,455,435,460,440,325,255,175,110,75,130,2915,2960,105,2532,406,119,231,84,0,1504,0,84,0,0,0,42,63,42,0,35,77,0,35,28,0,0,0,140,245,105,0,0,0,0,0,-2
9330220,1360,85,80,70,100,70,90,105,100,100,115,100,110,80,75,30,35,15,0,735,625,62,649,71,14,51,19,0,268,2,12,6,6,0,0,5,0,9,3,14,3,9,3,3,0,17,26,75,6,4,21,0,0,0,2
9330221.01,1775,94,94,69,94,104,124,104,114,129,114,154,149,139,99,79,40,45,30,885,890,73,863,72,21,77,49,0,425,0,21,31,0,7,0,19,0,0,0,19,9,9,-1,0,0,37,18,11,0,0,0,0,0,15,0
9330221.03,3660,145,165,185,225,280,270,245,215,180,260,310,320,255,200,145,100,85,75,1780,1880,127,1625,222,51,147,92,22,883,0,54,53,14,0,0,0,0,14,10,32,15,10,12,-2,0,25,127,93,0,0,0,17,0,0,17
9330221.04,5455,210,230,215,330,465,480,350,305,310,380,395,380,350,290,210,175,165,215,2657,2798,268,2675,336,85,244,72,0,1252,22,22,22,32,0,0,0,16,16,16,34,0,66,0,0,0,0,79,159,0,0,0,0,0,40,-1
9330222.01,7560,411,350,330,436,646,641,601,581,516,521,636,516,491,340,210,140,110,84,3615,3945,598,3318,270,97,326,118,0,2021,0,114,65,41,0,24,12,0,12,0,85,51,16,2,16,51,20,30,111,18,0,39,59,0,47,-1
9330222.02,5770,330,245,200,190,275,400,555,530,465,440,460,465,390,310,205,140,95,75,2685,3085,145,2950,365,73,155,60,2,1094,0,37,31,0,0,0,0,0,0,10,19,10,10,19,37,0,39,97,319,0,85,114,0,0,101,-2
9330223.01,7965,420,370,395,465,710,841,765,600,565,630,645,525,380,250,180,110,65,49,3797,4168,223,4679,195,39,212,78,39,1888,0,72,0,50,0,0,0,0,72,0,84,0,61,0,50,0,0,0,111,0,0,0,33,0,78,1
9330223.02,4650,246,281,266,316,391,356,366,346,321,341,371,341,251,200,115,65,40,37,2355,2295,257,2379,162,44,136,68,1,915,0,63,42,0,9,17,22,0,0,0,17,9,35,30,9,0,38,82,131,95,0,37,0,0,54,-2
9330224.01,6610,315,265,170,240,406,646,631,581,491,481,501,426,401,325,225,170,130,206,3195,3415,175,3549,149,40,229,107,0,1444,0,32,27,0,22,22,0,0,37,13,70,0,48,48,-2,0,17,50,334,149,0,0,22,0,30,-2
9330224.02,4935,255,205,155,180,350,405,395,320,265,260,275,290,320,275,225,225,200,335,2352,2583,193,2751,128,27,155,45,0,956,7,51,22,0,0,4,10,8,6,6,46,6,16,39,0,0,23,142,138,91,8,0,24,0,32,1
9330225.01,5845,280,311,285,371,401,466,406,351,376,426,471,416,366,326,195,170,120,108,2842,3003,160,3110,272,45,234,67,0,1297,19,19,21,0,0,16,0,16,3,21,53,21,32,0,0,0,40,160,133,0,0,24,51,0,32,-1
9330225.02,6215,379,250,185,245,434,629,664,534,429,429,464,389,324,285,145,160,90,180,2965,3250,278,3056,193,122,190,106,14,1487,15,80,79,0,7,0,7,7,11,16,95,16,37,1,28,0,25,111,126,48,0,10,33,7,7,3
9330226.02,3920,145,140,160,225,370,345,230,210,230,280,340,290,270,210,195,115,100,65,2000,1920,108,1991,120,29,97,80,1,802,0,52,52,11,0,0,0,11,0,0,32,9,28,10,9,0,45,63,284,23,0,50,0,0,14,-1
9330226.03,7640,330,245,210,350,846,791,720,470,475,495,530,405,405,405,270,255,210,228,3635,4005,306,3350,391,74,127,82,0,1277,0,57,0,0,0,0,0,0,19,0,25,0,106,114,0,0,74,444,951,32,53,74,25,0,59,0
9330226.04,2600,150,110,90,115,200,274,269,215,255,170,180,170,115,90,65,55,50,27,1295,1305,128,1410,54,15,88,39,9,420,0,30,9,9,0,0,0,6,0,0,15,5,5,-1,1,0,27,50,194,19,0,0,15,0,43,10
9330227.01,5290,270,205,155,280,640,780,595,480,375,350,330,250,210,145,95,55,45,30,2555,2735,150,3194,121,53,136,50,10,1162,17,57,22,0,0,3,3,3,10,5,10,10,12,14,10,0,0,24,140,10,0,0,28,0,30,6
9330227.02,5180,206,150,115,135,261,466,446,336,326,361,436,441,346,311,251,231,191,171,2455,2725,107,3092,169,27,174,62,0,1000,0,38,26,0,5,0,9,9,0,0,38,31,23,24,0,0,21,34,227,9,0,0,16,0,39,0
9330228.02,3735,170,175,195,245,325,310,235,215,230,255,270,280,240,170,160,105,75,80,1883,1852,111,2322,65,13,126,25,0,746,0,33,56,0,0,7,0,0,16,0,16,30,0,36,0,0,19,71,0,0,0,0,13,0,31,-1
9330228.03,4570,196,151,131,196,417,553,422,337,312,332,317,271,246,206,136,146,111,90,2245,2325,127,2588,164,53,168,48,15,824,4,33,13,6,4,9,9,0,26,0,31,10,24,4,0,0,39,97,134,65,5,0,35,6,30,-1
9330228.04,5730,255,250,205,280,376,441,416,391,406,466,436,376,361,316,235,180,150,190,2680,3050,120,3206,160,184,72,0,0,1234,0,160,0,0,0,128,0,0,64,0,128,0,0,0,-8,0,0,0,160,48,0,0,32,0,40,2
9330229,7135,334,289,284,404,484,469,499,484,419,474,584,514,444,394,309,264,225,261,3403,3732,153,4403,79,35,204,91,0,1425,5,52,50,15,0,7,0,13,13,10,37,25,27,17,15,0,17,133,203,47,10,0,19,0,31,-1
9330230.01,5405,210,250,300,345,385,355,235,255,310,405,495,455,400,350,245,195,130,85,2612,2793,142,3644,142,28,247,130,0,830,0,77,40,0,0,0,0,0,0,0,53,0,32,0,0,0,40,0,0,0,0,0,0,0,0,0
9330230.02,5115,220,215,265,300,385,385,315,280,350,360,420,395,340,290,200,140,115,140,2520,2595,160,3248,144,40,131,40,0,978,0,54,28,9,4,6,0,0,12,0,91,7,0,0,7,0,11,62,44,18,0,0,13,9,0,-1
9330231,4035,184,199,219,239,319,264,214,229,229,269,369,324,269,244,164,125,105,70,1963,2072,109,2488,87,24,138,38,0,826,0,33,14,5,0,5,4,4,5,0,28,25,11,0,5,0,21,25,119,5,0,5,0,0,11,0
9330232,3240,145,164,164,204,249,214,184,199,199,244,244,244,229,194,130,105,65,63,1630,1610,59,2058,44,27,93,31,11,673,0,28,19,5,0,11,0,5,0,5,39,8,10,1,0,0,28,25,16,14,0,6,11,0,16,-3
9330233,7615,380,330,345,520,595,625,565,500,475,550,610,520,480,380,250,180,165,145,3793,3822,464,4372,299,58,174,174,3,1404,0,26,38,0,0,0,0,0,0,0,70,0,70,0,0,0,29,29,334,49,0,0,12,0,12,-2
9330234,7270,370,460,445,525,515,415,400,445,465,545,605,530,420,340,195,165,140,290,3605,3665,586,4305,155,81,189,81,-2,1432,0,50,33,0,0,0,0,0,22,0,22,86,31,22,22,0,24,48,60,0,0,0,0,0,24,-1
9330235.02,4695,285,255,260,305,320,280,340,355,375,390,370,335,305,215,125,100,40,40,2350,2345,77,2584,86,58,156,45,0,1095,14,14,26,31,0,0,0,0,15,0,31,22,22,0,-2,0,17,51,275,34,0,0,43,0,0,1
9330235.03,4005,140,90,95,180,411,366,361,281,226,266,281,276,246,236,170,170,120,90,2040,1965,59,1990,107,57,186,93,14,1017,0,63,16,0,0,40,0,0,16,18,73,0,34,18,18,0,0,0,49,40,0,0,24,0,75,-2
9330235.04,6605,351,266,195,291,616,556,641,536,476,471,526,456,371,316,226,155,90,66,3220,3385,93,3223,86,99,208,87,0,1794,14,98,61,10,14,22,9,17,14,14,133,22,51,14,41,0,56,118,50,136,0,0,53,0,71,-3
9330236,3605,110,185,195,240,265,225,160,170,205,260,265,260,290,295,185,145,100,50,1768,1837,168,1550,157,43,108,125,18,907,0,84,29,29,0,34,0,11,18,0,32,0,14,0,12,0,23,69,61,14,0,0,70,0,30,-1
9330237,7700,355,395,400,445,590,450,460,455,525,520,595,595,550,390,300,270,195,210,3830,3870,166,3662,177,119,241,204,15,1947,15,168,33,0,18,35,0,18,24,13,69,13,13,13,15,0,66,55,111,113,46,22,166,0,117,26
9330238.01,3575,160,165,155,205,270,290,260,205,210,270,270,270,230,175,140,125,95,80,1797,1778,40,1736,75,43,130,41,1,948,6,37,73,14,6,34,9,9,-1,0,38,11,19,0,1,11,22,51,102,46,0,7,50,0,17,-1
9330238.02,7100,285,365,370,465,605,535,385,370,475,530,580,485,435,370,210,225,210,200,3475,3625,149,3098,152,124,301,93,32,1734,15,90,82,10,0,45,14,36,67,9,52,38,38,9,10,0,80,266,353,87,0,0,78,0,40,-2
9330239.01,5745,185,311,301,351,461,401,291,331,416,411,446,391,371,346,221,196,180,135,2878,2867,113,2708,117,63,194,74,0,1429,8,58,28,8,23,19,19,0,38,8,74,27,39,20,-1,0,19,137,311,169,0,0,20,0,24,-1
9330239.02,5235,321,205,135,155,371,701,842,601,381,321,311,266,205,155,100,70,55,40,2610,2625,109,2186,169,42,160,63,0,1057,0,16,55,18,18,15,0,18,11,7,73,23,50,27,9,0,68,245,609,99,9,0,35,8,35,1
9330240.01,8995,385,265,220,275,630,1020,1100,790,585,540,590,605,495,435,315,305,215,225,4267,4728,155,4496,235,92,345,109,9,2137,0,89,31,0,9,23,23,9,34,9,64,69,41,79,-1,0,34,201,546,110,0,0,30,0,15,2
9330240.02,5440,279,240,215,240,434,359,409,409,399,374,394,364,304,319,215,205,155,126,2630,2810,64,2856,91,88,193,83,5,1129,9,110,45,24,0,0,39,10,21,5,34,15,27,11,-1,8,39,189,193,64,0,0,44,0,44,1
9330241,7570,310,340,360,400,470,495,480,510,465,585,615,520,535,445,305,260,205,270,3680,3890,180,3512,178,51,267,51,7,1579,0,77,41,0,6,15,15,28,45,8,67,28,59,23,9,0,41,257,708,164,0,26,56,0,56,16
9330242,7385,335,340,350,394,619,454,434,474,534,559,629,584,454,409,290,240,150,136,3735,3650,191,3378,214,34,225,76,15,1729,0,105,17,0,42,23,31,23,118,23,88,0,67,59,27,0,76,115,506,124,0,0,0,0,76,3
9330243.01,6130,195,285,300,424,619,459,285,300,394,449,464,439,414,359,260,225,150,109,3075,3055,172,2689,244,80,204,78,7,1177,5,78,68,8,11,11,5,7,32,9,89,5,49,21,20,0,105,172,489,152,7,19,54,0,55,8
9330243.02,8700,470,510,460,660,1280,550,515,570,610,700,605,535,460,360,175,120,75,45,4285,4415,174,3874,172,110,184,102,2,1875,80,60,90,0,25,0,0,25,0,0,129,0,199,20,0,0,37,398,722,289,32,0,50,0,50,1
9330250.01,3680,165,215,265,175,115,80,155,190,255,290,305,345,355,350,200,105,55,60,1768,1912,69,1607,132,32,136,34,5,897,8,47,21,5,9,9,9,0,20,0,21,24,40,5,5,0,20,79,283,105,0,7,25,5,19,2
9330250.02,4305,135,230,325,320,255,175,125,165,285,390,459,385,380,290,200,100,55,31,2150,2155,80,2100,103,51,107,49,5,774,0,29,50,0,0,18,0,7,13,0,57,4,44,42,5,6,66,155,372,72,14,0,37,5,41,-1
9330251.02,125,0,11,6,6,6,6,17,11,11,11,11,11,6,0,6,0,6,0,70,55,2,73,3,1,4,1,0,28,0,0,1,0,0,0,0,0,0,0,1,0,0,1,0,0,1,1,4,0,0,0,1,0,1,2
9330260.04,3840,205,295,240,285,240,200,215,225,305,335,345,285,230,170,130,75,45,15,1937,1903,29,2587,29,23,113,23,1,800,0,31,10,0,0,26,0,0,0,0,32,0,19,0,0,0,12,41,46,17,0,0,0,0,0,1
9330260.05,4045,226,241,246,286,286,201,196,241,281,366,407,351,256,146,120,80,70,45,2025,2020,85,2006,120,48,140,96,9,1023,0,29,37,0,6,20,10,0,30,0,61,20,20,0,-1,0,0,80,138,11,21,0,22,0,15,-1
9330260.06,3990,174,189,264,299,254,130,149,204,249,339,403,364,294,289,189,95,60,45,1948,2042,96,2298,69,41,146,73,9,949,6,29,31,13,4,8,4,6,14,6,43,4,9,4,11,0,5,24,35,11,0,0,31,0,11,0
9330260.07,5010,254,289,240,274,225,230,339,379,364,419,404,379,324,294,210,175,90,121,2357,2653,194,2496,118,62,151,76,0,1338,14,58,41,9,0,14,10,14,33,0,66,8,46,8,10,0,0,97,74,40,0,0,17,0,17,-1
9330260.08,7505,419,654,684,594,414,230,290,504,814,794,674,484,320,255,170,105,60,40,3645,3860,117,4737,210,39,195,71,7,1560,0,78,39,0,5,0,11,0,46,0,86,10,39,8,40,0,48,56,65,0,0,0,12,12,15,-1
9330260.1,3985,270,185,135,100,155,405,510,470,355,305,255,235,195,190,90,65,35,30,1878,2107,73,2409,184,45,102,56,0,809,9,12,29,0,0,0,0,10,24,0,23,20,8,12,7,0,8,31,46,7,0,0,29,0,29,3
9330260.11,190,5,5,10,10,10,10,10,5,5,10,28,24,19,14,19,5,0,1,97,93,3,120,5,2,5,2,0,41,0,2,0,1,0,0,0,0,0,0,1,1,1,1,0,0,1,1,4,0,0,0,0,0,0,-1
9330260.12,4975,300,260,255,260,305,385,475,425,410,400,360,320,285,210,140,95,55,35,2403,2572,219,2990,171,22,136,93,8,947,7,36,19,0,0,0,9,0,27,0,17,34,13,9,-1,0,29,34,139,0,0,7,10,0,0,0
9330280.01,55,14,7,7,0,0,7,0,7,7,0,7,0,0,0,0,0,0,-1,33,22,24,26,1,0,1,0,0,2,0,0,0,0,0,0,0,0,0,0,0,0,0,0,0,0,0,0,0,0,0,0,0,0,0,1
9330280.02,3460,130,201,196,211,211,176,160,216,246,271,296,306,296,201,150,95,65,33,1748,1712,233,1979,102,26,124,63,0,691,0,17,29,5,0,6,15,0,22,4,25,4,17,0,0,0,12,12,32,16,0,0,18,0,7,1
9330281.01,6300,320,380,355,410,360,350,350,395,425,530,440,530,440,415,250,170,105,75,3095,3205,141,4219,155,63,184,71,8,1153,0,21,43,8,0,7,5,0,0,0,56,9,0,20,0,0,15,44,49,15,0,0,0,0,15,-1
9330281.02,6385,305,320,335,385,390,360,385,405,440,490,600,525,425,335,220,205,135,125,3185,3200,131,4377,186,17,126,43,0,1051,19,56,19,11,13,0,13,0,20,0,65,29,0,25,-1,0,8,21,106,14,7,7,23,0,0,-1
9330282.01,4220,215,195,180,235,355,305,335,290,260,330,365,360,295,180,125,100,60,35,2082,2138,173,2585,146,24,147,58,5,709,0,25,25,0,0,7,0,0,0,5,41,10,22,1,7,10,33,6,96,22,0,6,8,11,41,-3
9330282.02,4375,215,230,210,250,270,255,300,300,305,355,405,310,285,210,155,125,100,95,2040,2335,124,2844,123,27,136,42,0,761,0,42,37,6,0,0,0,0,6,0,26,0,15,11,7,0,8,43,89,18,0,0,0,0,9,1
9330283,7880,369,314,269,409,739,719,669,534,474,564,589,529,419,339,245,215,165,319,3823,4057,301,5184,89,74,220,110,1,1479,0,111,27,11,0,31,0,0,0,0,91,17,0,11,11,0,18,30,12,40,0,0,0,0,13,-1
9330284.01,7165,350,350,300,440,615,590,575,475,445,480,565,555,440,335,260,170,120,100,3570,3595,269,4265,236,162,431,186,24,1241,30,112,36,38,0,0,0,0,16,0,70,0,0,0,0,0,0,30,0,0,0,0,0,0,20,-1
9330284.02,7735,395,400,390,460,650,635,565,500,515,575,640,570,480,360,225,170,120,85,3875,3860,282,4720,270,78,229,143,25,1553,14,79,35,33,0,30,0,6,14,0,68,19,11,11,14,0,14,36,14,11,0,0,13,0,12,1
9330285.01,3340,110,115,110,140,230,290,280,210,225,260,350,310,215,190,125,95,55,30,1735,1605,135,2391,69,25,75,28,0,452,0,61,7,4,0,9,0,0,0,0,16,13,7,4,1,0,0,5,10,13,0,0,5,0,10,0
9330285.02,5775,236,351,351,361,436,336,246,301,356,466,501,456,331,316,221,180,125,205,2850,2925,225,3757,164,41,172,41,8,1172,8,43,22,0,0,14,0,0,19,7,15,0,15,0,0,0,16,0,16,0,0,0,10,0,10,0
9330286.01,5830,250,340,410,450,390,270,245,290,390,525,495,450,390,300,215,205,110,105,2918,2912,162,3607,169,66,169,68,10,1149,0,53,24,5,0,25,7,14,7,4,54,13,15,23,4,0,16,39,89,10,0,0,12,0,17,-1
9330286.02,7930,404,479,474,559,544,389,464,514,584,664,679,594,519,439,274,190,100,60,3933,3997,188,5098,222,54,237,96,7,1462,0,56,82,0,6,14,6,14,6,0,35,19,42,1,18,0,10,141,78,16,0,0,10,0,0,12
9330286.03,3965,195,259,279,274,249,165,165,214,244,339,339,344,264,204,170,120,90,51,2002,1963,96,2581,133,18,153,71,3,710,4,16,31,0,0,5,0,5,0,3,19,15,13,9,0,0,9,30,18,0,0,0,0,5,18,0
9330287.01,8910,445,574,534,644,649,579,594,574,674,729,734,714,544,390,225,155,95,57,4395,4515,331,5762,231,76,324,160,0,1569,7,29,40,0,9,9,22,0,0,0,60,0,12,13,12,0,27,18,100,62,19,0,0,0,19,-1
9330287.02,12115,1135,910,725,755,660,640,985,1130,1070,1025,910,795,560,335,215,130,75,60,5970,6145,307,7185,252,151,341,104,10,2427,10,51,40,12,9,26,0,9,29,10,128,53,26,1,-1,0,13,176,437,154,25,0,110,0,20,0
9330287.06,4560,165,235,245,295,285,205,190,245,280,355,365,355,325,240,160,170,165,280,2102,2458,96,2768,68,29,133,51,0,980,0,53,11,6,0,6,4,4,6,5,30,7,22,4,9,0,9,37,84,26,0,0,60,0,52,0
9330287.09,6280,315,245,195,385,505,610,680,545,465,445,375,380,315,290,205,135,110,80,2987,3293,114,3400,212,39,160,72,0,1069,11,27,26,0,0,0,10,0,10,0,50,14,43,1,13,0,14,229,429,104,34,106,39,0,53,1
9330287.1,2805,100,170,210,255,195,120,135,120,200,265,290,235,200,160,60,50,25,15,1378,1427,104,1726,128,10,49,13,0,429,0,23,23,0,0,0,0,0,7,0,10,6,6,6,-1,0,0,32,132,48,0,30,6,0,15,3
9330287.11,5285,256,346,326,397,336,246,226,331,371,437,492,452,407,291,151,110,70,40,2585,2700,138,2982,136,38,136,30,9,818,0,27,13,0,0,9,0,15,29,0,59,0,8,54,0,0,12,144,352,65,33,84,13,0,82,-1
9330287.12,4020,145,225,290,310,250,205,195,205,290,395,335,350,290,215,145,90,55,30,1960,2060,105,2249,173,21,126,56,1,761,13,37,17,8,0,3,0,0,4,0,18,11,0,38,11,0,21,105,205,9,0,0,9,0,19,0
9330287.13,8620,381,501,527,757,662,522,501,501,712,827,797,627,496,326,226,135,80,42,4192,4428,192,5054,182,47,307,110,22,1516,0,65,30,15,13,13,0,25,50,15,38,0,30,47,0,0,50,25,592,152,0,0,0,32,0,-2
9330287.14,4330,181,266,316,306,301,221,196,206,332,437,447,362,281,216,126,75,40,21,2150,2180,102,2419,163,20,112,31,0,799,0,0,23,0,0,0,0,0,0,0,14,9,33,34,0,0,13,102,331,41,60,0,13,13,1,-3
9330287.15,3985,150,230,205,240,230,180,225,240,280,300,330,330,290,245,185,140,105,80,1842,2143,92,2423,76,54,123,51,0,805,15,67,18,6,0,0,3,0,10,0,21,7,14,0,6,0,8,48,48,47,8,0,15,0,18,2
9330287.16,4025,135,125,145,165,205,250,280,270,240,300,315,280,245,270,230,240,175,155,1835,2190,45,2420,76,25,97,51,44,890,0,0,35,0,0,0,0,0,20,0,37,7,7,19,-1,0,18,23,72,66,0,0,42,0,32,0
9330290.02,9000,456,385,320,325,471,766,896,806,641,686,621,576,501,390,275,230,235,420,4212,4788,252,5702,56,45,140,140,0,1957,0,45,56,0,0,0,0,0,101,0,112,112,0,0,6,0,0,0,196,0,0,0,0,0,84,-4
9330290.04,7300,305,371,431,491,526,325,335,401,456,571,746,731,581,436,250,175,120,49,3607,3693,206,4078,196,60,266,98,0,1685,0,65,44,0,28,14,0,0,0,0,41,26,10,38,20,0,64,99,206,0,18,38,0,0,0,0
9330290.05,3400,165,215,220,235,200,190,205,220,230,270,320,275,245,170,125,70,30,15,1717,1683,75,1957,94,64,134,22,0,721,18,25,40,0,0,22,0,0,0,0,55,6,30,14,0,8,7,24,61,7,0,7,0,0,10,-1
9330290.07,6310,345,425,430,510,420,345,345,410,425,520,600,545,320,230,185,125,85,45,3203,3107,244,3717,90,86,183,78,10,1486,0,110,23,10,0,0,0,12,23,24,29,10,24,-1,12,0,12,37,37,15,0,0,0,0,22,17
9330291.01,7655,395,395,410,455,455,480,550,545,620,640,640,600,495,340,270,180,110,75,3753,3902,237,4642,133,14,161,60,0,1714,0,93,46,14,0,16,24,0,16,14,51,44,36,28,13,0,47,87,95,24,0,0,32,0,16,-2
9330291.02,8275,399,524,509,554,534,509,559,639,614,624,719,629,509,344,255,150,120,84,4168,4107,288,4954,254,76,257,121,0,1689,12,98,56,14,0,37,0,0,16,0,36,14,58,0,-2,0,23,93,132,0,0,0,23,0,23,3
9330292.01,5390,255,334,379,379,324,289,265,359,399,449,459,489,344,309,160,110,65,22,2703,2687,123,3212,134,54,128,37,0,1218,6,33,33,0,15,11,0,0,0,0,38,14,20,17,7,0,33,45,127,37,4,4,16,0,25,-1
9330292.03,6420,370,425,430,545,455,295,300,415,475,565,645,480,350,255,180,115,70,50,3160,3260,85,4051,106,0,212,69,0,1397,0,37,0,13,8,0,8,0,38,27,27,0,13,20,18,0,14,99,120,18,13,0,13,0,13,1
9330292.04,4865,306,271,271,286,321,266,416,381,336,391,421,366,276,205,150,110,60,32,2440,2425,125,3156,114,20,148,68,0,961,0,45,14,0,0,14,0,0,0,0,91,32,16,0,0,0,0,45,18,0,0,0,0,0,0,-2
9330400.04,7275,489,574,609,589,424,320,474,489,589,709,579,514,290,265,165,100,60,36,3650,3625,211,4392,127,51,281,128,9,1585,6,35,26,30,0,17,0,14,14,0,41,33,24,26,10,0,8,68,84,12,0,0,28,8,8,-1
9330400.05,7025,449,474,499,534,444,364,434,499,579,579,544,504,409,309,160,125,75,44,3448,3577,161,4225,285,112,287,74,17,1425,20,72,30,0,0,0,0,0,0,0,10,10,10,2,0,25,0,25,112,50,25,0,50,0,0,-2
9330400.06,4450,259,339,359,369,289,199,264,299,369,458,379,269,184,135,125,70,50,34,2103,2347,170,2647,178,13,91,57,0,888,0,34,34,0,0,0,17,0,17,0,11,0,11,36,0,0,85,0,85,43,0,0,32,0,0,1
9330400.09,5080,280,340,320,320,275,245,275,350,335,440,435,405,335,310,200,100,80,35,2590,2490,144,3079,120,29,152,64,0,933,4,48,25,0,0,3,4,3,4,4,45,13,25,0,4,0,27,89,167,22,4,4,31,0,35,-2
9330401.01,3025,154,140,100,135,184,169,204,174,189,219,229,239,199,184,150,115,105,136,1483,1542,70,1853,70,33,92,27,4,608,0,29,5,0,0,2,0,2,5,0,20,4,13,13,0,0,21,31,96,9,0,0,8,0,9,1
9330401.02,8090,361,321,286,361,456,506,521,476,401,531,591,621,601,621,436,391,311,298,3785,4305,179,5316,256,16,235,56,30,1466,0,50,32,0,0,41,41,0,0,14,0,29,14,0,0,0,27,63,161,0,0,0,41,0,22,1
9330402.02,5345,245,274,294,364,324,269,289,309,324,409,464,444,369,274,195,130,130,238,2567,2778,160,3155,151,19,125,25,19,1139,0,23,54,0,0,0,0,19,13,0,45,0,26,0,0,0,15,109,204,22,0,0,0,0,22,0
9330402.03,4645,200,195,205,230,250,290,310,260,285,315,320,350,325,290,205,215,205,195,2135,2510,113,3126,140,10,117,54,0,905,0,13,8,0,0,0,0,0,0,0,0,27,0,0,0,0,24,0,54,0,0,0,16,0,38,0
9330402.04,4095,215,245,240,290,265,245,270,235,255,320,365,345,245,190,130,105,80,55,2080,2015,90,2797,33,16,111,42,0,694,0,46,31,0,0,7,0,0,14,0,54,33,10,0,7,0,0,29,33,0,0,0,22,0,27,-1
9330403.01,5400,281,306,281,346,321,296,336,301,331,391,481,451,356,341,235,135,100,111,2650,2750,132,3585,148,35,130,45,13,806,5,36,21,14,9,25,0,0,0,19,40,26,19,34,8,0,6,32,90,46,0,0,22,0,54,0
9330403.04,4550,275,270,265,290,290,230,300,290,280,340,415,395,345,215,135,100,65,50,2295,2255,120,2910,111,15,120,69,15,1056,0,15,30,0,0,0,0,0,0,11,0,0,0,24,-2,0,19,19,0,0,0,0,0,19,0,-1
9330403.05,4665,239,284,269,329,324,249,279,289,289,339,409,429,304,259,130,120,65,59,2318,2347,217,2831,138,16,134,16,12,1057,16,41,43,0,0,0,0,0,18,0,18,0,0,0,0,0,0,0,69,0,0,0,20,0,20,-1
9330403.06,265,21,32,16,21,21,26,21,21,11,5,16,26,16,0,5,0,5,2,127,138,5,171,6,2,6,2,0,55,0,2,1,0,1,0,0,0,0,0,1,0,2,1,0,0,1,2,5,2,0,0,1,0,0,-1
9330403.07,5290,295,300,330,335,335,315,405,360,355,405,520,440,335,210,125,100,60,65,2647,2643,89,3516,88,39,203,46,7,1012,0,42,19,0,0,0,0,0,8,8,26,19,0,0,0,0,55,38,51,0,0,0,0,0,25,-1
9330404.01,6610,325,355,385,480,440,355,410,375,410,520,615,620,455,370,190,125,100,80,3248,3362,187,4252,188,68,235,30,0,1310,0,17,16,7,0,0,0,5,5,0,16,34,9,22,0,0,16,51,70,35,0,0,15,0,24,-2
9330404.02,6715,520,495,485,405,355,330,485,540,585,575,525,485,365,260,160,75,40,30,3305,3410,191,4354,148,71,224,82,0,1223,0,87,57,43,0,10,0,0,0,0,33,40,0,0,0,0,12,20,56,15,7,0,0,0,41,1
9330410.02,7330,371,411,351,386,406,476,476,471,461,526,576,606,461,386,351,235,185,195,3497,3833,141,4528,151,83,289,102,13,1547,18,89,66,13,0,42,0,6,5,6,89,12,18,0,10,0,0,8,59,7,0,0,11,7,10,0
9330410.04,1385,59,59,64,59,59,89,99,74,79,89,94,114,99,114,89,84,40,21,675,710,24,915,39,12,35,12,1,260,1,9,8,1,0,3,0,0,3,3,10,4,3,2,4,0,5,7,6,4,0,0,1,0,12,1
9330410.05,5155,265,315,275,325,305,295,325,335,340,400,445,480,305,260,210,125,90,60,2528,2627,155,3530,105,10,161,41,11,1025,16,0,0,0,0,5,0,5,1,0,19,7,0,7,0,0,12,0,31,12,0,0,0,0,0,2
9330410.06,4705,330,350,320,300,220,190,280,370,375,380,440,375,300,235,125,80,20,15,2345,2360,180,3035,117,33,186,33,4,927,0,20,30,4,7,0,0,0,4,0,18,12,0,0,1,7,9,21,30,12,0,0,15,0,0,0
9330500.01,470,0,5,0,0,5,5,5,0,0,5,5,15,34,93,132,78,44,44,210,260,9,319,14,3,10,2,0,94,0,4,2,0,0,0,0,0,0,0,4,0,1,0,0,0,0,2,4,0,1,1,0,0,1,-1
9330500.02,5870,205,250,310,380,330,280,290,265,275,430,545,555,510,450,345,195,135,120,2972,2898,134,3713,146,36,150,47,0,1387,5,10,40,0,7,13,0,9,0,0,26,9,13,0,0,0,11,58,18,11,0,0,14,6,6,1
9330501.01,4125,155,170,175,225,275,230,205,170,195,260,280,245,280,245,220,185,205,405,1927,2198,126,2812,74,10,148,45,0,730,0,42,15,0,0,9,0,0,10,0,12,19,0,0,13,0,22,15,0,0,0,0,12,0,10,1
9330501.02,5480,215,285,325,380,290,225,230,265,275,380,520,560,455,430,300,170,90,85,2785,2695,129,3469,138,26,225,73,0,1062,5,51,25,34,12,15,0,0,0,4,37,18,35,-1,15,0,6,16,39,15,0,0,18,0,12,2
9330501.03,3395,179,209,244,204,224,170,184,234,199,239,304,294,239,184,115,85,40,48,1718,1677,60,1888,55,42,94,54,6,864,8,45,22,7,0,0,0,0,14,0,45,0,13,6,-1,7,33,12,32,26,0,0,41,7,14,1
9330502.01,2445,139,134,169,144,120,100,129,164,144,194,179,204,199,204,100,55,25,42,1255,1190,38,1417,55,42,95,25,6,590,3,35,20,0,6,13,3,5,3,0,16,5,8,5,0,0,0,13,10,11,4,0,11,0,6,0
9330502.02,3820,115,165,165,206,185,115,155,190,196,236,291,326,381,376,291,190,130,107,1915,1905,131,2551,82,29,133,44,5,644,5,39,26,3,0,13,7,0,5,8,21,7,9,0,0,0,13,11,3,16,6,0,3,0,8,-2
9330502.03,4855,285,325,305,325,270,185,285,300,340,385,430,395,330,290,220,110,45,30,2450,2405,224,3017,110,101,201,112,0,730,8,99,18,7,0,7,9,7,9,8,39,16,8,0,0,0,17,43,17,20,0,0,5,5,17,1
9330502.05,2975,109,149,164,189,194,149,114,129,154,259,259,298,254,214,169,80,55,36,1470,1505,46,1915,54,11,70,26,0,734,0,83,0,0,0,0,0,0,0,0,12,0,0,0,0,0,0,14,0,0,0,9,0,0,0,1
9330502.06,3000,151,186,216,251,176,135,151,156,176,231,236,256,191,181,145,80,55,27,1470,1530,39,2079,62,20,68,13,0,535,0,23,11,0,0,5,3,0,13,3,24,0,14,0,3,0,6,32,39,3,0,0,3,0,0,2
9330502.07,5655,294,289,280,309,319,245,289,294,284,319,439,494,459,404,324,225,205,183,2612,3043,152,3482,123,21,160,48,7,1375,6,17,19,23,0,0,16,0,10,0,45,13,6,10,0,0,13,48,26,17,0,0,17,0,0,1
9330503.01,2450,175,140,135,165,145,105,170,180,180,165,225,200,180,135,80,45,20,5,1250,1200,52,1426,99,45,81,25,7,561,0,20,15,0,0,0,0,0,0,0,27,9,16,-1,0,0,7,13,42,0,0,0,0,0,7,-1
9330503.03,7070,435,460,445,475,435,355,475,500,490,565,555,500,425,370,245,120,85,135,3537,3533,148,4356,167,55,264,78,-2,1693,0,76,27,0,0,19,0,0,0,0,15,15,15,2,46,0,21,21,21,13,0,0,0,0,19,1
9330503.06,4405,221,226,180,180,246,326,361,356,291,321,316,296,286,286,175,120,115,103,2020,2385,113,2705,68,24,106,39,14,1005,16,35,12,12,0,0,0,0,8,0,43,0,5,14,1,14,0,18,95,0,0,0,29,0,30,-1
9330503.07,4575,180,155,130,160,220,240,275,210,215,255,305,325,350,410,320,250,225,350,2097,2478,113,3038,97,14,112,45,0,876,7,37,19,14,2,0,2,0,2,0,26,4,8,1,-1,4,15,32,55,25,7,0,3,3,16,-1
9330503.08,4680,241,186,166,186,321,517,517,362,301,291,271,321,316,246,166,126,70,76,2280,2400,109,2787,76,25,177,68,0,1125,0,36,26,10,0,22,14,22,0,0,29,14,0,0,9,0,16,16,71,11,0,0,16,0,0,1
9330503.09,2715,154,149,134,114,124,184,219,189,179,149,134,154,154,139,149,99,109,182,1210,1505,35,1736,46,16,71,28,5,653,4,19,11,0,0,10,0,0,0,0,10,0,8,0,5,0,0,20,6,9,0,0,10,0,13,0
9330504.03,6300,370,400,450,440,405,295,375,375,470,515,555,540,425,290,190,110,55,40,3095,3205,100,4286,170,44,200,64,15,1166,0,27,7,0,0,13,0,0,0,0,10,10,6,0,0,0,15,15,70,33,0,0,12,0,35,2
9330504.05,7790,356,471,551,526,431,401,381,476,561,592,647,526,441,376,301,190,211,352,3637,4153,169,5380,37,46,153,46,10,1451,13,32,0,19,0,0,0,0,0,0,40,10,10,-1,1,0,29,51,184,51,0,0,18,0,26,15
9330504.07,3165,145,195,230,190,160,135,180,195,235,245,195,215,185,195,165,125,95,80,1447,1718,61,2265,94,18,75,9,3,510,0,30,11,5,0,10,0,0,0,0,29,4,0,4,3,0,5,4,9,10,0,0,3,0,3,0
9330504.08,4170,190,234,289,324,254,130,140,185,274,339,344,274,309,259,214,190,130,91,2000,2170,64,2707,85,27,102,48,6,922,0,18,15,0,7,7,0,0,7,0,15,0,7,0,0,0,0,12,68,0,0,0,19,0,34,0
9330504.09,5375,415,435,405,380,320,350,395,470,505,405,340,295,225,175,110,75,45,30,2638,2737,115,3263,150,53,159,77,0,1181,0,54,30,0,7,13,16,7,6,0,20,10,10,13,-1,0,16,43,49,55,0,0,16,0,14,-1
9330504.1,4025,280,290,230,225,205,255,335,310,305,270,275,270,220,185,120,100,70,80,1910,2115,85,2645,64,25,121,67,4,825,0,15,21,14,0,6,6,6,7,0,18,8,8,0,0,0,5,28,28,5,0,0,4,0,12,-2
9330504.11,13080,1138,998,824,749,724,1088,1358,1233,1158,889,759,649,534,439,265,175,55,45,6362,6718,195,8981,347,70,323,141,39,2593,0,70,60,0,0,0,0,0,0,0,78,50,39,0,3,0,52,0,39,0,0,0,0,0,0,0
9330504.12,5135,320,445,445,405,345,310,345,385,505,425,360,260,205,160,115,55,30,20,2565,2570,51,3337,111,56,129,40,9,1143,0,18,74,9,6,9,0,6,1,0,28,0,18,0,1,0,10,10,26,9,0,0,32,0,0,2
9330504.13,3945,324,279,234,190,170,299,424,389,314,284,229,180,165,100,75,65,70,154,1905,2040,114,2587,45,14,99,52,-1,841,0,67,13,0,0,0,0,0,0,0,23,0,23,0,9,0,10,35,15,0,0,0,0,0,0,-1
9330504.14,40,4,0,4,4,0,0,4,0,4,0,4,4,4,0,0,4,0,4,17,23,1,26,1,0,1,0,0,9,0,0,0,0,0,0,0,0,0,0,0,0,0,0,0,0,0,0,0,0,0,0,0,0,0,2
9330504.15,1870,80,121,121,106,90,55,75,101,111,131,136,146,106,141,136,101,60,53,895,975,34,1163,69,16,70,19,0,384,0,12,4,7,0,0,0,0,0,4,8,6,5,0,4,2,8,13,16,8,0,5,11,0,0,2
9330505.01,3445,170,195,170,205,180,175,145,185,210,210,275,330,285,275,170,110,65,90,1615,1830,57,2142,118,34,105,31,4,733,0,29,24,8,6,0,4,4,4,0,18,0,8,8,12,0,22,25,25,0,0,0,0,8,8,8
9330505.03,90,9,5,9,9,5,5,5,5,5,5,9,9,0,0,5,5,0,0,47,43,2,58,3,1,4,1,0,18,0,1,0,0,0,0,0,0,0,0,1,0,0,0,0,0,0,0,0,0,0,0,0,0,0,1
9330505.04,5985,305,365,435,455,425,290,315,350,410,495,515,470,365,315,205,130,75,65,3005,2980,173,3896,110,59,168,68,0,1250,0,79,11,0,0,0,0,0,0,0,20,12,16,0,10,0,17,33,39,0,0,0,11,0,11,2
9330506.01,4090,299,334,324,274,234,234,304,319,309,314,279,279,204,144,90,65,45,39,1983,2107,90,2844,102,39,79,32,0,770,0,40,5,5,0,8,0,0,11,9,18,11,5,0,4,0,0,5,13,0,0,0,0,0,0,0
9330506.02,7270,406,456,456,486,431,426,466,491,486,471,576,571,476,371,250,165,135,151,3590,3680,168,4974,275,0,146,101,0,1252,0,0,51,51,0,0,0,0,0,0,95,0,0,0,45,0,0,56,0,0,0,0,0,0,56,0
