"COL0","COL1","COL2","COL3","COL4","COL5","COL6","COL7","COL8","COL9","COL10","COL11","COL12","COL13","COL14","COL15","COL16","COL17","COL18","COL19","COL20","COL21","COL22","COL23","COL24","COL25","COL26","COL27"
"9330000.00",2101315.00,1193125.00,1033885.00,159240.00,908190.00,629035.00,50130.00,128045.00,100985.00,1015395.00,594185.00,513725.00,80455.00,421210.00,334130.00,20265.00,47280.00,19540.00,1085920.00,598940.00,520160.00,78780.00,486985.00,294905.00,29860.00,80765.00,81445.00
"9330001.01",5400.00,2880.00,2560.00,320.00,2525.00,1605.00,150.00,445.00,330.00,2400.00,1425.00,1265.00,155.00,970.00,775.00,50.00,85.00,65.00,3000.00,1455.00,1290.00,160.00,1550.00,830.00,100.00,355.00,265.00
"9330001.02",4595.00,2715.00,2430.00,285.00,1885.00,1230.00,100.00,250.00,305.00,2085.00,1350.00,1215.00,140.00,735.00,590.00,30.00,65.00,50.00,2515.00,1365.00,1220.00,145.00,1145.00,635.00,65.00,190.00,260.00
"9330002.01",5320.00,2940.00,2600.00,340.00,2380.00,1595.00,150.00,375.00,250.00,2500.00,1465.00,1295.00,170.00,1035.00,805.00,65.00,125.00,35.00,2820.00,1475.00,1310.00,170.00,1340.00,785.00,85.00,250.00,215.00
"9330002.03",3580.00,2055.00,1925.00,130.00,1530.00,1130.00,70.00,160.00,170.00,1760.00,1020.00,955.00,65.00,740.00,610.00,30.00,75.00,25.00,1825.00,1035.00,970.00,65.00,790.00,520.00,35.00,85.00,145.00
"9330002.04",3930.00,2140.00,1920.00,220.00,1790.00,1115.00,90.00,300.00,285.00,1790.00,1060.00,955.00,110.00,730.00,555.00,25.00,95.00,55.00,2140.00,1080.00,965.00,115.00,1060.00,555.00,65.00,205.00,230.00
"9330003.01",3105.00,1745.00,1615.00,135.00,1360.00,1055.00,60.00,100.00,140.00,1525.00,870.00,810.00,65.00,655.00,565.00,30.00,40.00,25.00,1580.00,875.00,805.00,70.00,710.00,495.00,30.00,65.00,115.00
"9330003.02",3955.00,2065.00,1945.00,120.00,1895.00,1295.00,95.00,170.00,330.00,1930.00,1030.00,970.00,60.00,895.00,720.00,40.00,80.00,60.00,2030.00,1035.00,970.00,60.00,1000.00,580.00,60.00,90.00,270.00
"9330004.01",4425.00,2330.00,2080.00,250.00,2095.00,1480.00,90.00,240.00,285.00,2095.00,1145.00,1025.00,120.00,950.00,790.00,40.00,80.00,35.00,2335.00,1185.00,1060.00,125.00,1150.00,695.00,50.00,160.00,250.00
"9330004.02",4815.00,2540.00,2340.00,195.00,2275.00,1640.00,105.00,210.00,325.00,2330.00,1250.00,1155.00,90.00,1080.00,890.00,50.00,85.00,55.00,2480.00,1285.00,1180.00,105.00,1195.00,745.00,55.00,125.00,265.00
"9330005.00",6685.00,2710.00,2010.00,705.00,3970.00,2910.00,225.00,660.00,180.00,3305.00,1350.00,1000.00,355.00,1950.00,1535.00,100.00,280.00,35.00,3385.00,1365.00,1010.00,355.00,2020.00,1375.00,130.00,380.00,140.00
"9330006.01",4130.00,2245.00,2095.00,150.00,1890.00,1420.00,80.00,210.00,180.00,1900.00,1080.00,1010.00,70.00,815.00,700.00,25.00,65.00,20.00,2235.00,1160.00,1085.00,75.00,1070.00,715.00,50.00,145.00,160.00
"9330006.02",4610.00,2520.00,2340.00,180.00,2090.00,1525.00,100.00,220.00,245.00,2225.00,1230.00,1145.00,90.00,995.00,815.00,35.00,90.00,55.00,2385.00,1285.00,1195.00,90.00,1100.00,705.00,65.00,135.00,190.00
"9330007.01",4775.00,2735.00,2500.00,235.00,2035.00,1475.00,95.00,280.00,190.00,2240.00,1340.00,1220.00,120.00,905.00,745.00,30.00,95.00,35.00,2530.00,1395.00,1280.00,115.00,1135.00,735.00,65.00,180.00,155.00
"9330007.02",2960.00,1815.00,1675.00,135.00,1150.00,895.00,35.00,120.00,105.00,1380.00,865.00,800.00,65.00,510.00,450.00,5.00,30.00,20.00,1580.00,945.00,880.00,65.00,635.00,440.00,25.00,85.00,85.00
"9330008.01",1350.00,715.00,570.00,150.00,635.00,435.00,40.00,75.00,85.00,655.00,355.00,285.00,70.00,300.00,225.00,20.00,30.00,20.00,700.00,360.00,285.00,75.00,335.00,205.00,20.00,45.00,65.00
"9330008.02",3550.00,2195.00,2055.00,135.00,1350.00,1010.00,50.00,145.00,155.00,1685.00,1080.00,1010.00,75.00,605.00,520.00,15.00,40.00,30.00,1860.00,1115.00,1045.00,70.00,745.00,485.00,30.00,105.00,120.00
"9330009.00",6260.00,3225.00,2875.00,350.00,3030.00,2095.00,160.00,460.00,315.00,2785.00,1535.00,1360.00,175.00,1250.00,990.00,50.00,150.00,60.00,3470.00,1690.00,1515.00,175.00,1785.00,1110.00,110.00,310.00,255.00
"9330010.01",4695.00,2555.00,2370.00,190.00,2140.00,1465.00,95.00,260.00,320.00,2090.00,1235.00,1145.00,85.00,860.00,710.00,30.00,70.00,45.00,2600.00,1320.00,1225.00,100.00,1280.00,755.00,65.00,190.00,270.00
"9330010.02",4140.00,2330.00,2170.00,155.00,1815.00,1280.00,70.00,185.00,285.00,1885.00,1125.00,1040.00,85.00,765.00,630.00,30.00,60.00,50.00,2255.00,1205.00,1135.00,70.00,1050.00,650.00,45.00,120.00,230.00
"9330011.00",5690.00,3095.00,2845.00,245.00,2600.00,1870.00,125.00,250.00,360.00,2695.00,1530.00,1410.00,125.00,1160.00,955.00,45.00,95.00,75.00,2995.00,1555.00,1435.00,120.00,1435.00,915.00,80.00,155.00,285.00
"9330012.00",6990.00,3740.00,3360.00,375.00,3250.00,2480.00,145.00,315.00,310.00,3315.00,1830.00,1655.00,175.00,1480.00,1275.00,55.00,110.00,50.00,3675.00,1905.00,1705.00,205.00,1765.00,1210.00,90.00,205.00,265.00
"9330013.01",5570.00,2975.00,2730.00,250.00,2595.00,1890.00,110.00,285.00,310.00,2670.00,1480.00,1365.00,115.00,1185.00,990.00,40.00,105.00,50.00,2900.00,1495.00,1365.00,130.00,1405.00,900.00,70.00,180.00,260.00
"9330013.03",4255.00,2285.00,2140.00,145.00,1965.00,1420.00,95.00,205.00,245.00,2055.00,1130.00,1060.00,70.00,925.00,780.00,30.00,70.00,45.00,2200.00,1155.00,1085.00,70.00,1045.00,640.00,65.00,135.00,195.00
"9330013.04",3135.00,1715.00,1590.00,125.00,1415.00,1055.00,65.00,135.00,165.00,1520.00,860.00,800.00,65.00,660.00,560.00,25.00,45.00,30.00,1615.00,855.00,790.00,65.00,760.00,495.00,40.00,90.00,135.00
"9330014.01",2705.00,1460.00,1360.00,100.00,1250.00,875.00,60.00,165.00,150.00,1275.00,720.00,675.00,50.00,550.00,445.00,20.00,60.00,25.00,1435.00,735.00,685.00,50.00,695.00,430.00,40.00,105.00,125.00
"9330014.02",5215.00,2765.00,2580.00,180.00,2450.00,1670.00,115.00,315.00,350.00,2410.00,1370.00,1275.00,90.00,1040.00,840.00,45.00,105.00,55.00,2805.00,1395.00,1305.00,90.00,1405.00,830.00,70.00,205.00,300.00
"9330015.01",4695.00,2675.00,2515.00,165.00,2020.00,1510.00,85.00,185.00,235.00,2315.00,1330.00,1245.00,85.00,985.00,825.00,40.00,70.00,45.00,2380.00,1345.00,1265.00,80.00,1035.00,690.00,45.00,115.00,190.00
"9330015.02",5560.00,2870.00,2685.00,180.00,2690.00,1845.00,120.00,290.00,435.00,2610.00,1430.00,1340.00,90.00,1175.00,935.00,40.00,125.00,85.00,2950.00,1440.00,1345.00,95.00,1510.00,910.00,80.00,170.00,355.00
"9330016.01",4535.00,2240.00,2090.00,150.00,2295.00,1615.00,100.00,320.00,255.00,2170.00,1110.00,1035.00,75.00,1060.00,855.00,35.00,115.00,55.00,2365.00,1125.00,1055.00,75.00,1235.00,765.00,65.00,205.00,200.00
"9330016.04",6430.00,3250.00,2875.00,375.00,3175.00,2380.00,140.00,345.00,320.00,3085.00,1610.00,1420.00,190.00,1470.00,1235.00,60.00,125.00,50.00,3345.00,1645.00,1455.00,185.00,1705.00,1145.00,80.00,220.00,265.00
"9330016.05",4175.00,2070.00,1815.00,250.00,2105.00,1555.00,110.00,230.00,210.00,2020.00,1020.00,890.00,125.00,1005.00,825.00,45.00,100.00,35.00,2155.00,1050.00,925.00,125.00,1105.00,735.00,65.00,135.00,175.00
"9330016.06",4385.00,2140.00,1745.00,400.00,2245.00,1690.00,110.00,310.00,135.00,2065.00,1065.00,870.00,200.00,1005.00,835.00,45.00,100.00,15.00,2320.00,1075.00,880.00,195.00,1240.00,855.00,60.00,210.00,120.00
"9330017.01",6595.00,3450.00,3060.00,385.00,3155.00,2305.00,130.00,370.00,350.00,3155.00,1705.00,1515.00,190.00,1445.00,1210.00,50.00,125.00,70.00,3440.00,1740.00,1545.00,195.00,1705.00,1095.00,75.00,245.00,285.00
"9330017.02",5810.00,2830.00,2540.00,290.00,2980.00,2160.00,130.00,370.00,315.00,2845.00,1405.00,1260.00,145.00,1440.00,1170.00,50.00,155.00,65.00,2965.00,1425.00,1275.00,150.00,1540.00,990.00,80.00,220.00,250.00
"9330018.01",6005.00,3200.00,2875.00,325.00,2810.00,2010.00,130.00,355.00,320.00,2910.00,1585.00,1420.00,165.00,1320.00,1090.00,30.00,140.00,60.00,3100.00,1615.00,1455.00,155.00,1480.00,920.00,95.00,210.00,260.00
"9330018.02",5925.00,3145.00,2765.00,385.00,2780.00,2050.00,145.00,310.00,275.00,2880.00,1555.00,1365.00,190.00,1325.00,1100.00,55.00,125.00,45.00,3045.00,1590.00,1400.00,195.00,1455.00,945.00,90.00,190.00,230.00
"9330019.00",4260.00,2300.00,2010.00,285.00,1965.00,1325.00,95.00,265.00,275.00,1970.00,1135.00,995.00,140.00,830.00,670.00,45.00,90.00,30.00,2290.00,1160.00,1015.00,145.00,1130.00,655.00,55.00,175.00,245.00
"9330020.00",2435.00,1250.00,1180.00,70.00,1185.00,665.00,50.00,115.00,355.00,1110.00,625.00,585.00,35.00,485.00,360.00,15.00,40.00,70.00,1325.00,630.00,590.00,35.00,695.00,310.00,30.00,75.00,280.00
"9330021.00",3120.00,1840.00,1705.00,135.00,1275.00,1025.00,45.00,95.00,110.00,1440.00,890.00,825.00,65.00,555.00,500.00,10.00,20.00,25.00,1675.00,955.00,885.00,70.00,720.00,520.00,35.00,75.00,90.00
"9330022.00",2790.00,1310.00,1115.00,200.00,1480.00,835.00,95.00,280.00,275.00,1160.00,625.00,520.00,105.00,535.00,400.00,25.00,75.00,40.00,1630.00,685.00,590.00,95.00,945.00,435.00,70.00,205.00,240.00
"9330023.00",3555.00,2175.00,2090.00,90.00,1380.00,1015.00,50.00,145.00,175.00,1675.00,1070.00,1020.00,40.00,610.00,525.00,15.00,25.00,40.00,1885.00,1115.00,1070.00,45.00,770.00,485.00,30.00,115.00,130.00
"9330024.00",4820.00,3020.00,2875.00,140.00,1795.00,1435.00,70.00,145.00,150.00,2305.00,1465.00,1395.00,75.00,835.00,740.00,20.00,45.00,30.00,2515.00,1550.00,1480.00,70.00,965.00,700.00,50.00,100.00,120.00
"9330025.00",6175.00,3625.00,3315.00,305.00,2550.00,1925.00,100.00,275.00,245.00,2895.00,1770.00,1615.00,155.00,1125.00,975.00,35.00,75.00,40.00,3280.00,1850.00,1700.00,150.00,1430.00,950.00,65.00,205.00,205.00
"9330026.00",3990.00,2295.00,2140.00,160.00,1695.00,1260.00,60.00,210.00,165.00,1875.00,1110.00,1030.00,80.00,765.00,645.00,25.00,65.00,35.00,2120.00,1190.00,1105.00,80.00,935.00,620.00,40.00,150.00,130.00
"9330027.01",3535.00,1880.00,1770.00,110.00,1650.00,1185.00,60.00,155.00,245.00,1600.00,910.00,855.00,60.00,695.00,600.00,15.00,35.00,35.00,1925.00,970.00,915.00,55.00,955.00,585.00,45.00,120.00,210.00
"9330027.02",3220.00,1830.00,1740.00,85.00,1390.00,965.00,70.00,165.00,190.00,1375.00,855.00,810.00,45.00,520.00,440.00,20.00,45.00,20.00,1845.00,975.00,930.00,45.00,870.00,525.00,55.00,125.00,165.00
"9330028.00",2620.00,1530.00,1340.00,190.00,1085.00,860.00,35.00,110.00,85.00,1215.00,745.00,645.00,95.00,470.00,410.00,10.00,40.00,15.00,1405.00,785.00,700.00,90.00,620.00,445.00,25.00,75.00,70.00
"9330029.00",5800.00,3135.00,2585.00,550.00,2665.00,1900.00,105.00,335.00,325.00,2715.00,1580.00,1305.00,280.00,1130.00,900.00,40.00,115.00,80.00,3085.00,1555.00,1280.00,270.00,1535.00,1000.00,60.00,220.00,245.00
"9330030.00",5775.00,3245.00,2620.00,615.00,2540.00,1945.00,95.00,260.00,230.00,2710.00,1585.00,1295.00,295.00,1125.00,955.00,30.00,85.00,55.00,3070.00,1655.00,1330.00,325.00,1410.00,995.00,65.00,175.00,175.00
"9330031.01",5200.00,2900.00,2275.00,620.00,2300.00,1800.00,85.00,260.00,155.00,2430.00,1430.00,1135.00,300.00,995.00,855.00,35.00,85.00,20.00,2770.00,1465.00,1145.00,315.00,1305.00,945.00,50.00,170.00,135.00
"9330031.02",3910.00,2150.00,1710.00,440.00,1760.00,1370.00,65.00,180.00,145.00,1890.00,1065.00,845.00,215.00,825.00,700.00,25.00,70.00,25.00,2020.00,1085.00,860.00,220.00,930.00,670.00,35.00,110.00,120.00
"9330032.00",7780.00,4165.00,3240.00,920.00,3625.00,2750.00,180.00,410.00,280.00,3770.00,2060.00,1620.00,445.00,1705.00,1415.00,85.00,165.00,50.00,4015.00,2105.00,1625.00,475.00,1915.00,1335.00,95.00,250.00,235.00
"9330033.01",4395.00,2465.00,2060.00,405.00,1925.00,1430.00,100.00,210.00,180.00,2035.00,1210.00,1015.00,195.00,820.00,665.00,40.00,75.00,35.00,2360.00,1255.00,1045.00,210.00,1105.00,765.00,55.00,145.00,140.00
"9330033.02",2640.00,1400.00,1255.00,150.00,1240.00,935.00,55.00,120.00,130.00,1265.00,690.00,620.00,70.00,570.00,490.00,20.00,45.00,20.00,1375.00,710.00,635.00,75.00,665.00,440.00,35.00,80.00,115.00
"9330034.01",4510.00,2295.00,2040.00,250.00,2215.00,1620.00,110.00,255.00,235.00,2170.00,1140.00,1015.00,120.00,1035.00,835.00,55.00,100.00,50.00,2340.00,1155.00,1030.00,125.00,1185.00,780.00,60.00,155.00,190.00
"9330034.02",6225.00,3205.00,2740.00,470.00,3015.00,2075.00,145.00,375.00,425.00,3030.00,1600.00,1375.00,230.00,1425.00,1120.00,60.00,155.00,85.00,3195.00,1605.00,1365.00,240.00,1590.00,950.00,85.00,215.00,340.00
"9330035.01",3770.00,1905.00,1655.00,250.00,1870.00,1385.00,80.00,180.00,220.00,1830.00,960.00,840.00,125.00,870.00,730.00,35.00,60.00,40.00,1945.00,950.00,825.00,125.00,995.00,655.00,45.00,120.00,175.00
"9330035.02",6085.00,3015.00,2635.00,380.00,3075.00,2150.00,140.00,395.00,385.00,2910.00,1495.00,1310.00,190.00,1410.00,1125.00,55.00,160.00,70.00,3180.00,1515.00,1330.00,190.00,1665.00,1025.00,85.00,245.00,315.00
"9330036.01",5455.00,2855.00,2610.00,240.00,2600.00,1850.00,100.00,300.00,355.00,2640.00,1420.00,1300.00,115.00,1225.00,995.00,40.00,120.00,65.00,2815.00,1440.00,1310.00,130.00,1380.00,850.00,60.00,180.00,290.00
"9330036.02",5340.00,2925.00,2645.00,280.00,2415.00,1800.00,100.00,255.00,260.00,2650.00,1455.00,1315.00,140.00,1195.00,1000.00,35.00,110.00,40.00,2695.00,1470.00,1330.00,140.00,1220.00,800.00,65.00,145.00,215.00
"9330037.01",4230.00,2055.00,1490.00,570.00,2180.00,1730.00,100.00,225.00,125.00,2070.00,1020.00,735.00,290.00,1050.00,895.00,45.00,95.00,20.00,2165.00,1035.00,755.00,280.00,1130.00,840.00,60.00,130.00,100.00
"9330037.02",3240.00,1445.00,990.00,460.00,1795.00,1410.00,90.00,210.00,90.00,1630.00,710.00,490.00,220.00,920.00,755.00,40.00,105.00,15.00,1615.00,735.00,500.00,235.00,875.00,655.00,45.00,105.00,70.00
"9330038.00",5245.00,2555.00,1555.00,1000.00,2695.00,2065.00,110.00,300.00,225.00,2410.00,1245.00,760.00,485.00,1165.00,950.00,50.00,125.00,35.00,2835.00,1305.00,790.00,510.00,1530.00,1105.00,60.00,175.00,190.00
"9330039.01",5345.00,2655.00,1585.00,1075.00,2685.00,2105.00,105.00,360.00,110.00,2460.00,1325.00,790.00,530.00,1130.00,965.00,35.00,115.00,15.00,2880.00,1330.00,790.00,540.00,1550.00,1140.00,70.00,245.00,100.00
"9330039.02",5155.00,2610.00,1900.00,710.00,2545.00,1690.00,140.00,405.00,305.00,2220.00,1325.00,965.00,360.00,895.00,715.00,55.00,95.00,35.00,2935.00,1285.00,935.00,350.00,1650.00,980.00,85.00,310.00,270.00
"9330040.01",3950.00,1505.00,835.00,670.00,2445.00,2045.00,70.00,255.00,75.00,1760.00,750.00,415.00,335.00,1005.00,875.00,25.00,90.00,20.00,2195.00,755.00,420.00,335.00,1435.00,1170.00,45.00,170.00,60.00
"9330040.02",4365.00,1840.00,1050.00,795.00,2520.00,1890.00,110.00,380.00,140.00,1885.00,935.00,525.00,405.00,955.00,755.00,45.00,125.00,25.00,2480.00,910.00,520.00,390.00,1570.00,1135.00,65.00,255.00,115.00
"9330041.01",4265.00,1905.00,1115.00,785.00,2360.00,1690.00,95.00,370.00,210.00,1825.00,970.00,560.00,405.00,855.00,670.00,30.00,115.00,35.00,2440.00,935.00,560.00,375.00,1510.00,1020.00,60.00,250.00,180.00
"9330041.02",6525.00,3455.00,2690.00,770.00,3070.00,2130.00,125.00,495.00,315.00,2855.00,1705.00,1315.00,390.00,1150.00,930.00,45.00,130.00,45.00,3670.00,1750.00,1375.00,380.00,1920.00,1200.00,80.00,370.00,270.00
"9330042.00",5480.00,2960.00,2425.00,535.00,2520.00,1955.00,85.00,325.00,150.00,2600.00,1475.00,1200.00,275.00,1120.00,960.00,25.00,105.00,25.00,2885.00,1485.00,1220.00,265.00,1400.00,995.00,60.00,225.00,125.00
"9330043.01",3470.00,1810.00,1570.00,240.00,1660.00,1310.00,55.00,180.00,110.00,1665.00,885.00,765.00,125.00,785.00,680.00,15.00,55.00,25.00,1805.00,925.00,805.00,120.00,880.00,630.00,45.00,125.00,85.00
"9330043.02",3595.00,2170.00,1965.00,200.00,1430.00,1125.00,45.00,160.00,105.00,1645.00,1050.00,955.00,100.00,595.00,525.00,10.00,40.00,20.00,1950.00,1115.00,1015.00,100.00,835.00,595.00,35.00,125.00,80.00
"9330044.00",4095.00,2330.00,1970.00,360.00,1770.00,1200.00,80.00,290.00,200.00,1915.00,1145.00,960.00,180.00,770.00,595.00,35.00,95.00,45.00,2180.00,1180.00,1005.00,180.00,1000.00,605.00,45.00,195.00,155.00
"9330045.01",4310.00,2310.00,1625.00,690.00,2000.00,1525.00,80.00,290.00,105.00,2040.00,1150.00,810.00,340.00,890.00,745.00,35.00,90.00,20.00,2270.00,1165.00,820.00,350.00,1110.00,780.00,50.00,195.00,85.00
"9330045.02",5165.00,2710.00,1875.00,835.00,2450.00,1970.00,95.00,280.00,115.00,2440.00,1350.00,930.00,425.00,1090.00,925.00,40.00,95.00,25.00,2720.00,1360.00,945.00,415.00,1365.00,1045.00,50.00,180.00,85.00
"9330046.00",4765.00,2115.00,1285.00,835.00,2645.00,2015.00,105.00,410.00,120.00,2190.00,1070.00,640.00,425.00,1125.00,935.00,45.00,125.00,20.00,2575.00,1050.00,645.00,410.00,1520.00,1080.00,60.00,285.00,100.00
"9330047.01",3475.00,1600.00,895.00,705.00,1875.00,1275.00,70.00,340.00,190.00,1560.00,820.00,450.00,370.00,740.00,560.00,30.00,115.00,40.00,1920.00,780.00,445.00,340.00,1130.00,715.00,40.00,225.00,150.00
"9330047.02",3900.00,1695.00,805.00,890.00,2205.00,1740.00,85.00,305.00,75.00,1830.00,840.00,395.00,445.00,985.00,815.00,40.00,110.00,15.00,2070.00,850.00,410.00,445.00,1220.00,925.00,45.00,195.00,55.00
"9330048.00",7315.00,3585.00,2305.00,1280.00,3730.00,2730.00,160.00,615.00,225.00,3425.00,1805.00,1160.00,645.00,1620.00,1305.00,75.00,200.00,40.00,3885.00,1775.00,1145.00,630.00,2110.00,1425.00,85.00,415.00,190.00
"9330049.01",12695.00,7365.00,4865.00,2500.00,5330.00,4025.00,265.00,790.00,245.00,6180.00,3735.00,2430.00,1305.00,2450.00,1995.00,125.00,265.00,65.00,6515.00,3635.00,2435.00,1200.00,2880.00,2035.00,145.00,525.00,185.00
"9330049.02",5385.00,2950.00,2315.00,630.00,2430.00,1240.00,145.00,700.00,350.00,2405.00,1480.00,1160.00,320.00,920.00,575.00,55.00,210.00,75.00,2980.00,1465.00,1155.00,310.00,1515.00,660.00,90.00,485.00,275.00
"9330050.02",5650.00,2365.00,1430.00,935.00,3285.00,2440.00,170.00,485.00,190.00,2765.00,1170.00,710.00,460.00,1595.00,1300.00,65.00,200.00,25.00,2885.00,1195.00,725.00,475.00,1685.00,1140.00,105.00,285.00,160.00
"9330050.03",5650.00,2625.00,1415.00,1205.00,3030.00,2385.00,150.00,400.00,95.00,2880.00,1335.00,715.00,620.00,1550.00,1260.00,80.00,175.00,25.00,2770.00,1290.00,700.00,585.00,1480.00,1125.00,70.00,225.00,65.00
"9330050.04",2885.00,1145.00,685.00,465.00,1740.00,1340.00,110.00,205.00,80.00,1455.00,575.00,340.00,240.00,885.00,735.00,40.00,85.00,20.00,1425.00,570.00,345.00,230.00,855.00,605.00,70.00,120.00,60.00
"9330051.01",2865.00,1545.00,1230.00,320.00,1325.00,1005.00,55.00,145.00,115.00,1360.00,755.00,605.00,150.00,605.00,510.00,20.00,55.00,20.00,1505.00,790.00,620.00,170.00,720.00,495.00,35.00,90.00,95.00
"9330051.02",4155.00,2055.00,1765.00,290.00,2100.00,1485.00,105.00,230.00,285.00,1955.00,1025.00,880.00,140.00,935.00,760.00,40.00,90.00,45.00,2200.00,1030.00,885.00,150.00,1165.00,725.00,60.00,140.00,235.00
"9330052.01",5290.00,2555.00,2255.00,300.00,2730.00,1815.00,140.00,360.00,420.00,2525.00,1285.00,1135.00,145.00,1240.00,970.00,50.00,135.00,85.00,2765.00,1275.00,1120.00,155.00,1490.00,845.00,90.00,220.00,340.00
"9330052.02",5460.00,2865.00,2490.00,375.00,2600.00,1840.00,120.00,345.00,285.00,2710.00,1425.00,1240.00,185.00,1290.00,1045.00,45.00,145.00,60.00,2745.00,1435.00,1240.00,195.00,1310.00,800.00,75.00,205.00,230.00
"9330053.01",5655.00,2970.00,2430.00,545.00,2680.00,1925.00,125.00,320.00,315.00,2740.00,1470.00,1200.00,265.00,1270.00,1030.00,50.00,140.00,50.00,2915.00,1505.00,1220.00,280.00,1410.00,895.00,75.00,175.00,260.00
"9330053.02",3050.00,1630.00,1370.00,265.00,1420.00,1050.00,65.00,170.00,135.00,1570.00,825.00,690.00,135.00,740.00,605.00,35.00,75.00,30.00,1485.00,805.00,680.00,130.00,675.00,445.00,25.00,90.00,105.00
"9330054.01",3540.00,1865.00,1355.00,510.00,1675.00,1245.00,80.00,200.00,150.00,1700.00,910.00,665.00,250.00,785.00,635.00,35.00,80.00,35.00,1840.00,950.00,690.00,260.00,890.00,610.00,45.00,120.00,115.00
"9330054.02",3825.00,2160.00,1825.00,335.00,1665.00,1175.00,75.00,180.00,235.00,1800.00,1065.00,910.00,160.00,735.00,610.00,25.00,60.00,40.00,2020.00,1090.00,920.00,175.00,930.00,565.00,45.00,115.00,200.00
"9330055.01",4825.00,2130.00,1400.00,735.00,2695.00,2015.00,125.00,365.00,195.00,2385.00,1050.00,695.00,360.00,1335.00,1075.00,60.00,170.00,30.00,2440.00,1080.00,705.00,375.00,1355.00,940.00,65.00,195.00,165.00
"9330055.02",3955.00,1775.00,1065.00,705.00,2185.00,1570.00,125.00,350.00,135.00,1945.00,865.00,525.00,340.00,1080.00,835.00,60.00,145.00,35.00,2010.00,905.00,540.00,365.00,1105.00,730.00,70.00,205.00,95.00
"9330056.01",3710.00,1440.00,740.00,705.00,2265.00,1660.00,140.00,325.00,145.00,1795.00,700.00,360.00,340.00,1090.00,865.00,65.00,135.00,25.00,1915.00,740.00,375.00,365.00,1175.00,795.00,70.00,195.00,115.00
"9330056.02",3970.00,1890.00,1100.00,795.00,2075.00,1635.00,75.00,275.00,90.00,1875.00,915.00,535.00,385.00,960.00,790.00,40.00,105.00,20.00,2090.00,975.00,560.00,410.00,1120.00,845.00,40.00,170.00,65.00
"9330057.01",2770.00,965.00,740.00,225.00,1810.00,1065.00,120.00,355.00,270.00,1505.00,505.00,385.00,120.00,1005.00,660.00,65.00,230.00,45.00,1265.00,460.00,355.00,110.00,805.00,405.00,55.00,125.00,225.00
"9330057.02",4415.00,1740.00,1265.00,470.00,2680.00,1755.00,135.00,410.00,385.00,2175.00,865.00,625.00,240.00,1310.00,980.00,65.00,205.00,55.00,2245.00,875.00,640.00,235.00,1370.00,765.00,65.00,205.00,330.00
"9330058.00",4025.00,620.00,440.00,180.00,3400.00,2165.00,300.00,730.00,205.00,2455.00,335.00,235.00,100.00,2125.00,1470.00,130.00,475.00,50.00,1570.00,290.00,205.00,85.00,1280.00,690.00,170.00,255.00,155.00
"9330059.06",7470.00,1820.00,995.00,825.00,5650.00,3985.00,360.00,940.00,365.00,4780.00,995.00,545.00,450.00,3780.00,2825.00,205.00,640.00,115.00,2695.00,825.00,450.00,375.00,1870.00,1160.00,155.00,300.00,250.00
"9330059.07",4490.00,2825.00,2190.00,635.00,1665.00,1025.00,110.00,370.00,160.00,2220.00,1445.00,1090.00,360.00,775.00,575.00,45.00,120.00,35.00,2270.00,1380.00,1095.00,280.00,895.00,455.00,60.00,250.00,125.00
"9330059.08",6155.00,3550.00,2925.00,625.00,2605.00,1660.00,140.00,520.00,285.00,2985.00,1825.00,1485.00,335.00,1170.00,905.00,55.00,160.00,55.00,3165.00,1735.00,1440.00,290.00,1435.00,755.00,85.00,365.00,235.00
"9330059.09",6655.00,2600.00,1545.00,1050.00,4050.00,3305.00,155.00,475.00,120.00,3660.00,1385.00,795.00,590.00,2270.00,1925.00,85.00,235.00,25.00,2995.00,1215.00,755.00,460.00,1780.00,1380.00,65.00,245.00,95.00
"9330059.1",6020.00,2445.00,1475.00,975.00,3570.00,2890.00,130.00,455.00,95.00,3360.00,1315.00,775.00,540.00,2045.00,1690.00,75.00,255.00,30.00,2655.00,1135.00,695.00,435.00,1530.00,1200.00,55.00,205.00,65.00
"9330059.11",6895.00,2925.00,1890.00,1040.00,3970.00,3290.00,150.00,435.00,90.00,3745.00,1535.00,970.00,565.00,2210.00,1910.00,80.00,185.00,30.00,3150.00,1390.00,920.00,475.00,1760.00,1380.00,65.00,250.00,60.00
"9330059.13",4510.00,2130.00,1335.00,790.00,2380.00,1980.00,135.00,210.00,55.00,2385.00,1100.00,680.00,420.00,1285.00,1135.00,40.00,95.00,15.00,2125.00,1025.00,655.00,370.00,1100.00,845.00,90.00,120.00,40.00
"9330059.14",8105.00,4280.00,2990.00,1290.00,3825.00,3045.00,150.00,480.00,150.00,4090.00,2200.00,1515.00,685.00,1890.00,1620.00,70.00,180.00,30.00,4015.00,2080.00,1475.00,610.00,1935.00,1430.00,80.00,300.00,115.00
"9330060.01",3025.00,1330.00,675.00,655.00,1695.00,1320.00,65.00,255.00,50.00,1625.00,720.00,350.00,370.00,905.00,760.00,35.00,105.00,10.00,1395.00,615.00,320.00,290.00,785.00,565.00,30.00,150.00,40.00
"9330060.02",5760.00,2405.00,1285.00,1120.00,3355.00,2555.00,155.00,515.00,140.00,3170.00,1320.00,680.00,640.00,1850.00,1510.00,70.00,230.00,40.00,2590.00,1085.00,605.00,480.00,1510.00,1050.00,85.00,280.00,100.00
"9330061.00",4940.00,2150.00,1160.00,990.00,2790.00,2105.00,110.00,465.00,115.00,2585.00,1180.00,620.00,555.00,1410.00,1140.00,55.00,195.00,15.00,2355.00,970.00,540.00,435.00,1380.00,970.00,55.00,265.00,95.00
"9330062.00",3315.00,1545.00,970.00,580.00,1765.00,1070.00,90.00,415.00,185.00,1700.00,850.00,520.00,330.00,850.00,595.00,35.00,175.00,45.00,1610.00,700.00,450.00,250.00,915.00,475.00,60.00,240.00,140.00
"9330063.00",3760.00,1600.00,900.00,695.00,2165.00,1560.00,105.00,350.00,145.00,1905.00,875.00,485.00,395.00,1025.00,835.00,45.00,115.00,30.00,1860.00,720.00,420.00,305.00,1135.00,725.00,60.00,240.00,120.00
"9330064.00",4470.00,1745.00,925.00,820.00,2725.00,2175.00,115.00,340.00,95.00,2365.00,955.00,495.00,455.00,1410.00,1185.00,55.00,150.00,30.00,2105.00,790.00,430.00,365.00,1310.00,990.00,60.00,200.00,65.00
"9330065.00",6850.00,2790.00,1650.00,1135.00,4060.00,3150.00,155.00,525.00,225.00,3555.00,1490.00,865.00,625.00,2065.00,1725.00,75.00,215.00,40.00,3295.00,1295.00,790.00,505.00,2000.00,1425.00,80.00,310.00,185.00
"9330066.00",7950.00,4305.00,3425.00,875.00,3650.00,2805.00,135.00,540.00,165.00,3970.00,2190.00,1715.00,475.00,1780.00,1460.00,75.00,210.00,35.00,3980.00,2110.00,1710.00,400.00,1870.00,1350.00,60.00,330.00,130.00
"9330067.01",3620.00,1375.00,760.00,620.00,2250.00,1625.00,85.00,425.00,110.00,1920.00,740.00,405.00,335.00,1185.00,925.00,50.00,180.00,25.00,1705.00,635.00,360.00,280.00,1065.00,705.00,35.00,235.00,85.00
"9330067.02",4420.00,2385.00,1920.00,470.00,2030.00,1435.00,115.00,335.00,155.00,2165.00,1225.00,970.00,260.00,935.00,735.00,40.00,130.00,30.00,2260.00,1160.00,950.00,210.00,1095.00,705.00,75.00,205.00,125.00
"9330068.00",4875.00,2055.00,1265.00,785.00,2820.00,2040.00,105.00,510.00,155.00,2525.00,1120.00,675.00,445.00,1410.00,1100.00,55.00,220.00,35.00,2345.00,935.00,590.00,345.00,1410.00,940.00,55.00,290.00,125.00
"9330069.01",9390.00,4445.00,4100.00,345.00,4940.00,4310.00,150.00,275.00,210.00,4545.00,2150.00,1975.00,170.00,2395.00,2220.00,45.00,90.00,40.00,4840.00,2295.00,2125.00,170.00,2545.00,2095.00,105.00,185.00,165.00
"9330069.02",4160.00,2195.00,2020.00,180.00,1965.00,1620.00,80.00,150.00,120.00,1850.00,1010.00,930.00,90.00,840.00,760.00,20.00,40.00,20.00,2310.00,1185.00,1095.00,90.00,1125.00,865.00,60.00,110.00,95.00
"9330100.01",3535.00,1970.00,1685.00,280.00,1560.00,905.00,85.00,295.00,270.00,1625.00,980.00,840.00,140.00,645.00,480.00,25.00,105.00,35.00,1910.00,990.00,850.00,145.00,915.00,430.00,60.00,190.00,240.00
"9330100.02",6250.00,3420.00,2585.00,840.00,2830.00,1890.00,185.00,505.00,245.00,3070.00,1715.00,1295.00,420.00,1355.00,1035.00,75.00,200.00,50.00,3180.00,1705.00,1290.00,415.00,1475.00,855.00,105.00,310.00,190.00
"9330101.03",4935.00,2345.00,1695.00,655.00,2585.00,1595.00,175.00,580.00,235.00,2315.00,1165.00,835.00,325.00,1150.00,800.00,80.00,235.00,35.00,2620.00,1180.00,850.00,325.00,1435.00,795.00,100.00,340.00,200.00
"9330101.04",4100.00,2020.00,1625.00,405.00,2075.00,1155.00,150.00,445.00,320.00,1875.00,990.00,785.00,200.00,885.00,605.00,70.00,165.00,45.00,2230.00,1035.00,835.00,200.00,1195.00,550.00,80.00,280.00,275.00
"9330101.05",4260.00,2285.00,1860.00,420.00,1975.00,1310.00,125.00,385.00,155.00,1985.00,1135.00,925.00,210.00,845.00,655.00,45.00,120.00,25.00,2275.00,1145.00,935.00,210.00,1130.00,660.00,85.00,265.00,125.00
"9330101.06",4425.00,2235.00,1670.00,560.00,2185.00,1195.00,190.00,535.00,265.00,2020.00,1110.00,825.00,285.00,910.00,595.00,80.00,190.00,40.00,2405.00,1125.00,850.00,275.00,1280.00,600.00,105.00,345.00,225.00
"9330102.01",470.00,205.00,105.00,95.00,270.00,220.00,15.00,25.00,20.00,245.00,105.00,50.00,50.00,140.00,120.00,5.00,10.00,5.00,235.00,100.00,50.00,50.00,130.00,95.00,10.00,10.00,15.00
"9330102.02",5315.00,2960.00,2515.00,445.00,2355.00,1670.00,165.00,375.00,145.00,2530.00,1470.00,1245.00,225.00,1060.00,875.00,55.00,105.00,25.00,2780.00,1490.00,1270.00,220.00,1290.00,790.00,105.00,275.00,120.00
"9330103.00",6690.00,3385.00,2805.00,580.00,3305.00,2055.00,235.00,665.00,350.00,3105.00,1675.00,1385.00,285.00,1430.00,1095.00,95.00,185.00,55.00,3585.00,1710.00,1420.00,295.00,1875.00,955.00,140.00,480.00,295.00
"9330104.00",6315.00,3690.00,3220.00,470.00,2630.00,1870.00,145.00,380.00,240.00,3035.00,1840.00,1600.00,240.00,1195.00,985.00,45.00,130.00,40.00,3285.00,1845.00,1620.00,230.00,1435.00,885.00,105.00,250.00,195.00
"9330110.02",2520.00,1685.00,1525.00,160.00,835.00,580.00,55.00,115.00,90.00,1225.00,840.00,760.00,80.00,390.00,300.00,20.00,50.00,15.00,1295.00,845.00,765.00,85.00,445.00,280.00,30.00,65.00,75.00
"9330110.03",2665.00,1735.00,1505.00,230.00,930.00,615.00,50.00,150.00,110.00,1300.00,865.00,750.00,115.00,440.00,345.00,15.00,50.00,25.00,1360.00,870.00,755.00,115.00,490.00,275.00,35.00,100.00,80.00
"9330110.04",3415.00,2205.00,1985.00,220.00,1210.00,885.00,65.00,170.00,95.00,1615.00,1090.00,990.00,105.00,515.00,445.00,15.00,35.00,20.00,1800.00,1110.00,1000.00,115.00,690.00,435.00,50.00,135.00,75.00
"9330111.02",6300.00,4085.00,3730.00,350.00,2210.00,1520.00,110.00,270.00,315.00,2990.00,2030.00,1855.00,180.00,960.00,790.00,35.00,80.00,55.00,3310.00,2055.00,1875.00,180.00,1255.00,735.00,80.00,190.00,255.00
"9330111.04",1630.00,910.00,665.00,245.00,720.00,395.00,55.00,205.00,60.00,725.00,450.00,325.00,125.00,275.00,190.00,20.00,55.00,10.00,905.00,460.00,340.00,125.00,440.00,210.00,35.00,150.00,50.00
"9330111.05",4180.00,2410.00,2055.00,355.00,1775.00,1110.00,90.00,245.00,325.00,1950.00,1215.00,1040.00,175.00,735.00,580.00,40.00,65.00,55.00,2225.00,1195.00,1015.00,180.00,1030.00,535.00,50.00,180.00,270.00
"9330111.06",105.00,35.00,20.00,15.00,70.00,55.00,0.00,10.00,5.00,50.00,20.00,10.00,5.00,35.00,30.00,0.00,0.00,0.00,50.00,15.00,5.00,10.00,35.00,25.00,0.00,10.00,0.00
"9330111.07",3565.00,2035.00,1675.00,360.00,1525.00,1060.00,110.00,270.00,85.00,1705.00,1005.00,835.00,175.00,695.00,550.00,55.00,80.00,10.00,1860.00,1030.00,845.00,185.00,830.00,505.00,60.00,195.00,70.00
"9330112.00",2340.00,1420.00,1230.00,190.00,925.00,575.00,55.00,150.00,145.00,1145.00,710.00,610.00,95.00,445.00,330.00,25.00,60.00,25.00,1195.00,715.00,615.00,100.00,485.00,245.00,25.00,90.00,120.00
"9330113.00",6445.00,3795.00,3275.00,520.00,2650.00,1650.00,170.00,465.00,370.00,3030.00,1880.00,1625.00,255.00,1140.00,860.00,65.00,150.00,70.00,3420.00,1910.00,1645.00,260.00,1510.00,790.00,105.00,315.00,300.00
"9330114.01",2325.00,1495.00,1375.00,125.00,835.00,610.00,35.00,110.00,80.00,1145.00,745.00,680.00,60.00,405.00,335.00,10.00,35.00,20.00,1180.00,745.00,685.00,60.00,435.00,275.00,25.00,75.00,55.00
"9330114.02",4290.00,2725.00,2435.00,290.00,1570.00,1145.00,75.00,210.00,140.00,2090.00,1355.00,1210.00,145.00,735.00,610.00,30.00,60.00,30.00,2200.00,1370.00,1225.00,145.00,825.00,525.00,40.00,150.00,110.00
"9330115.00",4785.00,3010.00,2675.00,330.00,1780.00,1115.00,100.00,245.00,320.00,2205.00,1475.00,1310.00,165.00,725.00,565.00,40.00,65.00,60.00,2580.00,1530.00,1365.00,170.00,1050.00,550.00,65.00,175.00,260.00
"9330116.00",4325.00,2845.00,2575.00,270.00,1480.00,1070.00,85.00,155.00,170.00,2115.00,1420.00,1285.00,135.00,695.00,560.00,35.00,55.00,40.00,2210.00,1425.00,1290.00,135.00,790.00,505.00,50.00,100.00,135.00
"9330117.00",5120.00,3180.00,2905.00,275.00,1945.00,1330.00,95.00,240.00,280.00,2480.00,1580.00,1435.00,145.00,900.00,730.00,35.00,75.00,60.00,2640.00,1600.00,1470.00,135.00,1045.00,600.00,60.00,165.00,220.00
"9330118.00",6885.00,3965.00,3485.00,485.00,2915.00,1785.00,215.00,570.00,345.00,3285.00,1975.00,1735.00,245.00,1305.00,950.00,95.00,200.00,65.00,3600.00,1990.00,1750.00,240.00,1610.00,840.00,120.00,370.00,285.00
"9330119.00",1855.00,1185.00,1080.00,110.00,665.00,440.00,40.00,95.00,90.00,870.00,595.00,535.00,60.00,275.00,220.00,15.00,30.00,15.00,985.00,595.00,540.00,50.00,390.00,225.00,25.00,65.00,75.00
"9330120.00",3175.00,2030.00,1910.00,120.00,1145.00,805.00,50.00,130.00,165.00,1510.00,1000.00,940.00,55.00,510.00,415.00,15.00,35.00,35.00,1670.00,1035.00,965.00,65.00,635.00,390.00,35.00,90.00,125.00
"9330121.00",3570.00,2375.00,2230.00,145.00,1195.00,900.00,40.00,135.00,120.00,1760.00,1175.00,1105.00,70.00,580.00,490.00,15.00,45.00,35.00,1810.00,1195.00,1125.00,70.00,615.00,410.00,30.00,85.00,90.00
"9330122.00",3440.00,2315.00,2165.00,145.00,1125.00,860.00,40.00,110.00,110.00,1690.00,1145.00,1070.00,75.00,545.00,465.00,15.00,40.00,20.00,1755.00,1170.00,1100.00,75.00,585.00,400.00,25.00,75.00,90.00
"9330130.01",4365.00,2190.00,1970.00,225.00,2175.00,695.00,135.00,515.00,835.00,1705.00,1085.00,970.00,110.00,625.00,300.00,50.00,145.00,130.00,2655.00,1110.00,1000.00,110.00,1545.00,390.00,80.00,370.00,705.00
"9330130.03",4375.00,2150.00,1945.00,210.00,2225.00,1015.00,140.00,565.00,500.00,1855.00,1060.00,955.00,105.00,800.00,475.00,60.00,175.00,85.00,2515.00,1090.00,990.00,100.00,1425.00,535.00,80.00,395.00,415.00
"9330130.04",2565.00,1220.00,955.00,270.00,1340.00,870.00,85.00,245.00,145.00,1220.00,600.00,465.00,130.00,615.00,470.00,40.00,80.00,30.00,1345.00,620.00,485.00,135.00,725.00,400.00,45.00,165.00,115.00
"9330131.00",5940.00,3515.00,3325.00,185.00,2425.00,1445.00,125.00,395.00,455.00,2640.00,1715.00,1620.00,95.00,925.00,705.00,40.00,105.00,80.00,3300.00,1795.00,1710.00,90.00,1500.00,740.00,85.00,295.00,380.00
"9330132.00",2920.00,1980.00,1850.00,135.00,935.00,675.00,45.00,115.00,105.00,1365.00,975.00,905.00,70.00,390.00,320.00,15.00,40.00,20.00,1555.00,1005.00,945.00,60.00,545.00,355.00,30.00,70.00,85.00
"9330133.01",3155.00,2085.00,1890.00,195.00,1075.00,705.00,55.00,185.00,130.00,1535.00,1040.00,945.00,95.00,495.00,380.00,20.00,65.00,35.00,1620.00,1045.00,945.00,100.00,575.00,320.00,35.00,120.00,100.00
"9330133.02",5330.00,3705.00,3475.00,230.00,1625.00,1210.00,60.00,150.00,205.00,2590.00,1835.00,1715.00,115.00,760.00,645.00,15.00,50.00,45.00,2740.00,1875.00,1760.00,115.00,870.00,560.00,45.00,100.00,165.00
"9330134.00",6475.00,4075.00,3915.00,170.00,2395.00,1700.00,85.00,295.00,315.00,3035.00,1985.00,1900.00,85.00,1050.00,865.00,25.00,100.00,55.00,3445.00,2095.00,2010.00,80.00,1350.00,835.00,60.00,195.00,260.00
"9330135.00",4045.00,2605.00,2445.00,160.00,1445.00,1045.00,70.00,150.00,175.00,1940.00,1270.00,1190.00,80.00,670.00,550.00,20.00,60.00,35.00,2105.00,1330.00,1250.00,80.00,780.00,495.00,55.00,90.00,140.00
"9330140.02",6190.00,3915.00,3545.00,365.00,2280.00,1405.00,145.00,390.00,340.00,2830.00,1930.00,1750.00,180.00,900.00,690.00,45.00,100.00,65.00,3365.00,1980.00,1795.00,185.00,1380.00,715.00,100.00,290.00,275.00
"9330140.03",3745.00,2120.00,1915.00,200.00,1625.00,1125.00,115.00,230.00,160.00,1855.00,1070.00,970.00,100.00,785.00,610.00,55.00,85.00,35.00,1885.00,1050.00,945.00,100.00,840.00,510.00,60.00,145.00,125.00
"9330140.04",4250.00,2690.00,2510.00,185.00,1555.00,1165.00,80.00,170.00,150.00,2135.00,1350.00,1260.00,90.00,780.00,635.00,30.00,75.00,35.00,2115.00,1340.00,1250.00,90.00,775.00,525.00,45.00,95.00,110.00
"9330141.01",7125.00,4160.00,3775.00,380.00,2970.00,1790.00,185.00,530.00,460.00,3230.00,2070.00,1885.00,185.00,1160.00,870.00,65.00,145.00,80.00,3895.00,2090.00,1895.00,195.00,1805.00,920.00,120.00,385.00,385.00
"9330141.02",690.00,445.00,405.00,40.00,245.00,100.00,20.00,60.00,65.00,295.00,215.00,195.00,20.00,80.00,45.00,5.00,15.00,10.00,395.00,230.00,205.00,20.00,170.00,50.00,20.00,45.00,55.00
"9330142.01",5080.00,3190.00,2935.00,255.00,1885.00,1360.00,90.00,230.00,210.00,2435.00,1585.00,1455.00,125.00,850.00,710.00,20.00,65.00,50.00,2645.00,1605.00,1480.00,125.00,1045.00,650.00,70.00,165.00,165.00
"9330142.02",4315.00,2690.00,2475.00,215.00,1625.00,1150.00,70.00,235.00,170.00,2040.00,1315.00,1210.00,105.00,725.00,600.00,25.00,70.00,30.00,2270.00,1370.00,1265.00,110.00,900.00,550.00,45.00,170.00,135.00
"9330142.03",5215.00,3050.00,2865.00,190.00,2165.00,1410.00,110.00,310.00,330.00,2460.00,1490.00,1405.00,90.00,970.00,760.00,50.00,95.00,55.00,2755.00,1555.00,1460.00,95.00,1200.00,655.00,60.00,215.00,270.00
"9330143.01",4380.00,2855.00,2740.00,115.00,1525.00,1170.00,45.00,145.00,160.00,2130.00,1410.00,1355.00,60.00,720.00,625.00,15.00,35.00,40.00,2250.00,1445.00,1390.00,55.00,810.00,550.00,30.00,110.00,120.00
"9330143.02",4055.00,2330.00,2205.00,120.00,1725.00,1125.00,90.00,235.00,280.00,1880.00,1145.00,1085.00,65.00,735.00,590.00,20.00,75.00,50.00,2170.00,1180.00,1120.00,65.00,990.00,535.00,65.00,160.00,230.00
"9330143.03",4095.00,2450.00,2335.00,110.00,1645.00,1170.00,80.00,215.00,185.00,1935.00,1185.00,1130.00,60.00,750.00,615.00,35.00,65.00,35.00,2160.00,1265.00,1210.00,55.00,895.00,550.00,50.00,150.00,150.00
"9330143.04",4845.00,3100.00,2995.00,105.00,1745.00,1305.00,45.00,180.00,220.00,2255.00,1510.00,1465.00,50.00,740.00,655.00,15.00,50.00,25.00,2595.00,1595.00,1540.00,55.00,1000.00,645.00,30.00,135.00,190.00
"9330144.03",2140.00,1240.00,1150.00,90.00,900.00,650.00,40.00,120.00,90.00,1045.00,610.00,565.00,45.00,435.00,360.00,20.00,40.00,10.00,1090.00,625.00,580.00,45.00,465.00,285.00,25.00,75.00,75.00
"9330144.04",4905.00,2730.00,2495.00,230.00,2180.00,1465.00,110.00,320.00,285.00,2330.00,1355.00,1240.00,115.00,970.00,765.00,55.00,105.00,45.00,2580.00,1365.00,1255.00,115.00,1210.00,695.00,50.00,215.00,245.00
"9330144.05",2415.00,1485.00,1405.00,80.00,930.00,655.00,50.00,110.00,110.00,1150.00,730.00,685.00,40.00,420.00,350.00,15.00,40.00,15.00,1265.00,755.00,715.00,40.00,505.00,310.00,35.00,70.00,90.00
"9330144.06",4625.00,2805.00,2610.00,200.00,1820.00,1295.00,80.00,270.00,180.00,2230.00,1385.00,1285.00,100.00,845.00,685.00,25.00,100.00,40.00,2395.00,1425.00,1320.00,100.00,975.00,605.00,55.00,170.00,140.00
"9330145.01",3830.00,2370.00,2250.00,120.00,1460.00,1080.00,55.00,150.00,175.00,1830.00,1145.00,1090.00,60.00,680.00,570.00,25.00,55.00,40.00,1995.00,1220.00,1160.00,65.00,775.00,515.00,35.00,95.00,135.00
"9330145.02",2795.00,1820.00,1780.00,40.00,970.00,715.00,40.00,95.00,120.00,1365.00,905.00,885.00,20.00,455.00,390.00,10.00,35.00,25.00,1430.00,915.00,890.00,25.00,515.00,330.00,25.00,70.00,95.00
"9330146.00",6020.00,3605.00,3345.00,260.00,2415.00,1740.00,120.00,325.00,230.00,2980.00,1805.00,1670.00,130.00,1180.00,945.00,55.00,130.00,55.00,3040.00,1800.00,1675.00,130.00,1240.00,795.00,65.00,195.00,180.00
"9330147.01",9165.00,5820.00,5395.00,430.00,3355.00,2440.00,180.00,495.00,240.00,4310.00,2820.00,2610.00,210.00,1490.00,1255.00,55.00,140.00,35.00,4860.00,2995.00,2780.00,215.00,1865.00,1185.00,125.00,350.00,200.00
"9330147.04",4795.00,2665.00,2465.00,195.00,2135.00,1290.00,125.00,430.00,285.00,2170.00,1325.00,1225.00,100.00,845.00,645.00,45.00,105.00,40.00,2630.00,1340.00,1245.00,100.00,1285.00,645.00,80.00,330.00,240.00
"9330147.05",3985.00,2330.00,2145.00,185.00,1655.00,1135.00,95.00,270.00,160.00,1800.00,1140.00,1050.00,95.00,660.00,535.00,30.00,70.00,25.00,2185.00,1185.00,1090.00,95.00,995.00,600.00,65.00,195.00,135.00
"9330147.07",5250.00,2710.00,2465.00,250.00,2535.00,1775.00,105.00,410.00,245.00,2405.00,1320.00,1195.00,120.00,1090.00,855.00,40.00,155.00,35.00,2840.00,1395.00,1265.00,130.00,1445.00,920.00,65.00,255.00,215.00
"9330147.08",7115.00,3830.00,3390.00,435.00,3285.00,2260.00,195.00,510.00,320.00,3320.00,1865.00,1650.00,220.00,1455.00,1170.00,75.00,155.00,55.00,3795.00,1965.00,1740.00,220.00,1830.00,1090.00,125.00,350.00,265.00
"9330147.09",3400.00,1895.00,1770.00,120.00,1505.00,905.00,80.00,275.00,255.00,1505.00,935.00,870.00,60.00,570.00,440.00,30.00,70.00,30.00,1895.00,960.00,895.00,65.00,940.00,460.00,50.00,200.00,230.00
"9330147.1",3940.00,2195.00,2035.00,160.00,1745.00,1095.00,85.00,320.00,245.00,1740.00,1080.00,1000.00,75.00,660.00,500.00,30.00,95.00,40.00,2200.00,1120.00,1030.00,80.00,1085.00,595.00,55.00,230.00,205.00
"9330148.00",10265.00,5715.00,5200.00,520.00,4550.00,3155.00,235.00,645.00,515.00,4745.00,2780.00,2520.00,260.00,1965.00,1600.00,95.00,190.00,75.00,5515.00,2935.00,2675.00,255.00,2580.00,1545.00,140.00,460.00,435.00
"9330149.02",4085.00,2540.00,2415.00,115.00,1550.00,1165.00,65.00,175.00,140.00,1985.00,1255.00,1190.00,60.00,735.00,620.00,25.00,65.00,20.00,2100.00,1285.00,1225.00,60.00,815.00,545.00,35.00,115.00,120.00
"9330149.05",1875.00,1185.00,1145.00,40.00,695.00,530.00,30.00,70.00,60.00,915.00,580.00,555.00,25.00,340.00,290.00,15.00,20.00,10.00,960.00,610.00,585.00,20.00,350.00,240.00,20.00,45.00,50.00
"9330149.06",4130.00,2740.00,2635.00,105.00,1390.00,1015.00,70.00,175.00,135.00,1915.00,1320.00,1275.00,50.00,590.00,495.00,20.00,55.00,25.00,2220.00,1415.00,1360.00,55.00,800.00,520.00,45.00,125.00,110.00
"9330149.07",2255.00,1350.00,1280.00,75.00,910.00,685.00,35.00,90.00,100.00,1090.00,660.00,625.00,40.00,425.00,350.00,10.00,45.00,20.00,1170.00,690.00,655.00,35.00,480.00,335.00,25.00,50.00,70.00
"9330149.08",4020.00,2440.00,2280.00,160.00,1580.00,1075.00,75.00,265.00,160.00,1855.00,1195.00,1115.00,85.00,655.00,535.00,20.00,75.00,30.00,2165.00,1245.00,1165.00,80.00,925.00,540.00,50.00,190.00,135.00
"9330149.09",2585.00,1565.00,1495.00,70.00,1020.00,760.00,30.00,130.00,100.00,1235.00,760.00,725.00,35.00,475.00,390.00,10.00,55.00,20.00,1350.00,810.00,770.00,35.00,540.00,375.00,20.00,70.00,80.00
"9330150.00",670.00,405.00,345.00,55.00,270.00,190.00,15.00,40.00,25.00,325.00,205.00,180.00,25.00,125.00,95.00,5.00,20.00,10.00,345.00,200.00,170.00,25.00,145.00,90.00,5.00,25.00,15.00
"9330151.03",2630.00,1545.00,1395.00,145.00,1090.00,795.00,55.00,135.00,105.00,1305.00,775.00,700.00,75.00,530.00,430.00,20.00,60.00,20.00,1330.00,770.00,695.00,75.00,560.00,370.00,35.00,75.00,80.00
"9330151.05",3260.00,1915.00,1820.00,100.00,1340.00,930.00,70.00,160.00,175.00,1605.00,960.00,910.00,45.00,640.00,505.00,25.00,65.00,45.00,1655.00,960.00,910.00,50.00,700.00,425.00,45.00,100.00,135.00
"9330151.06",4510.00,2735.00,2630.00,100.00,1780.00,1320.00,75.00,200.00,180.00,2180.00,1365.00,1310.00,50.00,820.00,695.00,30.00,75.00,25.00,2330.00,1370.00,1320.00,55.00,960.00,625.00,50.00,125.00,160.00
"9330151.07",3310.00,1660.00,1450.00,215.00,1650.00,1025.00,105.00,255.00,270.00,1555.00,830.00,720.00,110.00,725.00,530.00,40.00,100.00,55.00,1760.00,830.00,725.00,105.00,925.00,490.00,65.00,150.00,215.00
"9330151.08",9095.00,5490.00,5040.00,450.00,3605.00,2660.00,180.00,460.00,310.00,4280.00,2695.00,2475.00,230.00,1590.00,1350.00,55.00,120.00,60.00,4810.00,2790.00,2570.00,225.00,2015.00,1310.00,125.00,335.00,250.00
"9330160.01",3830.00,2655.00,2420.00,235.00,1175.00,795.00,65.00,145.00,165.00,1915.00,1330.00,1210.00,120.00,585.00,440.00,30.00,55.00,60.00,1915.00,1330.00,1210.00,115.00,590.00,355.00,35.00,95.00,110.00
"9330160.02",6060.00,3960.00,3490.00,465.00,2105.00,1145.00,130.00,430.00,395.00,2845.00,1970.00,1735.00,230.00,880.00,585.00,60.00,155.00,75.00,3220.00,1990.00,1755.00,235.00,1225.00,560.00,75.00,280.00,315.00
"9330160.03",4925.00,3055.00,2785.00,265.00,1865.00,1035.00,90.00,305.00,435.00,2310.00,1520.00,1390.00,130.00,785.00,555.00,35.00,110.00,85.00,2615.00,1535.00,1400.00,135.00,1075.00,485.00,55.00,195.00,345.00
"9330160.04",3555.00,2105.00,1840.00,270.00,1450.00,750.00,120.00,280.00,300.00,1655.00,1060.00,925.00,135.00,600.00,395.00,50.00,90.00,60.00,1900.00,1045.00,915.00,135.00,850.00,355.00,65.00,195.00,235.00
"9330161.02",4755.00,2695.00,2270.00,420.00,2055.00,1255.00,150.00,395.00,255.00,2300.00,1345.00,1135.00,215.00,950.00,665.00,75.00,150.00,55.00,2455.00,1350.00,1140.00,210.00,1110.00,585.00,80.00,245.00,200.00
"9330161.03",5500.00,3400.00,3025.00,370.00,2100.00,1365.00,115.00,325.00,295.00,2595.00,1685.00,1510.00,180.00,905.00,720.00,35.00,95.00,50.00,2905.00,1710.00,1520.00,190.00,1195.00,645.00,80.00,230.00,240.00
"9330161.05",4770.00,2935.00,2570.00,370.00,1835.00,1215.00,105.00,285.00,225.00,2325.00,1465.00,1280.00,180.00,860.00,670.00,45.00,95.00,50.00,2445.00,1470.00,1285.00,185.00,970.00,540.00,60.00,190.00,180.00
"9330161.06",3690.00,2485.00,2215.00,265.00,1205.00,730.00,70.00,175.00,220.00,1745.00,1240.00,1100.00,130.00,510.00,375.00,20.00,60.00,45.00,1945.00,1250.00,1115.00,135.00,695.00,355.00,55.00,115.00,175.00
"9330161.07",,,,,,,,,,,,,,,,,,,,,,,,,,,
"9330161.08",730.00,435.00,365.00,70.00,295.00,180.00,25.00,55.00,35.00,365.00,215.00,185.00,35.00,140.00,100.00,15.00,20.00,5.00,370.00,220.00,185.00,35.00,155.00,80.00,10.00,35.00,25.00
"9330161.09",2370.00,1320.00,1100.00,220.00,1045.00,505.00,50.00,155.00,330.00,1155.00,685.00,575.00,110.00,470.00,300.00,20.00,75.00,70.00,1210.00,635.00,520.00,115.00,580.00,205.00,30.00,85.00,260.00
"9330162.01",4765.00,3035.00,2805.00,235.00,1735.00,1215.00,105.00,180.00,225.00,2310.00,1505.00,1390.00,110.00,805.00,675.00,35.00,45.00,45.00,2460.00,1530.00,1410.00,120.00,925.00,540.00,70.00,140.00,185.00
"9330162.02",5475.00,3480.00,3205.00,275.00,1995.00,1465.00,90.00,200.00,235.00,2695.00,1740.00,1605.00,135.00,955.00,770.00,30.00,95.00,65.00,2775.00,1740.00,1600.00,140.00,1040.00,700.00,60.00,110.00,170.00
"9330162.03",6290.00,3715.00,3450.00,260.00,2580.00,1820.00,150.00,265.00,345.00,3095.00,1860.00,1725.00,130.00,1235.00,990.00,70.00,115.00,60.00,3195.00,1855.00,1725.00,130.00,1345.00,825.00,80.00,155.00,290.00
"9330162.04",4860.00,3255.00,3040.00,215.00,1610.00,1230.00,70.00,145.00,155.00,2395.00,1605.00,1510.00,100.00,785.00,655.00,25.00,60.00,45.00,2465.00,1645.00,1530.00,110.00,820.00,585.00,40.00,90.00,110.00
"9330163.01",4775.00,3180.00,2905.00,280.00,1595.00,1130.00,105.00,195.00,170.00,2345.00,1585.00,1445.00,135.00,760.00,600.00,45.00,75.00,35.00,2435.00,1600.00,1460.00,140.00,835.00,530.00,55.00,120.00,130.00
"9330163.04",4725.00,3050.00,2700.00,350.00,1675.00,1230.00,65.00,200.00,185.00,2350.00,1520.00,1345.00,180.00,830.00,680.00,30.00,85.00,35.00,2375.00,1525.00,1355.00,175.00,850.00,545.00,40.00,115.00,145.00
"9330163.05",4600.00,2560.00,2360.00,195.00,2040.00,1415.00,120.00,265.00,240.00,2315.00,1275.00,1180.00,95.00,1035.00,780.00,60.00,115.00,75.00,2285.00,1280.00,1185.00,100.00,1005.00,630.00,65.00,145.00,165.00
"9330163.06",3595.00,2020.00,1830.00,185.00,1575.00,1120.00,100.00,175.00,185.00,1765.00,1010.00,915.00,95.00,750.00,595.00,50.00,60.00,40.00,1830.00,1005.00,915.00,95.00,825.00,520.00,50.00,110.00,145.00
"9330163.07",4010.00,2415.00,2205.00,215.00,1595.00,1125.00,90.00,185.00,195.00,1965.00,1210.00,1100.00,110.00,755.00,620.00,35.00,65.00,35.00,2045.00,1205.00,1100.00,105.00,840.00,505.00,55.00,120.00,165.00
"9330163.08",3320.00,2040.00,1815.00,225.00,1280.00,900.00,70.00,160.00,150.00,1680.00,1020.00,910.00,110.00,665.00,505.00,35.00,80.00,45.00,1635.00,1015.00,900.00,115.00,620.00,395.00,35.00,80.00,110.00
"9330170.03",3780.00,1770.00,1550.00,215.00,2010.00,700.00,155.00,680.00,475.00,1565.00,880.00,775.00,110.00,685.00,320.00,70.00,200.00,95.00,2210.00,890.00,780.00,110.00,1320.00,380.00,85.00,480.00,375.00
"9330170.04",4935.00,2780.00,2435.00,340.00,2155.00,1055.00,135.00,470.00,500.00,2255.00,1370.00,1205.00,170.00,885.00,560.00,45.00,165.00,110.00,2675.00,1400.00,1235.00,170.00,1275.00,495.00,85.00,305.00,395.00
"9330170.05",2520.00,1005.00,830.00,175.00,1515.00,575.00,120.00,520.00,295.00,1040.00,500.00,415.00,90.00,530.00,290.00,50.00,140.00,50.00,1480.00,500.00,415.00,85.00,980.00,290.00,70.00,380.00,245.00
"9330170.07",3520.00,1900.00,1650.00,250.00,1625.00,755.00,105.00,345.00,415.00,1565.00,945.00,820.00,120.00,620.00,405.00,35.00,110.00,75.00,1955.00,950.00,825.00,125.00,1005.00,350.00,70.00,235.00,345.00
"9330170.08",3440.00,2020.00,1710.00,305.00,1420.00,750.00,105.00,365.00,205.00,1640.00,1005.00,850.00,155.00,635.00,400.00,55.00,150.00,35.00,1795.00,1015.00,860.00,155.00,785.00,355.00,55.00,210.00,165.00
"9330180.01",6070.00,4150.00,3830.00,320.00,1920.00,1150.00,145.00,275.00,345.00,2775.00,2055.00,1895.00,165.00,720.00,540.00,40.00,75.00,60.00,3290.00,2095.00,1935.00,160.00,1200.00,605.00,105.00,200.00,285.00
"9330180.03",7365.00,4885.00,4295.00,590.00,2475.00,1685.00,145.00,400.00,245.00,3655.00,2440.00,2145.00,295.00,1210.00,920.00,70.00,165.00,60.00,3715.00,2445.00,2155.00,295.00,1270.00,770.00,75.00,245.00,180.00
"9330180.04",7635.00,5160.00,4495.00,670.00,2470.00,1565.00,195.00,455.00,255.00,3530.00,2525.00,2195.00,330.00,1005.00,775.00,65.00,130.00,35.00,4110.00,2635.00,2305.00,335.00,1470.00,795.00,130.00,325.00,230.00
"9330181.03",4385.00,2785.00,2505.00,280.00,1600.00,1035.00,95.00,270.00,200.00,2110.00,1380.00,1245.00,135.00,725.00,540.00,40.00,100.00,45.00,2275.00,1405.00,1265.00,145.00,870.00,495.00,55.00,170.00,150.00
"9330181.05",6915.00,3795.00,3285.00,505.00,3115.00,1350.00,215.00,685.00,875.00,3020.00,1880.00,1625.00,255.00,1135.00,695.00,80.00,195.00,165.00,3895.00,1910.00,1660.00,250.00,1980.00,655.00,135.00,490.00,705.00
"9330181.07",2975.00,2085.00,1955.00,130.00,890.00,615.00,40.00,130.00,105.00,1440.00,1035.00,970.00,70.00,405.00,315.00,15.00,50.00,20.00,1535.00,1050.00,980.00,65.00,490.00,295.00,25.00,85.00,80.00
"9330181.08",2125.00,1465.00,1345.00,120.00,665.00,455.00,30.00,100.00,80.00,1035.00,730.00,670.00,60.00,300.00,240.00,15.00,40.00,15.00,1095.00,735.00,675.00,55.00,360.00,215.00,20.00,65.00,65.00
"9330181.09",5305.00,3520.00,3330.00,190.00,1790.00,1195.00,70.00,190.00,335.00,2495.00,1730.00,1635.00,95.00,760.00,610.00,20.00,65.00,70.00,2815.00,1790.00,1690.00,95.00,1025.00,580.00,50.00,125.00,265.00
"9330181.1",4570.00,2880.00,2705.00,175.00,1685.00,990.00,95.00,290.00,305.00,2090.00,1415.00,1330.00,85.00,670.00,500.00,25.00,85.00,70.00,2480.00,1465.00,1380.00,85.00,1015.00,495.00,75.00,210.00,235.00
"9330181.11",2350.00,1155.00,1015.00,140.00,1190.00,600.00,75.00,270.00,250.00,1000.00,570.00,505.00,65.00,425.00,270.00,30.00,80.00,45.00,1345.00,585.00,510.00,70.00,765.00,330.00,45.00,195.00,200.00
"9330181.12",2360.00,1640.00,1535.00,105.00,720.00,550.00,30.00,60.00,75.00,1140.00,800.00,750.00,50.00,335.00,280.00,15.00,20.00,20.00,1225.00,840.00,785.00,55.00,385.00,270.00,15.00,40.00,55.00
"9330181.13",3185.00,2155.00,2020.00,135.00,1035.00,590.00,55.00,165.00,225.00,1495.00,1065.00,1000.00,65.00,430.00,310.00,15.00,50.00,50.00,1690.00,1085.00,1020.00,65.00,605.00,280.00,35.00,115.00,175.00
"9330181.14",3225.00,1885.00,1670.00,215.00,1345.00,685.00,100.00,250.00,300.00,1430.00,935.00,830.00,105.00,500.00,335.00,30.00,75.00,60.00,1800.00,950.00,845.00,110.00,845.00,350.00,65.00,180.00,245.00
"9330181.15",105.00,50.00,40.00,5.00,55.00,40.00,5.00,5.00,5.00,50.00,25.00,20.00,5.00,25.00,20.00,5.00,5.00,0.00,50.00,25.00,20.00,5.00,25.00,25.00,0.00,5.00,5.00
"9330181.16",4615.00,2915.00,2635.00,280.00,1700.00,865.00,90.00,320.00,440.00,2220.00,1450.00,1310.00,140.00,770.00,485.00,40.00,135.00,110.00,2400.00,1465.00,1325.00,140.00,935.00,370.00,45.00,180.00,325.00
"9330182.01",4435.00,2790.00,2575.00,210.00,1655.00,1115.00,100.00,210.00,225.00,2260.00,1405.00,1295.00,105.00,855.00,615.00,65.00,115.00,60.00,2180.00,1385.00,1275.00,105.00,795.00,495.00,35.00,95.00,165.00
"9330182.02",5190.00,3410.00,3090.00,320.00,1785.00,1300.00,105.00,215.00,160.00,2510.00,1695.00,1540.00,160.00,810.00,655.00,40.00,80.00,35.00,2685.00,1710.00,1550.00,160.00,975.00,640.00,65.00,140.00,130.00
"9330182.03",3360.00,2170.00,2045.00,120.00,1190.00,910.00,50.00,95.00,135.00,1650.00,1080.00,1020.00,60.00,570.00,475.00,25.00,40.00,25.00,1705.00,1085.00,1030.00,60.00,620.00,435.00,25.00,50.00,110.00
"9330182.04",1525.00,1000.00,940.00,65.00,520.00,400.00,25.00,40.00,60.00,765.00,500.00,465.00,30.00,265.00,220.00,15.00,20.00,15.00,760.00,505.00,475.00,35.00,255.00,180.00,15.00,20.00,50.00
"9330182.05",6205.00,4085.00,3775.00,310.00,2120.00,1465.00,100.00,230.00,320.00,3015.00,2035.00,1875.00,155.00,985.00,790.00,50.00,95.00,50.00,3185.00,2055.00,1900.00,155.00,1130.00,680.00,55.00,135.00,265.00
"9330182.06",1025.00,605.00,540.00,65.00,415.00,315.00,20.00,45.00,40.00,540.00,305.00,265.00,35.00,240.00,195.00,10.00,20.00,15.00,480.00,300.00,270.00,35.00,180.00,120.00,10.00,20.00,30.00
"9330183.01",5090.00,3145.00,2770.00,375.00,1945.00,1345.00,135.00,255.00,210.00,2510.00,1565.00,1380.00,190.00,945.00,715.00,50.00,120.00,70.00,2580.00,1580.00,1385.00,195.00,995.00,625.00,85.00,140.00,145.00
"9330183.03",5180.00,2815.00,2330.00,485.00,2365.00,1395.00,165.00,450.00,345.00,2475.00,1405.00,1165.00,240.00,1075.00,775.00,60.00,165.00,70.00,2705.00,1415.00,1170.00,245.00,1295.00,620.00,105.00,285.00,275.00
"9330183.05",8605.00,5800.00,5180.00,625.00,2800.00,1960.00,170.00,370.00,300.00,4095.00,2895.00,2580.00,315.00,1205.00,1010.00,50.00,105.00,45.00,4510.00,2910.00,2600.00,310.00,1600.00,955.00,125.00,275.00,250.00
"9330183.06",1975.00,1185.00,970.00,215.00,790.00,500.00,65.00,140.00,90.00,950.00,595.00,485.00,110.00,360.00,265.00,25.00,60.00,25.00,1020.00,590.00,485.00,110.00,430.00,235.00,40.00,85.00,70.00
"9330183.07",5605.00,3790.00,3475.00,320.00,1815.00,1300.00,85.00,205.00,230.00,2740.00,1890.00,1740.00,155.00,850.00,690.00,35.00,80.00,40.00,2860.00,1900.00,1735.00,165.00,965.00,605.00,45.00,125.00,190.00
"9330183.08",6410.00,3890.00,3045.00,850.00,2520.00,1770.00,195.00,415.00,135.00,3130.00,1935.00,1515.00,420.00,1195.00,960.00,90.00,120.00,25.00,3280.00,1955.00,1530.00,425.00,1325.00,810.00,105.00,300.00,105.00
"9330183.09",9465.00,5795.00,4770.00,1025.00,3675.00,2555.00,305.00,550.00,260.00,4635.00,2900.00,2390.00,510.00,1735.00,1360.00,130.00,195.00,55.00,4825.00,2895.00,2380.00,515.00,1935.00,1200.00,180.00,355.00,205.00
"9330184.02",6605.00,3530.00,3105.00,425.00,3075.00,1875.00,225.00,485.00,480.00,3145.00,1755.00,1545.00,215.00,1390.00,1025.00,90.00,180.00,95.00,3460.00,1775.00,1560.00,210.00,1685.00,855.00,140.00,310.00,385.00
"9330184.06",8655.00,5325.00,5085.00,235.00,3330.00,2425.00,200.00,315.00,385.00,4335.00,2675.00,2555.00,115.00,1655.00,1350.00,90.00,140.00,75.00,4325.00,2650.00,2535.00,115.00,1665.00,1075.00,110.00,175.00,310.00
"9330184.07",4555.00,2555.00,2360.00,200.00,2000.00,1160.00,135.00,300.00,405.00,2100.00,1270.00,1175.00,100.00,825.00,610.00,45.00,85.00,90.00,2455.00,1285.00,1185.00,100.00,1170.00,545.00,95.00,220.00,315.00
"9330184.08",4400.00,2715.00,2545.00,170.00,1680.00,1190.00,115.00,185.00,190.00,2125.00,1355.00,1275.00,85.00,765.00,615.00,45.00,60.00,45.00,2275.00,1360.00,1275.00,85.00,915.00,580.00,70.00,125.00,145.00
"9330184.09",3840.00,2385.00,2240.00,145.00,1455.00,1090.00,80.00,135.00,150.00,1920.00,1190.00,1120.00,70.00,730.00,625.00,25.00,45.00,30.00,1920.00,1190.00,1115.00,75.00,725.00,460.00,60.00,90.00,120.00
"9330184.1",4270.00,2520.00,2385.00,130.00,1755.00,1265.00,85.00,185.00,225.00,2105.00,1255.00,1190.00,65.00,850.00,700.00,35.00,80.00,40.00,2170.00,1260.00,1195.00,70.00,905.00,565.00,50.00,105.00,185.00
"9330184.11",7820.00,4715.00,4475.00,240.00,3105.00,2310.00,155.00,325.00,325.00,3915.00,2365.00,2250.00,120.00,1545.00,1290.00,60.00,135.00,70.00,3910.00,2350.00,2230.00,120.00,1560.00,1025.00,90.00,185.00,255.00
"9330184.12",6500.00,4175.00,3855.00,315.00,2325.00,1625.00,155.00,270.00,270.00,3135.00,2080.00,1920.00,160.00,1055.00,845.00,65.00,100.00,45.00,3370.00,2095.00,1935.00,160.00,1275.00,785.00,90.00,170.00,230.00
"9330184.13",4695.00,2820.00,2625.00,190.00,1875.00,1340.00,160.00,205.00,165.00,2590.00,1470.00,1375.00,95.00,1120.00,845.00,115.00,120.00,40.00,2100.00,1345.00,1255.00,95.00,755.00,500.00,45.00,85.00,125.00
"9330184.14",6705.00,4550.00,4065.00,485.00,2150.00,1455.00,185.00,330.00,185.00,3200.00,2265.00,2020.00,245.00,940.00,725.00,60.00,125.00,25.00,3500.00,2290.00,2045.00,245.00,1210.00,730.00,120.00,200.00,160.00
"9330184.15",2840.00,1785.00,1735.00,50.00,1055.00,795.00,30.00,85.00,140.00,1405.00,890.00,865.00,30.00,515.00,430.00,15.00,40.00,30.00,1435.00,900.00,870.00,25.00,540.00,370.00,15.00,45.00,110.00
"9330184.16",4770.00,2945.00,2770.00,175.00,1825.00,1340.00,90.00,175.00,220.00,2415.00,1475.00,1385.00,90.00,945.00,785.00,35.00,75.00,40.00,2355.00,1475.00,1380.00,85.00,885.00,555.00,50.00,100.00,180.00
"9330185.05",4800.00,2645.00,2425.00,220.00,2160.00,1560.00,150.00,215.00,240.00,2345.00,1320.00,1215.00,110.00,1025.00,860.00,45.00,80.00,40.00,2455.00,1325.00,1210.00,110.00,1135.00,700.00,105.00,135.00,200.00
"9330185.07",7840.00,4925.00,4680.00,245.00,2910.00,2170.00,155.00,250.00,340.00,3915.00,2455.00,2335.00,120.00,1460.00,1200.00,70.00,125.00,65.00,3925.00,2475.00,2350.00,125.00,1450.00,975.00,80.00,125.00,275.00
"9330185.08",1285.00,820.00,770.00,55.00,465.00,355.00,15.00,35.00,55.00,645.00,405.00,380.00,30.00,235.00,195.00,10.00,20.00,5.00,645.00,415.00,390.00,25.00,225.00,160.00,5.00,10.00,45.00
"9330185.09",4220.00,2460.00,2210.00,250.00,1755.00,1170.00,115.00,265.00,210.00,2015.00,1230.00,1100.00,120.00,790.00,615.00,40.00,90.00,40.00,2200.00,1235.00,1110.00,125.00,965.00,550.00,70.00,170.00,170.00
"9330185.1",4605.00,2835.00,2745.00,90.00,1775.00,1295.00,105.00,165.00,210.00,2295.00,1425.00,1380.00,45.00,870.00,725.00,45.00,65.00,35.00,2310.00,1410.00,1365.00,45.00,900.00,570.00,55.00,100.00,170.00
"9330185.11",6260.00,3725.00,3550.00,170.00,2535.00,1670.00,140.00,320.00,400.00,3035.00,1860.00,1780.00,80.00,1175.00,930.00,55.00,115.00,75.00,3220.00,1860.00,1775.00,85.00,1360.00,740.00,85.00,205.00,325.00
"9330185.12",5505.00,3485.00,3350.00,135.00,2025.00,1530.00,75.00,185.00,230.00,2810.00,1740.00,1675.00,65.00,1070.00,890.00,40.00,85.00,50.00,2695.00,1740.00,1675.00,70.00,955.00,640.00,40.00,100.00,180.00
"9330185.15",4765.00,3010.00,2865.00,145.00,1755.00,1250.00,100.00,180.00,225.00,2430.00,1530.00,1460.00,75.00,900.00,715.00,50.00,85.00,55.00,2335.00,1480.00,1410.00,70.00,855.00,530.00,55.00,95.00,170.00
"9330185.16",4015.00,2490.00,2415.00,80.00,1525.00,1135.00,70.00,130.00,195.00,2035.00,1255.00,1215.00,40.00,780.00,650.00,30.00,55.00,40.00,1980.00,1235.00,1195.00,40.00,745.00,485.00,40.00,75.00,150.00
"9330185.17",3070.00,2030.00,1905.00,125.00,1040.00,670.00,45.00,135.00,190.00,1500.00,1015.00,950.00,60.00,490.00,365.00,20.00,55.00,45.00,1570.00,1020.00,955.00,60.00,555.00,305.00,25.00,80.00,150.00
"9330185.18",4330.00,2745.00,2620.00,125.00,1590.00,1175.00,75.00,160.00,180.00,2155.00,1370.00,1310.00,65.00,780.00,645.00,30.00,70.00,40.00,2180.00,1370.00,1310.00,60.00,805.00,535.00,45.00,85.00,135.00
"9330185.19",4825.00,2870.00,2665.00,205.00,1960.00,1380.00,125.00,255.00,205.00,2310.00,1440.00,1335.00,105.00,870.00,715.00,45.00,85.00,25.00,2520.00,1430.00,1330.00,100.00,1090.00,660.00,75.00,165.00,180.00
"9330185.2",4120.00,2555.00,2475.00,80.00,1565.00,1190.00,70.00,130.00,180.00,2070.00,1285.00,1250.00,40.00,780.00,670.00,20.00,55.00,40.00,2050.00,1265.00,1225.00,45.00,780.00,520.00,45.00,75.00,140.00
"9330185.21",3105.00,1905.00,1770.00,135.00,1195.00,775.00,80.00,155.00,185.00,1475.00,945.00,880.00,70.00,525.00,410.00,40.00,50.00,25.00,1635.00,955.00,890.00,70.00,670.00,370.00,40.00,100.00,160.00
"9330185.22",3020.00,1875.00,1855.00,20.00,1150.00,880.00,55.00,70.00,145.00,1540.00,935.00,930.00,5.00,610.00,515.00,25.00,35.00,30.00,1475.00,940.00,925.00,10.00,540.00,365.00,30.00,30.00,115.00
"9330186.01",6225.00,3500.00,3170.00,330.00,2725.00,1945.00,185.00,325.00,270.00,3215.00,1755.00,1590.00,170.00,1455.00,1130.00,95.00,170.00,65.00,3010.00,1740.00,1575.00,160.00,1270.00,815.00,90.00,160.00,200.00
"9330186.02",5100.00,2770.00,2435.00,335.00,2330.00,1645.00,145.00,275.00,265.00,2630.00,1385.00,1220.00,165.00,1250.00,980.00,75.00,140.00,50.00,2465.00,1385.00,1220.00,165.00,1080.00,660.00,70.00,130.00,215.00
"9330186.05",6160.00,3645.00,3350.00,295.00,2520.00,1775.00,160.00,290.00,290.00,3050.00,1830.00,1680.00,145.00,1220.00,1000.00,60.00,115.00,50.00,3115.00,1815.00,1665.00,150.00,1295.00,780.00,100.00,175.00,240.00
"9330186.06",3390.00,2115.00,2040.00,75.00,1270.00,910.00,80.00,130.00,155.00,1710.00,1065.00,1030.00,40.00,645.00,515.00,40.00,50.00,30.00,1675.00,1050.00,1015.00,35.00,630.00,395.00,40.00,75.00,125.00
"9330186.07",4760.00,2845.00,2735.00,120.00,1915.00,1410.00,100.00,175.00,225.00,2405.00,1415.00,1355.00,55.00,985.00,805.00,40.00,90.00,50.00,2355.00,1430.00,1375.00,60.00,925.00,600.00,65.00,90.00,175.00
"9330186.08",5360.00,3120.00,2880.00,240.00,2235.00,1620.00,125.00,265.00,230.00,2650.00,1565.00,1445.00,125.00,1085.00,875.00,50.00,105.00,50.00,2710.00,1560.00,1440.00,120.00,1155.00,740.00,80.00,155.00,180.00
"9330187.03",6355.00,3845.00,3590.00,255.00,2510.00,1820.00,135.00,275.00,270.00,3155.00,1925.00,1795.00,130.00,1230.00,995.00,70.00,120.00,50.00,3200.00,1920.00,1800.00,125.00,1270.00,825.00,70.00,160.00,220.00
"9330187.04",1410.00,780.00,740.00,40.00,625.00,455.00,45.00,70.00,65.00,710.00,390.00,375.00,15.00,320.00,250.00,10.00,45.00,15.00,695.00,390.00,365.00,20.00,310.00,205.00,35.00,25.00,45.00
"9330187.05",6010.00,3685.00,3530.00,155.00,2325.00,1675.00,125.00,200.00,330.00,2955.00,1855.00,1780.00,75.00,1105.00,895.00,65.00,95.00,50.00,3055.00,1830.00,1755.00,75.00,1220.00,780.00,60.00,110.00,275.00
"9330187.06",5950.00,3450.00,3245.00,205.00,2500.00,1655.00,110.00,210.00,525.00,2830.00,1735.00,1630.00,100.00,1095.00,880.00,35.00,80.00,110.00,3120.00,1720.00,1620.00,100.00,1400.00,775.00,70.00,130.00,420.00
"9330187.07",1695.00,1065.00,995.00,70.00,630.00,485.00,25.00,50.00,70.00,845.00,535.00,495.00,35.00,315.00,265.00,15.00,25.00,15.00,845.00,530.00,500.00,35.00,315.00,220.00,10.00,30.00,55.00
"9330187.11",5215.00,3275.00,2975.00,300.00,1935.00,1375.00,110.00,275.00,180.00,2530.00,1630.00,1475.00,150.00,900.00,730.00,40.00,95.00,35.00,2680.00,1645.00,1495.00,145.00,1035.00,645.00,75.00,180.00,145.00
"9330187.12",3610.00,2170.00,2035.00,130.00,1445.00,1020.00,65.00,145.00,220.00,1740.00,1085.00,1015.00,65.00,660.00,545.00,25.00,50.00,35.00,1875.00,1085.00,1020.00,65.00,790.00,480.00,30.00,95.00,180.00
"9330187.13",3205.00,1920.00,1750.00,175.00,1285.00,930.00,60.00,140.00,155.00,1610.00,970.00,880.00,85.00,645.00,515.00,20.00,75.00,40.00,1595.00,955.00,865.00,85.00,640.00,415.00,40.00,70.00,115.00
"9330187.14",3130.00,1845.00,1695.00,150.00,1285.00,620.00,65.00,230.00,370.00,1365.00,920.00,840.00,75.00,450.00,290.00,25.00,65.00,65.00,1765.00,925.00,855.00,70.00,840.00,325.00,45.00,165.00,305.00
"9330187.15",3380.00,2010.00,1900.00,105.00,1370.00,880.00,75.00,180.00,235.00,1605.00,995.00,935.00,55.00,610.00,470.00,30.00,70.00,40.00,1775.00,1020.00,965.00,55.00,760.00,410.00,45.00,115.00,190.00
"9330187.16",2510.00,1555.00,1465.00,85.00,955.00,710.00,50.00,95.00,100.00,1225.00,775.00,725.00,40.00,455.00,375.00,20.00,30.00,30.00,1275.00,785.00,740.00,45.00,495.00,335.00,30.00,60.00,75.00
"9330188.01",2515.00,1635.00,1540.00,95.00,880.00,720.00,35.00,60.00,65.00,1240.00,810.00,760.00,50.00,425.00,380.00,15.00,25.00,10.00,1280.00,825.00,775.00,45.00,450.00,340.00,25.00,35.00,55.00
"9330188.02",2475.00,1500.00,1415.00,85.00,975.00,765.00,45.00,85.00,85.00,1225.00,735.00,690.00,40.00,490.00,420.00,15.00,30.00,20.00,1255.00,765.00,720.00,45.00,490.00,340.00,25.00,55.00,65.00
"9330188.04",3315.00,2000.00,1840.00,155.00,1315.00,1015.00,60.00,135.00,105.00,1655.00,1005.00,920.00,80.00,650.00,560.00,20.00,55.00,15.00,1660.00,995.00,915.00,75.00,665.00,460.00,35.00,80.00,85.00
"9330188.05",2215.00,1395.00,1320.00,75.00,820.00,635.00,25.00,80.00,85.00,1095.00,685.00,650.00,35.00,405.00,340.00,10.00,35.00,20.00,1125.00,710.00,675.00,40.00,415.00,295.00,20.00,45.00,60.00
"9330188.06",1190.00,750.00,650.00,95.00,440.00,320.00,20.00,55.00,40.00,585.00,375.00,325.00,50.00,215.00,165.00,10.00,25.00,10.00,600.00,375.00,330.00,45.00,225.00,155.00,10.00,35.00,30.00
"9330188.07",3560.00,2330.00,2245.00,85.00,1230.00,1010.00,35.00,90.00,95.00,1765.00,1150.00,1115.00,40.00,610.00,540.00,10.00,35.00,25.00,1795.00,1175.00,1135.00,45.00,620.00,475.00,25.00,55.00,70.00
"9330188.08",3245.00,2055.00,1960.00,95.00,1185.00,965.00,40.00,95.00,90.00,1600.00,1015.00,970.00,50.00,585.00,510.00,10.00,45.00,10.00,1645.00,1040.00,990.00,45.00,605.00,445.00,30.00,50.00,75.00
"9330189.03",2825.00,1665.00,1400.00,260.00,1155.00,855.00,70.00,115.00,115.00,1430.00,830.00,705.00,130.00,600.00,485.00,30.00,55.00,35.00,1390.00,835.00,700.00,135.00,555.00,370.00,45.00,65.00,85.00
"9330189.05",7115.00,3865.00,3455.00,415.00,3250.00,1945.00,230.00,565.00,500.00,3350.00,1930.00,1715.00,210.00,1420.00,1005.00,85.00,215.00,110.00,3765.00,1940.00,1735.00,200.00,1830.00,945.00,140.00,350.00,395.00
"9330189.06",2685.00,1480.00,1315.00,160.00,1205.00,905.00,75.00,105.00,115.00,1350.00,740.00,655.00,80.00,615.00,520.00,30.00,50.00,15.00,1335.00,740.00,665.00,80.00,590.00,385.00,45.00,60.00,105.00
"9330189.07",2805.00,1550.00,1355.00,190.00,1255.00,870.00,90.00,175.00,120.00,1355.00,770.00,675.00,95.00,580.00,465.00,35.00,65.00,20.00,1455.00,780.00,685.00,95.00,675.00,405.00,55.00,115.00,100.00
"9330189.08",5655.00,2775.00,2255.00,520.00,2880.00,1940.00,250.00,450.00,235.00,2730.00,1370.00,1115.00,260.00,1360.00,1045.00,95.00,175.00,40.00,2920.00,1405.00,1140.00,265.00,1520.00,900.00,150.00,275.00,195.00
"9330189.09",3835.00,2325.00,2135.00,190.00,1510.00,1130.00,70.00,150.00,155.00,1920.00,1160.00,1065.00,95.00,760.00,640.00,30.00,65.00,25.00,1915.00,1165.00,1070.00,95.00,750.00,490.00,40.00,85.00,135.00
"9330189.1",5550.00,3140.00,2880.00,260.00,2410.00,1740.00,145.00,345.00,175.00,2620.00,1555.00,1425.00,130.00,1065.00,890.00,45.00,105.00,30.00,2935.00,1590.00,1455.00,130.00,1345.00,855.00,100.00,245.00,145.00
"9330190.01",7875.00,3770.00,3095.00,680.00,4100.00,2620.00,260.00,685.00,540.00,3955.00,1910.00,1570.00,340.00,2040.00,1520.00,115.00,275.00,130.00,3920.00,1865.00,1525.00,340.00,2055.00,1095.00,145.00,405.00,410.00
"9330190.03",5735.00,2820.00,2375.00,450.00,2910.00,2065.00,220.00,365.00,265.00,2885.00,1400.00,1185.00,220.00,1490.00,1180.00,100.00,150.00,60.00,2850.00,1425.00,1190.00,230.00,1425.00,890.00,120.00,210.00,205.00
"9330190.04",5865.00,3250.00,2815.00,430.00,2610.00,1865.00,145.00,330.00,270.00,3000.00,1635.00,1410.00,220.00,1370.00,1060.00,65.00,175.00,70.00,2865.00,1620.00,1405.00,215.00,1245.00,810.00,80.00,155.00,195.00
"9330190.05",1480.00,740.00,605.00,140.00,740.00,515.00,40.00,105.00,75.00,755.00,375.00,305.00,70.00,375.00,295.00,15.00,50.00,20.00,725.00,365.00,300.00,65.00,360.00,220.00,20.00,60.00,60.00
"9330191.03",4570.00,2590.00,2360.00,235.00,1975.00,1475.00,120.00,195.00,190.00,2355.00,1295.00,1180.00,120.00,1060.00,880.00,50.00,85.00,40.00,2210.00,1295.00,1175.00,120.00,915.00,595.00,70.00,110.00,150.00
"9330191.04",6060.00,2860.00,2285.00,570.00,3200.00,2240.00,235.00,535.00,185.00,3180.00,1415.00,1130.00,285.00,1760.00,1315.00,115.00,280.00,45.00,2875.00,1445.00,1150.00,285.00,1435.00,925.00,120.00,255.00,140.00
"9330191.05",3365.00,1835.00,1645.00,185.00,1535.00,1115.00,90.00,185.00,145.00,1710.00,920.00,830.00,90.00,795.00,615.00,45.00,90.00,40.00,1655.00,915.00,815.00,95.00,745.00,495.00,40.00,100.00,105.00
"9330191.06",2355.00,1125.00,900.00,230.00,1230.00,705.00,95.00,225.00,205.00,1135.00,570.00,455.00,120.00,565.00,395.00,50.00,90.00,25.00,1220.00,560.00,445.00,115.00,660.00,305.00,45.00,130.00,180.00
"9330191.07",3485.00,1480.00,1080.00,395.00,2005.00,1375.00,165.00,355.00,110.00,1830.00,740.00,545.00,195.00,1085.00,820.00,75.00,170.00,20.00,1660.00,735.00,535.00,200.00,920.00,555.00,90.00,185.00,85.00
"9330192.00",3550.00,1790.00,1515.00,275.00,1765.00,1215.00,120.00,275.00,150.00,1900.00,910.00,765.00,140.00,995.00,750.00,55.00,150.00,40.00,1650.00,880.00,745.00,135.00,765.00,470.00,65.00,120.00,110.00
"9330200.00",7080.00,4610.00,4035.00,580.00,2470.00,1805.00,165.00,275.00,225.00,3490.00,2285.00,2005.00,290.00,1200.00,980.00,65.00,115.00,40.00,3590.00,2315.00,2030.00,290.00,1270.00,830.00,100.00,160.00,185.00
"9330201.00",1515.00,790.00,655.00,130.00,720.00,555.00,35.00,75.00,55.00,765.00,395.00,330.00,70.00,370.00,305.00,20.00,35.00,10.00,745.00,395.00,330.00,65.00,355.00,250.00,20.00,40.00,45.00
"9330202.00",8170.00,4345.00,3235.00,1110.00,3825.00,2495.00,235.00,710.00,385.00,3910.00,2195.00,1620.00,570.00,1710.00,1290.00,85.00,260.00,70.00,4265.00,2155.00,1615.00,535.00,2115.00,1205.00,145.00,450.00,315.00
"9330203.00",4050.00,2395.00,2065.00,335.00,1655.00,1215.00,85.00,210.00,145.00,2000.00,1200.00,1035.00,165.00,800.00,645.00,45.00,85.00,25.00,2045.00,1200.00,1025.00,170.00,855.00,570.00,35.00,125.00,125.00
"9330204.01",4015.00,1945.00,1375.00,570.00,2070.00,1370.00,150.00,425.00,130.00,1940.00,970.00,690.00,280.00,970.00,705.00,65.00,175.00,25.00,2070.00,970.00,680.00,285.00,1100.00,665.00,80.00,245.00,105.00
"9330204.02",4680.00,2240.00,1715.00,525.00,2440.00,1565.00,170.00,510.00,190.00,2350.00,1125.00,855.00,265.00,1230.00,900.00,75.00,210.00,40.00,2325.00,1115.00,860.00,260.00,1210.00,670.00,90.00,300.00,150.00
"9330205.01",3885.00,1685.00,1230.00,455.00,2200.00,1430.00,165.00,450.00,155.00,1955.00,855.00,625.00,240.00,1100.00,785.00,90.00,180.00,40.00,1930.00,830.00,610.00,220.00,1100.00,645.00,80.00,265.00,115.00
"9330205.02",5115.00,2435.00,2050.00,390.00,2680.00,1370.00,155.00,560.00,590.00,2350.00,1215.00,1015.00,195.00,1130.00,740.00,70.00,225.00,95.00,2775.00,1220.00,1035.00,190.00,1550.00,625.00,85.00,335.00,500.00
"9330206.00",2845.00,1465.00,1000.00,465.00,1380.00,980.00,80.00,250.00,70.00,1445.00,750.00,500.00,250.00,695.00,530.00,35.00,120.00,15.00,1400.00,710.00,500.00,210.00,685.00,450.00,45.00,135.00,55.00
"9330207.00",2305.00,980.00,625.00,360.00,1320.00,940.00,85.00,245.00,55.00,1240.00,510.00,315.00,190.00,730.00,580.00,40.00,105.00,5.00,1065.00,480.00,310.00,170.00,585.00,365.00,40.00,140.00,50.00
"9330208.00",5290.00,2875.00,2420.00,455.00,2420.00,1490.00,145.00,485.00,300.00,2495.00,1420.00,1200.00,225.00,1070.00,780.00,55.00,185.00,55.00,2795.00,1450.00,1220.00,230.00,1350.00,715.00,90.00,305.00,245.00
"9330209.00",8185.00,4820.00,4035.00,785.00,3365.00,2045.00,210.00,590.00,525.00,3815.00,2425.00,2030.00,395.00,1395.00,1045.00,75.00,195.00,85.00,4370.00,2395.00,2005.00,390.00,1975.00,1005.00,135.00,395.00,440.00
"9330210.00",5035.00,2680.00,2095.00,590.00,2350.00,1635.00,140.00,370.00,210.00,2455.00,1345.00,1050.00,295.00,1115.00,875.00,70.00,135.00,30.00,2570.00,1335.00,1045.00,290.00,1235.00,755.00,75.00,230.00,180.00
"9330220.00",1130.00,660.00,600.00,65.00,465.00,365.00,20.00,45.00,35.00,605.00,340.00,305.00,35.00,265.00,225.00,15.00,20.00,5.00,525.00,330.00,295.00,30.00,195.00,140.00,0.00,30.00,30.00
"9330221.01",1515.00,920.00,820.00,105.00,595.00,425.00,20.00,75.00,75.00,755.00,460.00,405.00,55.00,295.00,235.00,10.00,35.00,15.00,765.00,460.00,415.00,50.00,300.00,190.00,10.00,45.00,60.00
"9330221.03",3165.00,1915.00,1755.00,160.00,1250.00,940.00,50.00,115.00,140.00,1540.00,940.00,860.00,80.00,600.00,505.00,15.00,35.00,45.00,1625.00,975.00,895.00,80.00,650.00,435.00,35.00,80.00,95.00
"9330221.04",4810.00,2560.00,2415.00,140.00,2250.00,1625.00,70.00,225.00,335.00,2330.00,1285.00,1210.00,70.00,1050.00,885.00,20.00,80.00,65.00,2480.00,1275.00,1205.00,70.00,1200.00,740.00,45.00,145.00,270.00
"9330222.01",6470.00,3725.00,3340.00,385.00,2740.00,2010.00,135.00,345.00,245.00,3045.00,1835.00,1640.00,195.00,1210.00,1020.00,40.00,115.00,35.00,3420.00,1890.00,1705.00,190.00,1530.00,995.00,95.00,235.00,205.00
"9330222.02",5000.00,3195.00,2840.00,355.00,1810.00,1240.00,105.00,300.00,160.00,2300.00,1585.00,1410.00,175.00,715.00,575.00,40.00,75.00,25.00,2700.00,1605.00,1430.00,175.00,1090.00,665.00,70.00,225.00,135.00
"9330223.01",6775.00,3840.00,3350.00,495.00,2935.00,2230.00,165.00,335.00,205.00,3180.00,1915.00,1665.00,250.00,1265.00,1085.00,60.00,90.00,25.00,3600.00,1925.00,1680.00,245.00,1675.00,1140.00,105.00,240.00,185.00
"9330223.02",3860.00,2135.00,1810.00,325.00,1725.00,1325.00,95.00,185.00,120.00,1930.00,1075.00,910.00,160.00,850.00,740.00,35.00,65.00,20.00,1935.00,1065.00,900.00,160.00,870.00,585.00,60.00,125.00,105.00
"9330224.01",5855.00,2965.00,2535.00,430.00,2895.00,1865.00,205.00,475.00,345.00,2805.00,1475.00,1255.00,220.00,1325.00,1000.00,95.00,180.00,50.00,3055.00,1485.00,1275.00,210.00,1570.00,865.00,110.00,295.00,295.00
"9330224.02",4320.00,2115.00,1850.00,260.00,2205.00,1170.00,155.00,425.00,460.00,2025.00,1055.00,920.00,135.00,970.00,645.00,80.00,185.00,60.00,2290.00,1055.00,930.00,130.00,1235.00,525.00,80.00,235.00,400.00
"9330225.01",4970.00,2995.00,2785.00,210.00,1975.00,1530.00,90.00,155.00,205.00,2395.00,1480.00,1375.00,105.00,915.00,780.00,35.00,60.00,45.00,2580.00,1515.00,1405.00,105.00,1060.00,745.00,60.00,95.00,160.00
"9330225.02",5400.00,2950.00,2535.00,415.00,2450.00,1630.00,135.00,380.00,305.00,2555.00,1465.00,1260.00,210.00,1090.00,870.00,55.00,120.00,45.00,2845.00,1490.00,1285.00,205.00,1360.00,760.00,80.00,255.00,260.00
"9330226.02",3475.00,1945.00,1770.00,175.00,1530.00,1180.00,60.00,150.00,140.00,1750.00,960.00,875.00,85.00,790.00,680.00,20.00,60.00,25.00,1730.00,985.00,895.00,90.00,740.00,500.00,40.00,85.00,110.00
"9330226.03",6855.00,3635.00,3200.00,430.00,3225.00,2320.00,155.00,395.00,345.00,3210.00,1790.00,1565.00,225.00,1415.00,1180.00,50.00,135.00,50.00,3650.00,1845.00,1635.00,210.00,1800.00,1140.00,105.00,260.00,295.00
"9330226.04",2250.00,1155.00,980.00,180.00,1100.00,760.00,70.00,185.00,95.00,1125.00,570.00,475.00,90.00,560.00,430.00,35.00,80.00,15.00,1125.00,585.00,500.00,85.00,540.00,330.00,35.00,100.00,75.00
"9330227.01",4665.00,2315.00,1875.00,435.00,2350.00,1820.00,120.00,305.00,115.00,2245.00,1150.00,925.00,225.00,1100.00,925.00,45.00,100.00,20.00,2415.00,1165.00,955.00,215.00,1250.00,885.00,75.00,200.00,95.00
"9330227.02",4705.00,2475.00,2105.00,375.00,2225.00,1385.00,135.00,410.00,290.00,2215.00,1250.00,1050.00,200.00,965.00,720.00,50.00,130.00,60.00,2490.00,1230.00,1055.00,175.00,1265.00,665.00,80.00,280.00,235.00
"9330228.02",3195.00,1850.00,1720.00,130.00,1340.00,1020.00,50.00,130.00,140.00,1595.00,925.00,860.00,65.00,670.00,565.00,20.00,55.00,30.00,1600.00,930.00,860.00,65.00,675.00,455.00,35.00,75.00,110.00
"9330228.03",4085.00,2175.00,1850.00,325.00,1915.00,1395.00,75.00,270.00,175.00,2010.00,1085.00,915.00,170.00,925.00,765.00,35.00,95.00,35.00,2080.00,1090.00,935.00,155.00,990.00,630.00,40.00,175.00,145.00
"9330228.04",5015.00,2555.00,2225.00,330.00,2465.00,1565.00,135.00,430.00,335.00,2310.00,1265.00,1095.00,165.00,1050.00,810.00,55.00,125.00,55.00,2705.00,1290.00,1130.00,160.00,1420.00,750.00,80.00,305.00,285.00
"9330229.00",6230.00,3370.00,3020.00,350.00,2860.00,1865.00,140.00,390.00,465.00,2955.00,1675.00,1500.00,170.00,1285.00,1000.00,60.00,150.00,75.00,3270.00,1695.00,1520.00,180.00,1575.00,865.00,80.00,240.00,390.00
"9330230.01",4640.00,2845.00,2590.00,255.00,1800.00,1310.00,75.00,235.00,185.00,2205.00,1400.00,1280.00,120.00,805.00,665.00,25.00,70.00,45.00,2440.00,1440.00,1310.00,130.00,995.00,645.00,50.00,165.00,140.00
"9330230.02",4415.00,2290.00,2095.00,200.00,2125.00,1415.00,125.00,330.00,260.00,2175.00,1145.00,1045.00,100.00,1025.00,785.00,45.00,145.00,50.00,2245.00,1140.00,1045.00,100.00,1100.00,625.00,80.00,185.00,210.00
"9330231.00",3440.00,2140.00,2020.00,120.00,1295.00,975.00,65.00,135.00,125.00,1675.00,1060.00,1000.00,60.00,615.00,525.00,20.00,40.00,25.00,1760.00,1080.00,1020.00,60.00,680.00,455.00,40.00,90.00,95.00
"9330232.00",2770.00,1640.00,1525.00,115.00,1130.00,840.00,50.00,120.00,120.00,1380.00,820.00,765.00,55.00,560.00,455.00,15.00,55.00,30.00,1390.00,815.00,765.00,55.00,575.00,385.00,35.00,60.00,90.00
"9330233.00",6555.00,3610.00,3290.00,320.00,2945.00,2160.00,125.00,300.00,355.00,3225.00,1800.00,1645.00,160.00,1425.00,1200.00,50.00,120.00,50.00,3325.00,1805.00,1645.00,155.00,1520.00,965.00,80.00,175.00,300.00
"9330234.00",6000.00,3470.00,3225.00,245.00,2530.00,1780.00,135.00,280.00,335.00,2965.00,1765.00,1645.00,120.00,1200.00,920.00,45.00,95.00,140.00,3040.00,1705.00,1580.00,125.00,1335.00,860.00,85.00,190.00,195.00
"9330235.02",3890.00,2275.00,1960.00,320.00,1610.00,1150.00,100.00,220.00,140.00,1910.00,1135.00,975.00,160.00,775.00,645.00,45.00,65.00,30.00,1980.00,1145.00,985.00,155.00,835.00,505.00,60.00,160.00,110.00
"9330235.03",3675.00,1715.00,1385.00,330.00,1965.00,1290.00,110.00,370.00,195.00,1865.00,845.00,675.00,165.00,1020.00,750.00,45.00,190.00,35.00,1815.00,870.00,710.00,160.00,945.00,535.00,65.00,180.00,160.00
"9330235.04",5795.00,3065.00,2515.00,550.00,2725.00,1890.00,160.00,465.00,210.00,2795.00,1520.00,1245.00,275.00,1275.00,1035.00,55.00,145.00,40.00,2995.00,1545.00,1275.00,270.00,1450.00,850.00,110.00,320.00,175.00
"9330236.00",3110.00,1965.00,1880.00,85.00,1150.00,895.00,45.00,80.00,135.00,1515.00,985.00,940.00,40.00,535.00,455.00,15.00,35.00,30.00,1595.00,980.00,940.00,45.00,620.00,435.00,30.00,45.00,100.00
"9330237.00",6550.00,3700.00,3330.00,365.00,2850.00,1935.00,155.00,395.00,370.00,3225.00,1840.00,1655.00,185.00,1385.00,1095.00,55.00,160.00,70.00,3325.00,1860.00,1675.00,185.00,1465.00,835.00,95.00,235.00,305.00
"9330238.01",3095.00,1825.00,1665.00,160.00,1270.00,960.00,45.00,130.00,135.00,1550.00,905.00,830.00,80.00,640.00,540.00,15.00,50.00,35.00,1550.00,915.00,840.00,80.00,630.00,425.00,35.00,80.00,100.00
"9330238.02",6085.00,3445.00,3125.00,315.00,2640.00,1945.00,95.00,270.00,325.00,2980.00,1700.00,1550.00,155.00,1275.00,1050.00,40.00,120.00,70.00,3100.00,1735.00,1575.00,165.00,1365.00,900.00,55.00,155.00,255.00
"9330239.01",4945.00,2895.00,2640.00,260.00,2050.00,1535.00,85.00,170.00,260.00,2470.00,1450.00,1315.00,130.00,1020.00,855.00,45.00,65.00,55.00,2480.00,1445.00,1320.00,125.00,1030.00,680.00,45.00,100.00,205.00
"9330239.02",4570.00,2525.00,1890.00,635.00,2045.00,1485.00,110.00,335.00,120.00,2240.00,1245.00,935.00,315.00,995.00,825.00,35.00,115.00,20.00,2330.00,1280.00,960.00,320.00,1055.00,665.00,70.00,215.00,105.00
"9330240.01",8125.00,4465.00,3705.00,765.00,3660.00,2630.00,160.00,440.00,425.00,3845.00,2220.00,1840.00,385.00,1625.00,1375.00,55.00,135.00,55.00,4275.00,2240.00,1865.00,375.00,2035.00,1250.00,105.00,305.00,370.00
"9330240.02",4715.00,2565.00,2255.00,310.00,2150.00,1505.00,125.00,260.00,255.00,2265.00,1275.00,1120.00,150.00,995.00,800.00,50.00,110.00,40.00,2445.00,1290.00,1135.00,160.00,1155.00,705.00,70.00,150.00,220.00
"9330241.00",6560.00,3605.00,3125.00,480.00,2955.00,1975.00,155.00,400.00,435.00,3155.00,1800.00,1555.00,245.00,1360.00,1075.00,60.00,155.00,70.00,3405.00,1805.00,1570.00,235.00,1600.00,900.00,90.00,245.00,365.00
"9330242.00",6365.00,3560.00,3080.00,480.00,2805.00,2015.00,150.00,390.00,250.00,3210.00,1760.00,1515.00,240.00,1455.00,1155.00,70.00,170.00,60.00,3155.00,1805.00,1565.00,240.00,1350.00,860.00,85.00,210.00,195.00
"9330243.01",5350.00,2925.00,2695.00,230.00,2425.00,1855.00,100.00,240.00,225.00,2650.00,1445.00,1330.00,115.00,1210.00,1015.00,55.00,85.00,50.00,2700.00,1480.00,1370.00,110.00,1220.00,840.00,45.00,155.00,175.00
"9330243.02",7260.00,3930.00,3345.00,580.00,3330.00,2680.00,150.00,355.00,145.00,3530.00,1945.00,1655.00,290.00,1585.00,1385.00,55.00,95.00,45.00,3735.00,1990.00,1690.00,290.00,1745.00,1290.00,95.00,260.00,100.00
"9330250.01",3040.00,2085.00,1740.00,355.00,955.00,555.00,60.00,225.00,120.00,1460.00,1050.00,875.00,180.00,410.00,270.00,30.00,70.00,30.00,1585.00,1035.00,860.00,175.00,545.00,280.00,30.00,150.00,90.00
"9330250.02",3615.00,2495.00,2210.00,290.00,1120.00,840.00,55.00,145.00,85.00,1805.00,1250.00,1095.00,150.00,560.00,460.00,25.00,60.00,15.00,1810.00,1250.00,1105.00,145.00,560.00,380.00,30.00,80.00,70.00
"9330251.01",,,,,,,,,,,,,,,,,,,,,,,,,,,
"9330251.02",110.00,65.00,50.00,20.00,45.00,35.00,5.00,5.00,5.00,65.00,35.00,25.00,10.00,30.00,25.00,5.00,0.00,5.00,45.00,30.00,25.00,5.00,15.00,10.00,0.00,0.00,5.00
"9330260.04",3105.00,1920.00,1635.00,285.00,1180.00,840.00,90.00,155.00,90.00,1560.00,955.00,815.00,145.00,605.00,480.00,35.00,65.00,25.00,1540.00,965.00,825.00,140.00,575.00,360.00,55.00,95.00,65.00
"9330260.05",3330.00,2000.00,1775.00,220.00,1335.00,940.00,90.00,185.00,120.00,1645.00,995.00,885.00,110.00,645.00,520.00,40.00,65.00,30.00,1690.00,1005.00,895.00,110.00,685.00,420.00,55.00,120.00,90.00
"9330260.06",3360.00,2290.00,2085.00,200.00,1070.00,785.00,60.00,125.00,105.00,1655.00,1140.00,1035.00,100.00,510.00,425.00,20.00,45.00,25.00,1710.00,1145.00,1050.00,100.00,560.00,360.00,40.00,80.00,80.00
"9330260.07",4220.00,2520.00,2145.00,375.00,1700.00,960.00,145.00,365.00,235.00,1945.00,1255.00,1065.00,185.00,695.00,490.00,55.00,110.00,40.00,2280.00,1265.00,1085.00,185.00,1010.00,465.00,90.00,260.00,195.00
"9330260.08",5750.00,3940.00,3705.00,240.00,1810.00,1370.00,105.00,195.00,135.00,2725.00,1940.00,1820.00,120.00,785.00,680.00,35.00,60.00,20.00,3025.00,2000.00,1880.00,120.00,1025.00,695.00,75.00,140.00,115.00
"9330260.1",3400.00,2125.00,1690.00,435.00,1275.00,785.00,135.00,265.00,90.00,1580.00,1045.00,835.00,215.00,535.00,375.00,55.00,95.00,15.00,1820.00,1070.00,855.00,220.00,745.00,410.00,80.00,165.00,85.00
"9330260.11",170.00,115.00,100.00,20.00,55.00,35.00,0.00,15.00,5.00,90.00,60.00,50.00,10.00,30.00,20.00,0.00,10.00,0.00,80.00,60.00,50.00,10.00,20.00,15.00,5.00,5.00,5.00
"9330260.12",4165.00,2350.00,1825.00,520.00,1820.00,1200.00,145.00,350.00,130.00,1990.00,1170.00,910.00,260.00,820.00,610.00,60.00,130.00,20.00,2175.00,1170.00,915.00,260.00,1000.00,590.00,85.00,215.00,110.00
"9330270.00",,,,,,,,,,,,,,,,,,,,,,,,,,,
"9330280.01",35.00,20.00,5.00,20.00,15.00,10.00,0.00,0.00,0.00,15.00,10.00,0.00,10.00,10.00,5.00,0.00,0.00,0.00,15.00,10.00,5.00,10.00,5.00,5.00,0.00,5.00,0.00
"9330280.02",2940.00,1875.00,1760.00,115.00,1065.00,760.00,80.00,145.00,80.00,1500.00,970.00,910.00,55.00,530.00,400.00,45.00,65.00,25.00,1440.00,910.00,850.00,60.00,530.00,350.00,35.00,85.00,55.00
"9330281.01",5240.00,3360.00,3045.00,320.00,1875.00,1370.00,90.00,230.00,185.00,2565.00,1675.00,1510.00,165.00,890.00,715.00,45.00,80.00,55.00,2675.00,1685.00,1530.00,155.00,985.00,655.00,50.00,150.00,135.00
"9330281.02",5425.00,3120.00,2705.00,415.00,2310.00,1550.00,155.00,330.00,270.00,2700.00,1550.00,1345.00,205.00,1150.00,870.00,80.00,145.00,60.00,2725.00,1570.00,1365.00,205.00,1155.00,680.00,75.00,190.00,210.00
"9330282.01",3630.00,2040.00,1745.00,295.00,1590.00,1150.00,100.00,205.00,135.00,1805.00,1015.00,870.00,150.00,790.00,630.00,45.00,90.00,25.00,1825.00,1020.00,875.00,150.00,800.00,520.00,55.00,115.00,110.00
"9330282.02",3715.00,2020.00,1665.00,355.00,1695.00,1080.00,105.00,270.00,240.00,1710.00,1010.00,830.00,180.00,700.00,540.00,40.00,80.00,40.00,2005.00,1010.00,840.00,175.00,995.00,540.00,60.00,190.00,200.00
"9330283.00",6925.00,3520.00,3105.00,420.00,3410.00,2265.00,200.00,450.00,485.00,3350.00,1745.00,1540.00,200.00,1605.00,1280.00,85.00,160.00,80.00,3575.00,1780.00,1565.00,215.00,1800.00,985.00,120.00,295.00,405.00
"9330284.01",6165.00,3370.00,2980.00,390.00,2795.00,2010.00,165.00,355.00,265.00,3060.00,1675.00,1475.00,195.00,1390.00,1150.00,60.00,140.00,45.00,3105.00,1700.00,1510.00,195.00,1405.00,860.00,105.00,220.00,220.00
"9330284.02",6545.00,3750.00,3285.00,465.00,2800.00,2055.00,155.00,370.00,220.00,3265.00,1860.00,1630.00,235.00,1400.00,1155.00,60.00,150.00,35.00,3280.00,1890.00,1655.00,235.00,1395.00,900.00,90.00,215.00,180.00
"9330285.01",3000.00,1255.00,985.00,265.00,1750.00,1085.00,150.00,385.00,125.00,1565.00,620.00,485.00,135.00,945.00,640.00,85.00,195.00,30.00,1440.00,640.00,505.00,130.00,800.00,445.00,70.00,190.00,100.00
"9330285.02",4840.00,2880.00,2655.00,230.00,1955.00,1350.00,85.00,195.00,320.00,2355.00,1435.00,1320.00,115.00,920.00,745.00,35.00,75.00,70.00,2485.00,1450.00,1335.00,115.00,1035.00,610.00,50.00,120.00,255.00
"9330286.01",4835.00,3000.00,2785.00,215.00,1835.00,1355.00,80.00,185.00,205.00,2400.00,1490.00,1385.00,110.00,910.00,755.00,30.00,80.00,45.00,2430.00,1510.00,1400.00,110.00,920.00,605.00,50.00,105.00,160.00
"9330286.02",6580.00,4075.00,3570.00,505.00,2500.00,1820.00,145.00,325.00,215.00,3230.00,2030.00,1775.00,250.00,1205.00,990.00,40.00,125.00,50.00,3345.00,2050.00,1790.00,255.00,1295.00,835.00,100.00,200.00,170.00
"9330286.03",3235.00,2160.00,1940.00,225.00,1070.00,775.00,50.00,120.00,125.00,1620.00,1075.00,965.00,110.00,545.00,435.00,25.00,50.00,35.00,1615.00,1090.00,975.00,110.00,530.00,345.00,25.00,75.00,85.00
"9330287.01",7355.00,4450.00,4030.00,425.00,2905.00,2135.00,180.00,350.00,235.00,3560.00,2200.00,1990.00,205.00,1360.00,1150.00,70.00,115.00,30.00,3795.00,2250.00,2035.00,220.00,1540.00,990.00,110.00,235.00,210.00
"9330287.02",9350.00,6640.00,6075.00,570.00,2710.00,2095.00,130.00,280.00,200.00,4575.00,3290.00,3005.00,285.00,1290.00,1100.00,40.00,105.00,50.00,4770.00,3355.00,3070.00,285.00,1420.00,1000.00,90.00,180.00,160.00
"9330287.06",3915.00,2140.00,2000.00,135.00,1785.00,1040.00,110.00,230.00,405.00,1775.00,1045.00,985.00,60.00,725.00,555.00,40.00,70.00,60.00,2145.00,1090.00,1015.00,70.00,1055.00,485.00,70.00,165.00,345.00
"9330287.09",5525.00,2945.00,2505.00,445.00,2580.00,1735.00,200.00,405.00,240.00,2580.00,1440.00,1215.00,220.00,1140.00,910.00,70.00,125.00,30.00,2940.00,1505.00,1285.00,220.00,1435.00,825.00,130.00,275.00,205.00
"9330287.1",2320.00,1540.00,1450.00,90.00,780.00,640.00,25.00,65.00,55.00,1125.00,755.00,715.00,45.00,365.00,330.00,10.00,15.00,10.00,1195.00,780.00,735.00,45.00,420.00,310.00,15.00,45.00,45.00
"9330287.11",4355.00,2785.00,2525.00,255.00,1570.00,1140.00,110.00,185.00,140.00,2110.00,1385.00,1260.00,130.00,730.00,610.00,35.00,50.00,30.00,2245.00,1400.00,1265.00,130.00,850.00,530.00,75.00,130.00,110.00
"9330287.12",3360.00,2175.00,2010.00,165.00,1185.00,890.00,55.00,140.00,105.00,1595.00,1070.00,990.00,80.00,525.00,460.00,20.00,35.00,15.00,1765.00,1110.00,1025.00,80.00,655.00,430.00,35.00,105.00,85.00
"9330287.13",7210.00,4425.00,4075.00,350.00,2780.00,2120.00,165.00,305.00,195.00,3485.00,2170.00,1995.00,180.00,1320.00,1150.00,50.00,90.00,30.00,3720.00,2255.00,2085.00,170.00,1465.00,970.00,115.00,215.00,165.00
"9330287.14",3565.00,2365.00,2230.00,130.00,1205.00,920.00,60.00,140.00,85.00,1745.00,1170.00,1100.00,65.00,575.00,495.00,20.00,45.00,15.00,1825.00,1190.00,1130.00,65.00,630.00,425.00,40.00,90.00,70.00
"9330287.15",3405.00,1985.00,1785.00,205.00,1420.00,875.00,80.00,265.00,195.00,1540.00,985.00,885.00,100.00,560.00,430.00,20.00,75.00,35.00,1860.00,1005.00,895.00,105.00,860.00,450.00,60.00,190.00,165.00
"9330287.16",3625.00,2040.00,1820.00,220.00,1585.00,890.00,115.00,310.00,270.00,1625.00,1005.00,895.00,115.00,620.00,445.00,50.00,85.00,40.00,1995.00,1035.00,925.00,110.00,965.00,440.00,65.00,225.00,230.00
"9330290.02",7840.00,3835.00,2945.00,890.00,4005.00,2180.00,335.00,780.00,705.00,3590.00,1940.00,1490.00,450.00,1655.00,1130.00,140.00,260.00,125.00,4245.00,1895.00,1455.00,445.00,2350.00,1055.00,195.00,515.00,585.00
"9330290.04",6190.00,4080.00,3750.00,330.00,2115.00,1565.00,110.00,225.00,210.00,3035.00,2035.00,1865.00,165.00,1000.00,855.00,35.00,70.00,40.00,3155.00,2045.00,1880.00,165.00,1115.00,705.00,80.00,155.00,175.00
"9330290.05",2800.00,1775.00,1605.00,175.00,1020.00,740.00,60.00,135.00,90.00,1415.00,895.00,805.00,85.00,520.00,420.00,25.00,50.00,15.00,1385.00,885.00,800.00,85.00,500.00,315.00,35.00,85.00,70.00
"9330290.06",,,,,,,,,,,,,,,,,,,,,,,,,,,
"9330290.07",5110.00,3075.00,2695.00,380.00,2035.00,1455.00,130.00,295.00,150.00,2570.00,1535.00,1340.00,190.00,1035.00,825.00,45.00,125.00,35.00,2540.00,1535.00,1350.00,185.00,1000.00,630.00,80.00,170.00,115.00
"9330291.01",6455.00,3435.00,2870.00,570.00,3015.00,1945.00,280.00,515.00,280.00,3145.00,1705.00,1420.00,280.00,1445.00,1060.00,115.00,205.00,60.00,3305.00,1735.00,1450.00,285.00,1570.00,875.00,165.00,305.00,220.00
"9330291.02",6840.00,4005.00,3330.00,670.00,2835.00,1935.00,230.00,405.00,265.00,3370.00,2000.00,1660.00,335.00,1375.00,1075.00,85.00,160.00,50.00,3465.00,2005.00,1670.00,335.00,1460.00,855.00,135.00,245.00,220.00
"9330292.01",4420.00,2860.00,2570.00,290.00,1565.00,1145.00,110.00,180.00,125.00,2205.00,1420.00,1280.00,140.00,780.00,650.00,35.00,70.00,25.00,2220.00,1435.00,1285.00,145.00,785.00,490.00,80.00,115.00,100.00
"9330292.03",5195.00,3270.00,2990.00,280.00,1925.00,1455.00,110.00,215.00,145.00,2525.00,1630.00,1490.00,140.00,895.00,770.00,40.00,70.00,20.00,2670.00,1645.00,1500.00,140.00,1030.00,685.00,70.00,145.00,130.00
"9330292.04",4020.00,2640.00,2290.00,350.00,1380.00,985.00,85.00,195.00,115.00,2005.00,1310.00,1140.00,170.00,695.00,540.00,40.00,90.00,25.00,2015.00,1325.00,1145.00,180.00,685.00,445.00,50.00,105.00,90.00
"9330400.04",5600.00,3715.00,3205.00,510.00,1890.00,1395.00,110.00,240.00,145.00,2780.00,1860.00,1605.00,255.00,920.00,765.00,40.00,70.00,45.00,2820.00,1855.00,1605.00,255.00,965.00,630.00,65.00,165.00,105.00
"9330400.05",5610.00,3575.00,3050.00,520.00,2040.00,1400.00,170.00,300.00,170.00,2735.00,1775.00,1520.00,260.00,955.00,755.00,60.00,100.00,35.00,2875.00,1790.00,1530.00,265.00,1080.00,640.00,105.00,200.00,135.00
"9330400.06",3490.00,2155.00,1890.00,270.00,1330.00,945.00,80.00,175.00,130.00,1620.00,1075.00,950.00,130.00,545.00,450.00,35.00,40.00,20.00,1870.00,1085.00,945.00,140.00,790.00,495.00,45.00,135.00,115.00
"9330400.07",,,,,,,,,,,,,,,,,,,,,,,,,,,
"9330400.08",,,,,,,,,,,,,,,,,,,,,,,,,,,
"9330400.09",4135.00,2745.00,2305.00,440.00,1390.00,960.00,95.00,200.00,135.00,2090.00,1370.00,1150.00,220.00,720.00,540.00,40.00,105.00,35.00,2045.00,1375.00,1150.00,225.00,665.00,420.00,55.00,90.00,95.00
"9330401.01",2630.00,1385.00,1080.00,305.00,1245.00,620.00,105.00,305.00,220.00,1260.00,690.00,540.00,150.00,575.00,355.00,55.00,115.00,55.00,1370.00,700.00,540.00,160.00,675.00,260.00,50.00,190.00,170.00
"9330401.02",7120.00,3475.00,2725.00,750.00,3645.00,1825.00,310.00,790.00,715.00,3285.00,1720.00,1345.00,365.00,1570.00,1025.00,145.00,280.00,125.00,3835.00,1755.00,1370.00,385.00,2075.00,805.00,170.00,510.00,590.00
"9330402.02",4530.00,2540.00,2105.00,430.00,1990.00,1185.00,135.00,325.00,345.00,2165.00,1270.00,1060.00,215.00,895.00,650.00,65.00,120.00,60.00,2365.00,1270.00,1050.00,215.00,1100.00,535.00,75.00,205.00,285.00
"9330402.03",4045.00,1990.00,1575.00,415.00,2055.00,1075.00,190.00,400.00,390.00,1845.00,985.00,780.00,200.00,860.00,580.00,75.00,130.00,70.00,2195.00,1005.00,795.00,215.00,1190.00,495.00,120.00,265.00,315.00
"9330402.04",3400.00,2040.00,1690.00,350.00,1360.00,915.00,90.00,200.00,160.00,1680.00,1015.00,840.00,170.00,670.00,505.00,35.00,90.00,40.00,1720.00,1025.00,850.00,180.00,690.00,410.00,55.00,115.00,115.00
"9330403.01",4530.00,2610.00,2125.00,485.00,1920.00,1195.00,155.00,315.00,255.00,2205.00,1305.00,1065.00,240.00,900.00,665.00,60.00,125.00,50.00,2325.00,1305.00,1060.00,245.00,1015.00,530.00,95.00,190.00,200.00
"9330403.04",3740.00,2330.00,1955.00,375.00,1405.00,965.00,95.00,190.00,150.00,1870.00,1170.00,985.00,185.00,705.00,545.00,40.00,85.00,35.00,1865.00,1160.00,975.00,190.00,705.00,420.00,55.00,110.00,115.00
"9330403.05",3875.00,2430.00,2135.00,300.00,1450.00,1020.00,95.00,175.00,150.00,1905.00,1210.00,1070.00,145.00,695.00,555.00,40.00,60.00,35.00,1970.00,1215.00,1065.00,150.00,755.00,465.00,60.00,115.00,120.00
"9330403.06",200.00,100.00,55.00,45.00,95.00,75.00,5.00,10.00,5.00,95.00,50.00,30.00,20.00,45.00,35.00,5.00,0.00,0.00,105.00,50.00,25.00,20.00,55.00,40.00,5.00,5.00,5.00
"9330403.07",4360.00,2625.00,2135.00,485.00,1735.00,1170.00,135.00,250.00,180.00,2175.00,1310.00,1065.00,245.00,865.00,675.00,50.00,90.00,45.00,2185.00,1315.00,1075.00,245.00,870.00,500.00,85.00,160.00,130.00
"9330404.01",5550.00,3420.00,2945.00,480.00,2130.00,1515.00,135.00,255.00,220.00,2705.00,1695.00,1460.00,240.00,1010.00,785.00,55.00,105.00,60.00,2850.00,1730.00,1490.00,240.00,1120.00,730.00,80.00,145.00,165.00
"9330404.02",5210.00,3685.00,3165.00,525.00,1525.00,1115.00,105.00,190.00,120.00,2575.00,1835.00,1575.00,260.00,740.00,575.00,50.00,90.00,35.00,2635.00,1855.00,1585.00,265.00,785.00,545.00,50.00,100.00,90.00
"9330410.02",6195.00,3640.00,3085.00,555.00,2560.00,1470.00,200.00,455.00,430.00,2915.00,1825.00,1545.00,280.00,1090.00,785.00,75.00,150.00,80.00,3280.00,1810.00,1540.00,275.00,1470.00,680.00,130.00,310.00,350.00
"9330410.04",1205.00,800.00,680.00,120.00,405.00,220.00,45.00,75.00,60.00,590.00,405.00,350.00,55.00,180.00,115.00,20.00,30.00,15.00,615.00,395.00,330.00,65.00,220.00,100.00,25.00,45.00,45.00
"9330410.05",4300.00,2565.00,2190.00,375.00,1735.00,1105.00,140.00,290.00,200.00,2070.00,1280.00,1090.00,190.00,790.00,590.00,45.00,100.00,45.00,2235.00,1285.00,1095.00,190.00,950.00,515.00,95.00,190.00,150.00
"9330410.06",3710.00,2650.00,2315.00,340.00,1055.00,770.00,75.00,125.00,85.00,1825.00,1320.00,1150.00,170.00,505.00,420.00,35.00,35.00,15.00,1885.00,1335.00,1160.00,175.00,550.00,350.00,45.00,85.00,70.00
"9330500.01",465.00,330.00,285.00,45.00,140.00,25.00,5.00,40.00,70.00,210.00,160.00,145.00,15.00,50.00,10.00,0.00,20.00,20.00,255.00,165.00,140.00,25.00,90.00,15.00,5.00,20.00,55.00
"9330500.02",5100.00,3175.00,2660.00,515.00,1930.00,1200.00,135.00,360.00,240.00,2580.00,1600.00,1340.00,260.00,980.00,680.00,60.00,175.00,65.00,2525.00,1570.00,1315.00,255.00,950.00,520.00,70.00,185.00,175.00
"9330501.01",3620.00,1980.00,1770.00,215.00,1635.00,810.00,80.00,250.00,495.00,1665.00,990.00,880.00,110.00,675.00,440.00,40.00,85.00,110.00,1955.00,990.00,885.00,110.00,960.00,370.00,40.00,165.00,385.00
"9330501.02",4655.00,3110.00,2720.00,390.00,1545.00,1055.00,105.00,220.00,165.00,2350.00,1560.00,1360.00,200.00,790.00,585.00,45.00,115.00,45.00,2305.00,1550.00,1360.00,195.00,755.00,470.00,60.00,110.00,120.00
"9330501.03",2765.00,1775.00,1550.00,225.00,990.00,675.00,50.00,150.00,120.00,1400.00,890.00,780.00,115.00,510.00,380.00,20.00,70.00,25.00,1365.00,885.00,770.00,110.00,485.00,290.00,30.00,70.00,90.00
"9330502.01",1995.00,1330.00,1170.00,165.00,665.00,435.00,35.00,95.00,95.00,1005.00,670.00,590.00,80.00,340.00,245.00,20.00,50.00,25.00,990.00,660.00,580.00,80.00,330.00,195.00,20.00,45.00,75.00
"9330502.02",3375.00,2050.00,1730.00,320.00,1330.00,690.00,105.00,255.00,270.00,1675.00,1025.00,865.00,160.00,655.00,405.00,55.00,125.00,65.00,1700.00,1020.00,865.00,160.00,680.00,285.00,55.00,130.00,205.00
"9330502.03",3940.00,2590.00,2255.00,335.00,1350.00,935.00,85.00,205.00,120.00,1975.00,1285.00,1125.00,160.00,690.00,530.00,40.00,85.00,30.00,1965.00,1300.00,1130.00,170.00,660.00,405.00,45.00,120.00,90.00
"9330502.05",2555.00,1605.00,1375.00,235.00,955.00,650.00,55.00,140.00,110.00,1260.00,795.00,685.00,115.00,465.00,345.00,25.00,65.00,30.00,1300.00,810.00,690.00,120.00,490.00,310.00,30.00,70.00,75.00
"9330502.06",2455.00,1615.00,1490.00,125.00,835.00,605.00,40.00,90.00,95.00,1185.00,805.00,745.00,65.00,380.00,310.00,15.00,35.00,20.00,1265.00,815.00,745.00,65.00,455.00,300.00,25.00,55.00,75.00
"9330502.07",4790.00,3025.00,2735.00,290.00,1765.00,1030.00,125.00,315.00,305.00,2175.00,1505.00,1360.00,145.00,675.00,500.00,45.00,75.00,60.00,2615.00,1520.00,1375.00,145.00,1090.00,530.00,80.00,240.00,250.00
"9330503.01",2000.00,1345.00,1165.00,180.00,655.00,490.00,35.00,80.00,50.00,1010.00,670.00,585.00,90.00,335.00,285.00,10.00,30.00,10.00,995.00,675.00,585.00,90.00,320.00,210.00,25.00,50.00,30.00
"9330503.03",5730.00,3630.00,3040.00,595.00,2100.00,1455.00,130.00,275.00,240.00,2840.00,1825.00,1515.00,305.00,1020.00,810.00,45.00,100.00,60.00,2890.00,1810.00,1520.00,285.00,1080.00,650.00,80.00,175.00,180.00
"9330503.06",3780.00,1815.00,1335.00,480.00,1965.00,1105.00,140.00,465.00,260.00,1705.00,900.00,665.00,240.00,810.00,580.00,55.00,145.00,30.00,2065.00,915.00,670.00,245.00,1155.00,520.00,85.00,320.00,230.00
"9330503.07",4110.00,1400.00,1065.00,340.00,2705.00,1130.00,255.00,735.00,580.00,1875.00,705.00,535.00,165.00,1175.00,620.00,110.00,300.00,140.00,2230.00,700.00,530.00,170.00,1535.00,510.00,145.00,435.00,445.00
"9330503.08",4080.00,2080.00,1505.00,575.00,2000.00,1195.00,190.00,405.00,215.00,1970.00,1035.00,750.00,290.00,935.00,655.00,75.00,155.00,45.00,2110.00,1045.00,755.00,285.00,1065.00,540.00,115.00,250.00,165.00
"9330503.09",2275.00,1155.00,900.00,250.00,1120.00,555.00,75.00,240.00,240.00,975.00,575.00,445.00,125.00,405.00,255.00,25.00,75.00,45.00,1300.00,580.00,455.00,125.00,715.00,300.00,50.00,165.00,200.00
"9330504.03",5080.00,3365.00,2995.00,370.00,1715.00,1205.00,85.00,255.00,170.00,2475.00,1680.00,1490.00,190.00,795.00,635.00,35.00,100.00,30.00,2605.00,1685.00,1500.00,180.00,920.00,570.00,50.00,160.00,145.00
"9330504.05",6410.00,4035.00,3615.00,415.00,2375.00,1460.00,140.00,320.00,450.00,2965.00,1990.00,1785.00,205.00,975.00,755.00,45.00,100.00,80.00,3440.00,2045.00,1835.00,210.00,1395.00,705.00,95.00,220.00,375.00
"9330504.07",2595.00,1595.00,1385.00,205.00,1000.00,550.00,70.00,220.00,160.00,1160.00,795.00,695.00,100.00,370.00,275.00,25.00,45.00,25.00,1430.00,800.00,700.00,100.00,630.00,280.00,40.00,175.00,135.00
"9330504.08",3460.00,2280.00,2110.00,170.00,1180.00,770.00,55.00,165.00,190.00,1635.00,1130.00,1045.00,85.00,500.00,405.00,20.00,50.00,35.00,1825.00,1145.00,1065.00,85.00,680.00,365.00,35.00,120.00,155.00
"9330504.09",4120.00,2750.00,2415.00,335.00,1370.00,1010.00,80.00,165.00,115.00,2010.00,1365.00,1200.00,165.00,645.00,540.00,30.00,60.00,15.00,2110.00,1380.00,1215.00,170.00,725.00,475.00,50.00,105.00,100.00
"9330504.1",3225.00,1940.00,1585.00,350.00,1290.00,775.00,100.00,240.00,170.00,1520.00,960.00,785.00,175.00,555.00,420.00,45.00,70.00,25.00,1705.00,980.00,800.00,175.00,730.00,355.00,50.00,175.00,145.00
"9330504.11",10110.00,6825.00,5835.00,990.00,3285.00,2320.00,295.00,465.00,205.00,4885.00,3370.00,2880.00,495.00,1510.00,1200.00,120.00,150.00,40.00,5225.00,3450.00,2955.00,500.00,1770.00,1115.00,180.00,310.00,165.00
"9330504.12",3930.00,2500.00,2195.00,305.00,1430.00,1090.00,95.00,160.00,80.00,1955.00,1245.00,1090.00,150.00,715.00,605.00,30.00,65.00,20.00,1970.00,1260.00,1110.00,155.00,715.00,490.00,60.00,100.00,60.00
"9330504.13",3105.00,1905.00,1600.00,310.00,1200.00,695.00,100.00,185.00,225.00,1480.00,945.00,785.00,155.00,535.00,395.00,35.00,70.00,35.00,1630.00,965.00,810.00,155.00,665.00,295.00,65.00,120.00,190.00
"9330504.14",30.00,20.00,15.00,10.00,15.00,10.00,0.00,0.00,5.00,15.00,10.00,5.00,0.00,5.00,5.00,0.00,0.00,0.00,20.00,10.00,5.00,5.00,10.00,5.00,0.00,0.00,0.00
"9330504.15",1550.00,1040.00,950.00,95.00,500.00,300.00,20.00,60.00,125.00,730.00,515.00,470.00,50.00,215.00,160.00,10.00,15.00,25.00,815.00,530.00,480.00,50.00,290.00,140.00,10.00,50.00,95.00
"9330505.01",2910.00,1855.00,1665.00,190.00,1055.00,630.00,65.00,195.00,165.00,1325.00,920.00,825.00,95.00,405.00,305.00,15.00,55.00,25.00,1580.00,930.00,835.00,95.00,650.00,320.00,50.00,135.00,140.00
"9330505.03",75.00,35.00,15.00,15.00,40.00,30.00,5.00,5.00,0.00,35.00,15.00,10.00,10.00,20.00,20.00,0.00,0.00,0.00,35.00,15.00,5.00,5.00,20.00,10.00,0.00,0.00,5.00
"9330505.04",4880.00,3130.00,2770.00,360.00,1750.00,1275.00,105.00,215.00,165.00,2445.00,1560.00,1385.00,180.00,880.00,690.00,45.00,115.00,35.00,2435.00,1565.00,1390.00,175.00,870.00,580.00,60.00,100.00,125.00
"9330506.01",3130.00,1805.00,1465.00,340.00,1330.00,860.00,105.00,250.00,110.00,1515.00,900.00,730.00,170.00,615.00,475.00,35.00,90.00,15.00,1620.00,905.00,735.00,170.00,715.00,390.00,70.00,160.00,90.00
"9330506.02",5955.00,3410.00,2820.00,590.00,2545.00,1565.00,175.00,460.00,345.00,2895.00,1710.00,1415.00,290.00,1185.00,850.00,70.00,185.00,85.00,3060.00,1700.00,1405.00,295.00,1365.00,715.00,110.00,275.00,265.00
