"population","a0_4","a5_9","a10_14","a15_19","a20_24","a25_29","a30_34","a35_39","a40_44","a45_49","a50_54","a55_59","a60_64","a65_69","a70_74","a75_79","a80_84","a85_","f","m","naao","onao_Canadian","onao","eo_bio_English","eo_bio_Irish","eo_bio_Scottish","eo_obio","eo_fo","eo_weo_Dutch","eo_weo_German","eo_oweo","eo_neo","eo_eeo_Hungarian","eo_eeo_Polish","eo_eeo_Russian","eo_eeo_Ukrainian","eo_oeeo","eo_seo_Greek","eo_seo_Italian","eo_seo_Portuguese","eo_seo_Spanish","eo_oseo","eo_oeo","co_Jamaican","oco","lcsao","ao","ao_wcameo","ao_sao_ei","ao_osao","ao_esao_Chinese","ao_esao_Filipino","ao_oesao","oo"
6290,261,275,325,376,438,400,457,412,417,496,496,443,398,371,253,201,145,126,3176,3114,46,491,6,327,82,95,56,37,61,145,10,75,16,56,41,50,85,22,117,37,21,68,23,5,6,79,63,270,909,134,1853,443,534,27
5460,190,252,258,305,362,373,417,376,392,415,460,393,362,290,215,164,123,113,2778,2682,39,385,9,258,74,106,46,48,72,133,8,47,24,63,42,44,73,20,107,30,17,63,18,5,9,72,62,225,748,129,1623,396,442,23
6150,228,289,290,361,386,384,430,433,434,453,503,437,421,371,250,218,152,110,3188,2962,60,479,12,324,89,115,64,54,66,148,12,53,10,62,35,64,75,18,127,32,22,69,32,3,6,100,62,233,876,133,1779,431,486,19
4075,171,167,208,240,269,265,290,291,321,340,289,288,274,230,137,109,109,77,2111,1964,31,306,6,205,44,82,26,44,50,95,7,30,12,37,22,42,46,22,86,25,12,42,12,2,3,70,45,164,610,101,1217,276,296,7
4505,154,204,219,264,297,305,331,311,326,364,368,311,254,227,200,158,107,105,2286,2219,33,347,7,231,65,92,37,30,63,97,8,37,13,48,35,56,42,7,80,23,14,48,13,4,6,71,45,195,624,128,1329,277,382,18
3715,125,186,172,217,229,258,266,264,282,298,311,249,208,231,158,106,83,72,1925,1790,25,303,2,214,40,59,38,28,35,85,8,30,15,42,30,33,37,10,73,22,15,38,7,2,4,49,36,150,525,113,1076,266,284,21
4615,208,206,221,267,310,341,317,309,327,357,347,341,305,232,184,132,109,102,2423,2192,36,354,6,253,47,91,39,40,58,96,9,43,15,48,40,46,38,17,70,18,19,59,17,1,3,63,53,185,658,127,1378,297,370,21
4925,192,227,242,293,338,336,347,330,359,399,427,341,336,247,174,146,99,92,2491,2434,38,341,3,259,53,95,41,48,55,118,11,42,18,48,35,63,61,8,82,28,16,51,21,0,3,71,47,180,706,134,1450,370,410,19
5650,199,226,317,365,351,374,381,412,403,410,495,390,348,305,245,187,135,107,2844,2806,42,401,4,322,63,99,44,40,69,125,13,46,24,52,36,48,68,22,113,38,19,68,24,1,10,75,55,259,821,143,1648,386,450,22
7305,258,289,351,452,474,493,530,489,547,539,613,526,487,425,278,235,202,117,3717,3588,53,499,6,396,81,130,62,51,92,163,18,65,26,83,68,78,81,27,144,48,22,82,27,2,6,100,72,321,996,180,2181,504,606,35
4700,182,210,216,272,303,317,348,305,352,377,420,298,303,225,210,162,110,90,2373,2327,52,402,7,239,55,92,36,33,49,112,10,43,21,45,44,48,54,19,87,27,9,39,12,4,7,59,57,172,688,115,1321,314,406,22
5235,228,235,233,301,361,330,371,395,350,423,458,387,292,284,189,184,132,82,2644,2591,49,401,5,289,74,100,50,47,62,116,12,48,20,53,28,42,60,25,109,22,15,58,25,0,7,83,62,201,718,109,1550,352,425,18
5540,223,249,247,320,359,406,391,365,412,430,435,404,351,321,233,165,129,100,2840,2700,37,411,6,316,65,111,41,32,62,140,13,54,27,63,25,63,65,23,95,27,22,58,24,3,9,84,65,222,831,123,1553,375,472,23
3455,154,159,149,206,254,231,261,226,266,243,269,237,244,179,131,116,79,51,1756,1699,27,235,2,186,38,73,27,34,35,82,10,33,11,25,19,28,44,21,61,23,12,32,7,0,2,51,28,130,477,96,1070,251,269,16
1655,72,72,80,99,108,120,110,116,114,127,130,114,118,76,66,65,38,30,819,836,17,121,1,85,12,23,14,13,19,38,2,16,5,12,12,16,18,3,19,11,9,9,4,0,3,21,20,62,262,38,521,128,113,8
4205,181,198,193,220,289,294,321,277,291,308,327,315,242,258,169,121,117,84,2132,2073,37,306,0,216,50,74,30,37,51,94,10,34,10,38,25,32,52,13,75,27,16,40,17,0,3,65,36,176,624,109,1229,298,362,19
7105,266,314,366,400,455,467,541,493,506,562,590,483,428,396,298,230,181,129,3625,3480,54,519,6,363,77,147,57,52,80,168,20,58,22,68,37,68,83,28,143,45,21,71,25,2,11,106,91,255,1002,181,2132,505,566,42
5355,184,256,302,285,375,371,360,372,405,443,450,361,322,298,177,166,121,107,2715,2640,44,391,5,290,76,91,51,44,58,135,9,53,22,47,44,48,61,22,88,25,17,51,18,1,1,73,61,200,748,135,1575,367,476,28
4745,184,210,229,263,334,319,353,354,338,336,372,379,280,253,188,148,106,99,2391,2354,34,345,6,255,54,93,39,39,63,111,21,38,14,47,22,54,55,20,81,26,18,45,17,1,5,71,52,207,658,105,1380,349,400,20
6615,255,306,304,407,443,458,498,458,497,531,544,431,391,332,244,224,155,137,3471,3144,56,502,7,364,92,122,62,42,67,162,13,58,22,66,42,53,66,29,126,32,28,77,24,4,5,86,66,269,955,164,1903,485,542,24
8095,329,343,394,485,526,583,582,567,585,622,661,513,512,477,313,255,194,154,4097,3998,85,582,7,428,106,163,68,76,99,188,19,74,25,98,55,83,105,24,171,43,16,76,27,7,8,112,103,330,1137,215,2317,574,642,32
6485,283,266,329,380,426,448,466,439,448,537,503,479,406,367,254,186,143,125,3331,3154,45,466,8,369,93,122,50,55,63,135,13,49,24,66,43,55,67,29,116,40,22,80,14,5,8,74,74,267,971,150,1870,465,543,34
4985,193,217,262,278,324,340,338,331,343,426,432,337,322,283,201,150,115,93,2595,2390,39,353,3,275,54,93,43,31,44,120,12,47,21,45,37,47,59,20,102,35,25,49,21,3,5,74,57,228,755,118,1435,335,383,17
3635,138,163,163,200,260,262,258,229,262,284,306,261,219,222,129,113,84,82,1826,1809,26,281,3,208,53,62,30,27,36,63,14,21,9,35,24,34,45,9,73,20,17,38,13,3,7,44,34,132,493,92,1103,269,307,10
3090,142,152,133,184,209,208,237,207,215,231,223,232,186,181,118,105,61,66,1627,1463,23,213,1,172,36,60,27,21,38,67,5,29,10,30,18,25,23,16,66,21,15,34,9,0,7,53,26,116,450,85,902,226,254,12
5980,231,285,271,363,403,417,446,413,439,483,488,395,357,297,216,206,144,126,3147,2833,48,458,6,328,85,115,52,36,58,147,13,51,21,59,39,41,59,25,109,27,26,68,22,4,5,82,56,246,863,146,1718,448,495,24
5485,232,237,273,317,346,352,387,380,377,439,470,381,380,299,209,150,151,105,2792,2693,45,408,3,269,78,108,44,43,68,137,16,40,24,43,31,54,51,20,112,21,29,45,17,2,9,76,58,193,815,142,1608,382,469,25
6245,263,261,287,323,415,392,442,430,456,487,525,473,412,334,251,203,161,130,3193,3052,45,418,3,354,77,114,57,50,73,131,27,59,20,57,49,60,74,22,123,37,19,71,27,2,10,107,70,272,850,148,1872,411,508,28
5260,222,224,240,293,361,338,385,379,389,407,414,386,321,320,211,149,115,106,2752,2508,50,372,2,293,68,96,52,36,53,111,9,38,12,43,25,48,64,22,108,29,18,59,20,3,6,81,45,225,759,141,1562,355,433,22
7375,281,321,334,411,498,491,540,483,526,620,616,508,512,415,280,205,193,141,3729,3646,64,574,0,390,87,139,64,65,97,136,12,67,33,74,44,67,84,27,150,39,21,75,21,1,6,95,68,299,1083,165,2219,500,584,25
4765,206,228,212,246,289,341,350,355,322,358,369,368,304,268,185,152,109,103,2438,2327,41,382,4,226,78,98,48,35,55,128,10,38,19,37,30,52,60,18,84,27,10,50,27,4,12,65,53,201,664,127,1361,328,372,21
4890,191,216,259,270,316,334,331,326,335,418,426,333,315,278,194,145,113,90,2544,2346,37,347,3,268,52,92,43,31,44,116,12,45,20,42,37,46,57,20,100,35,25,49,20,3,5,74,56,223,742,113,1408,333,375,17
7535,264,334,371,427,500,509,572,497,527,586,647,539,470,422,300,245,183,142,3865,3670,66,548,3,410,91,134,54,54,85,169,12,66,28,87,44,70,78,32,130,32,26,74,29,5,12,112,82,281,1077,188,2287,519,622,28
6630,255,309,338,375,450,484,454,435,462,533,519,460,426,366,264,210,193,97,3457,3173,62,498,6,336,76,112,51,42,72,149,16,72,21,55,40,59,86,29,121,28,17,71,31,3,11,84,79,258,981,161,1959,445,569,30
6935,268,298,333,370,434,487,455,514,544,532,554,518,454,355,263,225,177,154,3562,3373,51,535,6,357,82,128,77,53,106,158,12,55,28,56,35,70,68,28,136,43,33,81,16,5,7,97,73,274,995,170,2043,449,576,32
6960,280,314,341,400,469,454,478,492,493,566,539,500,458,408,256,227,155,130,3585,3375,68,506,6,354,82,122,64,52,75,154,16,52,37,66,54,68,54,21,129,42,27,75,25,2,7,108,82,263,1015,179,2029,507,585,34
4880,174,216,236,274,303,327,351,344,380,391,376,338,307,262,222,148,128,103,2488,2392,47,345,2,253,54,92,50,33,53,127,13,41,26,41,41,40,54,14,88,25,16,49,21,3,5,71,56,211,685,127,1443,327,406,21
2700,100,107,139,157,192,168,209,196,184,208,234,195,187,132,92,86,62,52,1376,1324,23,193,1,143,34,47,18,19,33,57,6,21,13,21,12,25,37,7,47,7,8,33,9,2,5,29,29,90,384,66,839,205,225,12
3680,139,176,173,221,247,265,248,259,233,274,305,268,233,202,159,124,85,69,1895,1785,33,257,1,187,47,68,32,24,48,85,6,38,16,40,26,45,40,16,68,12,14,40,9,3,4,43,40,149,520,71,1130,250,300,18
3060,115,135,148,163,199,212,214,206,226,262,255,206,192,176,123,95,77,56,1614,1446,27,230,4,160,35,57,24,17,43,81,7,20,10,20,18,20,45,9,52,10,7,36,12,2,0,41,29,110,444,80,890,247,260,13
4230,167,182,215,224,282,314,311,308,307,344,359,296,221,240,162,120,101,77,2135,2095,42,319,2,194,56,70,37,30,48,101,13,29,14,43,22,36,52,14,84,28,14,44,14,1,4,53,55,164,609,98,1272,286,365,17
5785,253,277,305,331,366,392,371,398,420,449,471,447,361,308,239,181,129,87,2937,2848,47,464,1,321,65,120,63,39,58,109,22,43,24,50,41,52,67,25,126,30,24,61,18,3,6,89,51,237,848,137,1610,460,446,28
7425,294,331,365,423,469,505,573,507,516,537,602,549,513,412,281,229,179,140,3792,3633,55,538,5,403,96,140,70,59,92,167,22,74,42,73,43,66,94,32,116,48,22,75,30,2,8,123,72,299,1069,181,2168,543,573,25
4675,176,207,212,273,304,323,363,287,335,396,383,324,262,285,185,149,117,94,2485,2190,40,338,4,254,45,84,49,28,57,107,9,50,16,53,29,48,56,18,74,24,18,39,17,1,4,50,40,178,682,105,1451,315,379,13
4075,165,165,189,217,239,280,311,287,273,298,356,301,280,233,174,144,90,73,2077,1998,35,322,2,204,44,91,44,32,56,106,7,17,14,36,27,41,49,17,57,27,23,45,10,1,8,59,42,167,603,93,1170,288,324,14
3785,142,183,182,233,245,265,287,232,252,292,335,289,227,224,151,102,88,56,1881,1904,29,271,4,187,55,72,27,34,36,84,9,32,17,41,22,29,43,15,75,20,13,42,14,2,5,55,39,151,555,94,1099,303,297,14
3060,134,144,148,162,198,191,243,227,209,240,259,235,176,159,116,89,73,57,1636,1424,27,225,2,141,42,61,19,24,36,77,10,22,9,38,24,34,35,17,43,19,5,45,12,3,4,45,22,124,410,93,897,237,250,8
6795,274,275,340,381,454,440,498,472,537,520,522,491,412,368,270,216,178,147,3486,3309,56,449,7,329,89,157,66,56,87,176,14,63,17,50,51,76,81,27,126,33,24,76,26,0,3,106,61,281,971,177,1993,497,548,22
6895,288,275,335,393,458,519,510,473,488,539,552,471,460,388,264,221,137,124,3556,3339,54,510,9,370,93,142,73,49,64,154,20,55,26,66,49,64,76,28,109,38,20,73,36,3,8,92,70,311,1000,162,2025,451,568,27
6155,255,268,285,310,404,422,493,422,446,444,500,453,387,328,250,192,185,111,3134,3021,50,479,5,328,88,99,44,42,60,146,15,53,18,56,48,55,75,29,126,41,30,60,26,2,7,110,53,224,900,165,1747,438,504,32
4620,204,191,225,279,321,312,327,304,318,365,363,367,281,259,178,141,101,84,2353,2267,53,369,3,241,64,86,48,42,43,102,14,35,15,32,36,47,40,19,83,35,13,30,18,1,4,73,44,182,657,115,1331,341,376,28
9100,366,427,409,565,602,603,665,639,659,679,759,594,609,493,334,297,215,185,4606,4494,78,674,8,453,96,178,90,72,107,199,25,80,40,102,52,90,100,38,172,43,37,89,38,11,9,126,109,361,1322,224,2671,600,764,42
5190,197,225,255,290,323,349,364,348,384,411,442,419,314,294,202,177,104,92,2638,2552,33,350,6,295,56,92,57,30,68,123,10,65,26,45,33,53,67,20,87,29,18,46,16,3,7,71,60,212,745,122,1566,362,400,17
3140,116,124,153,180,211,254,214,207,260,225,255,205,219,159,121,89,82,66,1628,1512,24,203,1,160,43,63,37,22,42,73,10,23,10,36,18,34,48,11,61,13,9,25,10,1,4,43,34,114,459,75,937,230,253,14
5225,189,221,266,286,332,399,390,359,368,450,379,369,318,268,207,172,150,102,2722,2503,40,375,6,284,60,87,60,36,57,100,8,55,26,70,35,50,49,29,94,33,14,46,14,4,8,75,57,205,769,119,1551,391,397,21
7300,291,315,342,398,500,497,490,484,569,628,565,558,438,411,284,209,169,152,3851,3449,50,562,10,377,85,125,68,50,74,152,14,58,26,80,40,94,84,32,138,34,22,77,14,5,8,93,83,268,1034,189,2214,502,606,32
4295,173,203,209,245,290,303,319,287,290,316,369,308,250,264,172,135,95,67,2152,2143,38,318,4,210,52,88,37,30,54,85,11,33,22,45,22,50,50,19,76,23,14,46,9,4,4,67,52,207,616,108,1244,301,337,19
7005,270,284,356,393,510,484,513,474,525,517,550,529,444,388,256,207,175,130,3599,3406,47,531,8,361,81,127,63,58,101,166,15,51,23,69,48,50,80,28,117,37,29,73,22,6,4,105,65,288,1027,167,2062,501,563,32
6225,241,261,331,361,421,424,456,450,456,470,512,436,401,324,229,188,151,113,3215,3010,39,434,8,294,75,117,53,43,57,120,23,58,21,62,32,69,72,31,103,35,21,59,32,3,6,90,65,241,913,137,1911,438,533,30
6140,239,292,298,339,404,417,437,415,449,512,477,427,401,355,207,177,157,137,3195,2945,52,451,7,322,82,144,52,55,69,143,13,46,16,54,44,50,63,25,98,30,16,57,19,2,7,89,77,255,879,145,1804,447,501,26
4960,191,232,242,268,322,328,346,351,369,373,404,332,308,321,202,139,111,121,2536,2424,44,337,4,270,57,88,41,37,66,121,11,44,19,45,28,39,57,23,84,31,15,50,15,4,11,78,46,211,707,142,1440,354,428,13
3680,125,165,179,195,261,247,263,248,268,280,297,265,246,209,150,122,81,79,1926,1754,33,248,4,210,41,71,41,16,43,84,12,32,12,38,29,42,42,14,77,27,11,53,14,0,4,54,49,155,526,89,1053,226,312,18
5815,215,252,293,315,378,386,414,414,397,435,502,407,371,329,211,204,154,138,3011,2804,52,455,5,280,76,91,59,56,72,124,10,60,20,60,40,62,74,18,137,39,23,77,22,6,5,76,55,216,757,161,1712,425,468,22
5895,222,261,307,319,370,435,411,376,410,425,538,428,373,360,245,164,136,115,3016,2879,58,427,4,286,71,111,46,36,72,132,11,47,25,62,33,47,81,21,111,26,27,56,21,3,11,71,70,242,841,129,1789,401,505,22
5795,253,269,276,322,376,431,397,396,424,438,450,428,378,305,225,166,134,127,3055,2740,47,450,7,308,64,113,43,51,70,131,13,53,17,61,43,52,55,25,105,22,21,73,18,1,8,82,68,224,833,159,1705,375,472,26
4105,138,179,209,220,298,277,299,280,307,303,329,288,274,227,166,136,88,87,2134,1971,39,275,4,234,45,78,45,18,48,91,12,33,12,40,33,44,47,16,86,28,14,55,14,0,4,55,53,170,581,99,1203,267,344,18
4600,183,218,225,254,314,307,324,291,312,376,354,343,325,277,156,161,107,73,2360,2240,35,350,5,251,55,83,35,41,55,93,5,30,24,37,37,51,61,26,96,14,10,42,21,4,6,55,49,194,647,109,1358,342,363,16
4450,164,228,208,255,299,350,286,307,289,369,348,327,268,252,169,133,115,83,2257,2193,36,325,3,234,56,82,60,32,49,97,13,31,19,45,31,44,42,22,66,35,14,47,16,0,6,58,49,188,624,93,1353,300,359,21
7415,294,343,377,430,458,537,547,517,516,582,564,500,481,438,307,224,168,132,3808,3607,68,590,11,409,99,130,74,49,74,161,26,74,28,76,40,70,76,28,131,48,20,77,31,3,11,106,70,324,1097,174,2166,487,567,20
6485,252,309,322,369,417,435,475,425,478,520,498,489,435,353,252,209,137,110,3353,3132,66,498,5,355,81,123,71,43,76,124,18,61,27,66,43,67,69,28,116,56,23,61,29,4,8,90,66,259,952,176,1886,414,499,25
4040,160,177,188,211,282,280,296,306,287,290,317,315,244,218,163,129,91,86,2020,2020,27,290,5,217,41,83,33,30,52,100,19,32,12,39,19,49,48,18,67,24,16,42,14,1,4,61,46,179,567,89,1174,286,339,17
4330,183,170,178,252,277,291,265,316,353,350,373,306,267,248,159,150,122,70,2266,2064,27,331,3,221,52,88,37,27,49,110,13,40,12,46,33,50,39,20,82,22,13,47,14,2,3,74,50,173,580,117,1313,296,328,18
4695,191,205,194,245,306,345,362,339,333,390,383,326,291,276,183,120,108,98,2446,2249,42,325,2,252,57,79,47,49,57,105,11,48,18,57,27,45,62,12,109,25,19,50,16,2,6,66,39,169,633,135,1426,320,368,17
4800,190,192,231,276,317,331,371,331,339,372,388,334,290,277,201,155,111,94,2402,2398,46,347,6,249,47,82,45,34,55,108,10,33,22,44,21,35,44,14,96,27,16,44,13,3,5,66,48,191,705,136,1457,323,406,22
5870,248,268,241,360,389,386,419,398,408,531,484,403,349,329,215,178,170,94,2968,2902,43,424,6,292,84,125,50,39,78,153,14,45,25,66,37,59,67,35,118,30,21,59,17,3,12,72,62,250,773,140,1699,428,530,14
5155,202,236,261,319,329,373,385,344,381,372,407,376,315,296,190,150,116,103,2673,2482,47,402,2,275,60,96,47,40,69,109,15,41,19,44,33,42,51,15,95,29,17,77,13,3,8,70,53,192,727,128,1516,355,434,31
3660,126,146,166,238,242,272,257,255,285,294,286,251,234,196,135,109,97,71,1841,1819,26,272,7,189,39,78,31,29,46,89,8,30,15,39,18,28,48,16,65,22,10,38,16,2,6,54,41,169,518,97,1060,255,280,19
4100,166,196,198,239,274,290,312,271,278,300,351,293,239,251,159,130,90,63,2047,2053,36,308,4,197,50,85,36,30,51,85,11,32,22,44,22,47,46,18,71,23,13,45,8,4,3,65,51,202,579,105,1179,288,322,18
7925,331,371,361,453,562,542,552,579,570,605,634,561,500,430,279,256,173,166,4126,3799,68,546,5,394,84,161,64,51,89,174,22,76,34,82,59,81,93,29,162,40,31,99,29,1,7,120,63,335,1167,208,2335,573,609,34
13855,512,622,680,801,887,935,958,1030,1001,1055,1141,1012,874,784,559,430,317,257,7181,6674,113,1011,9,686,176,269,116,103,157,321,27,120,53,121,84,138,165,55,283,79,59,142,47,9,19,172,160,598,1914,337,4093,1007,1160,52
5970,231,264,292,342,381,396,446,404,427,486,489,403,375,329,230,200,145,130,3108,2862,45,467,2,293,63,118,48,49,81,149,15,44,17,48,45,65,56,23,116,36,22,76,19,2,3,82,57,231,853,136,1761,431,490,27
6235,215,260,276,356,445,424,488,405,465,481,526,430,421,360,214,174,169,126,3181,3054,57,430,6,341,63,113,49,55,84,167,18,55,26,72,40,55,74,20,131,29,23,70,21,1,5,80,68,258,879,189,1857,383,484,32
6080,218,262,289,326,440,446,451,405,456,492,498,432,401,334,206,178,137,109,3046,3034,55,410,2,308,68,121,59,43,59,147,17,58,27,61,40,55,72,17,96,38,20,61,23,7,5,81,55,254,884,176,1810,420,505,26
3150,124,135,180,170,191,213,254,229,251,216,250,201,203,174,110,88,83,78,1612,1538,27,284,10,146,41,49,25,22,29,59,9,21,12,25,18,28,39,12,66,18,12,35,19,2,4,42,31,116,446,98,901,240,252,12
3390,126,151,143,195,222,225,232,239,251,286,293,266,208,171,138,97,78,69,1750,1640,27,263,4,184,42,62,27,22,36,67,5,22,9,32,29,31,34,10,78,20,10,35,11,1,3,43,31,148,510,78,1026,219,254,17
4670,199,181,226,262,282,336,343,336,354,352,382,357,295,248,195,133,98,91,2430,2240,39,342,4,238,52,83,42,34,49,107,13,41,15,49,25,43,45,23,85,26,15,42,16,2,1,60,40,187,653,110,1430,358,382,19
6110,253,260,263,364,375,392,457,427,432,498,491,412,382,373,238,199,141,153,3140,2970,37,486,4,314,66,110,42,49,80,140,18,58,31,62,46,47,68,17,108,24,14,75,22,7,8,77,75,241,847,168,1813,451,475,30
6270,291,254,314,329,405,452,468,443,448,474,523,476,358,339,241,201,151,103,3190,3080,56,454,4,351,69,130,59,60,89,133,16,59,26,73,48,59,53,35,132,23,28,87,30,2,10,90,66,246,866,147,1787,445,511,26
6550,255,303,319,353,417,435,482,477,458,511,545,446,411,386,286,206,143,117,3364,3186,53,483,9,333,77,127,61,55,71,153,13,73,29,57,42,56,77,31,112,28,25,74,25,1,8,87,85,284,943,161,1942,430,515,30
3510,131,166,172,209,223,225,258,230,261,285,254,255,225,216,151,116,70,63,1849,1661,32,278,2,174,47,62,36,26,45,60,8,42,11,39,25,41,43,14,59,32,13,36,21,3,6,41,39,149,496,98,1023,220,276,13
4065,172,181,172,215,258,279,303,292,317,326,350,264,245,229,167,114,116,65,2075,1990,37,302,7,211,34,71,36,33,52,93,12,35,13,51,23,38,53,16,74,25,18,28,11,0,2,61,51,151,579,84,1211,292,346,15
4475,175,187,207,251,272,340,337,282,323,333,379,323,284,225,203,146,119,89,2321,2154,42,300,2,252,49,71,40,46,57,98,10,31,14,39,32,43,57,16,94,24,20,54,29,3,12,56,45,180,634,101,1358,313,337,16
5410,217,225,258,283,344,376,344,410,438,421,447,390,349,280,205,170,135,118,2779,2631,41,420,6,272,65,100,58,45,79,124,12,43,24,47,28,55,60,24,105,35,26,60,15,4,7,74,57,217,790,137,1575,333,442,30
4380,171,192,242,223,289,284,321,300,339,349,337,341,257,240,160,133,102,100,2282,2098,43,316,3,233,51,82,47,40,46,91,7,39,12,48,40,55,51,21,70,19,16,42,15,2,3,67,45,184,648,93,1266,320,337,28
4145,186,176,172,232,269,294,302,318,266,325,344,317,246,219,173,132,88,86,2098,2047,41,288,2,216,43,73,30,35,47,82,9,35,10,39,40,30,44,16,81,25,11,55,20,2,3,61,50,158,629,97,1191,287,371,24
4545,169,202,207,269,296,313,355,283,323,385,371,313,257,270,179,146,116,91,2421,2124,40,327,4,247,45,83,49,27,55,105,9,46,14,51,29,47,56,17,72,22,17,38,17,0,4,48,40,172,664,97,1413,309,368,13
3080,111,126,143,166,186,215,219,249,239,253,250,208,175,174,132,102,86,46,1531,1549,28,178,5,168,41,55,25,26,32,67,10,32,10,30,28,30,41,10,49,15,2,33,4,3,4,33,26,130,454,93,936,209,255,18
4980,200,213,225,266,331,334,389,358,378,379,412,344,293,252,193,168,132,113,2472,2508,45,367,3,260,73,111,49,46,66,137,13,55,20,46,30,48,51,20,94,32,19,45,9,2,5,76,55,193,676,134,1447,342,391,20
4205,139,170,207,262,290,275,289,290,309,294,350,315,292,236,170,124,127,66,2120,2085,38,286,2,229,49,72,33,33,56,87,8,38,16,48,39,54,40,14,85,24,12,45,17,0,2,57,33,181,539,113,1272,305,352,26
7695,321,360,350,441,483,537,541,544,530,599,634,548,475,415,314,228,210,165,3935,3760,72,573,9,406,84,136,54,57,85,171,19,68,25,74,49,63,63,32,140,44,29,89,38,0,10,100,85,317,1153,213,2270,527,611,29
4895,202,220,227,260,345,330,365,313,371,400,412,337,292,270,174,167,121,89,2484,2411,39,353,9,225,65,95,33,35,65,118,10,41,12,41,44,43,50,17,70,16,13,56,22,1,5,72,67,196,703,113,1506,342,403,15
6975,263,289,339,395,444,467,475,503,507,571,588,492,465,384,268,191,185,149,3566,3409,53,506,10,339,96,140,68,42,82,146,18,60,26,85,61,69,76,21,145,39,17,69,35,5,4,97,74,302,974,184,2060,492,556,24
6910,294,314,316,383,441,481,532,459,527,530,538,491,447,384,280,205,161,127,3541,3369,74,521,8,380,85,119,56,51,98,161,11,45,21,67,48,63,69,29,142,24,21,91,24,3,9,87,67,293,986,178,2003,499,551,26
6295,279,258,328,356,368,454,428,419,448,501,535,435,416,361,246,187,153,123,3273,3022,54,494,4,325,75,131,65,56,59,130,13,69,25,57,47,62,78,23,108,45,21,73,27,5,5,80,53,280,888,139,1868,420,490,26
7160,290,306,332,384,485,484,474,506,527,580,594,506,456,381,305,230,187,133,3684,3476,65,539,4,382,88,138,59,58,81,146,20,75,37,71,45,73,89,19,148,29,24,71,19,5,11,93,82,289,975,174,2160,465,589,37
4750,185,202,254,274,342,308,318,323,345,388,375,341,280,260,180,154,123,98,2429,2321,42,339,9,261,46,111,46,37,59,98,10,34,14,44,36,57,46,30,83,25,17,52,14,0,5,64,57,200,671,119,1385,322,403,14
8835,388,429,429,484,551,615,588,616,628,711,699,662,577,479,358,283,197,141,4536,4299,70,699,5,468,99,186,87,59,84,183,28,79,32,74,67,78,101,36,197,45,33,99,25,3,6,127,86,365,1268,214,2500,685,707,40
3125,114,123,165,152,193,194,231,205,238,258,274,205,204,182,127,108,89,63,1597,1528,26,261,5,175,32,51,37,21,31,67,5,25,10,27,17,26,33,15,65,14,14,29,11,3,3,44,28,112,448,80,930,227,244,9
5990,211,249,266,359,410,431,439,415,438,479,521,424,370,314,215,175,165,109,3025,2965,45,430,8,300,72,127,49,46,81,137,10,56,22,50,29,59,71,21,113,38,17,69,27,2,7,74,63,266,871,162,1764,398,478,28
5110,219,233,240,274,315,349,351,315,390,424,399,347,362,320,191,161,115,105,2685,2425,44,366,3,271,67,99,44,41,56,114,10,40,21,49,33,51,57,25,103,34,21,58,24,2,1,76,51,202,725,137,1511,349,409,16
3425,139,138,160,200,215,229,272,205,236,284,295,250,216,205,119,107,90,65,1768,1657,32,254,5,170,35,62,37,25,41,82,6,35,8,29,26,31,33,15,66,14,10,41,10,3,2,46,46,129,446,87,1023,249,314,13
3980,139,205,196,228,255,289,268,246,308,284,346,288,249,216,148,127,105,83,2023,1957,31,292,2,176,52,78,34,38,53,96,6,33,21,46,22,41,40,14,72,23,10,53,20,4,7,47,47,166,597,83,1178,293,295,10
4655,204,205,190,282,339,323,344,314,357,337,366,313,319,255,173,152,109,73,2389,2266,38,335,3,250,60,98,41,42,50,113,11,42,16,36,29,38,57,24,81,29,19,41,14,1,2,66,46,172,649,126,1379,352,374,21
7150,283,292,376,384,488,484,510,438,518,548,540,533,512,423,287,209,186,139,3659,3491,61,538,10,372,89,152,76,47,67,146,17,68,30,73,46,75,68,34,114,48,25,82,26,1,7,100,78,283,1032,180,2042,495,644,24
8640,306,396,407,522,561,579,613,602,585,658,740,607,534,496,349,265,217,203,4441,4199,68,617,6,457,99,153,79,59,104,221,19,67,36,93,63,74,92,36,141,43,36,90,34,6,15,116,76,348,1254,240,2487,650,726,35
3775,123,167,170,220,240,261,265,283,277,310,318,254,240,221,144,120,87,75,1985,1790,31,277,2,203,40,79,41,30,41,79,5,38,13,41,27,45,33,12,85,25,17,36,10,3,1,56,46,163,539,95,1111,252,287,12
4775,186,230,228,276,307,311,346,309,351,377,356,359,313,272,202,166,98,88,2463,2312,42,373,4,257,68,88,51,31,57,85,12,54,23,46,32,52,54,20,88,39,16,45,24,3,6,65,50,202,694,126,1379,297,372,20
5085,177,222,258,298,332,320,378,370,380,372,419,386,334,271,191,159,129,89,2597,2488,47,390,3,278,80,90,48,41,72,121,8,43,18,54,30,51,50,24,80,39,17,55,22,0,7,74,57,206,718,134,1464,372,366,26
5080,219,213,237,294,361,322,382,384,371,397,406,384,317,262,189,139,127,76,2608,2472,48,393,3,254,60,92,37,28,50,104,13,31,19,51,36,42,50,19,91,23,18,52,20,3,6,82,63,218,731,117,1563,362,389,12
4225,167,163,222,231,280,299,263,311,287,312,343,321,249,241,187,142,116,91,2148,2077,35,334,2,220,50,64,36,32,48,95,13,50,17,39,32,44,49,21,76,18,18,49,13,2,6,55,37,165,620,107,1224,321,320,13
7300,274,333,371,400,506,495,535,532,522,538,561,567,443,374,283,241,180,145,3716,3584,55,525,8,382,84,138,61,58,89,170,26,52,18,66,40,81,86,29,127,39,30,74,26,1,8,98,78,328,1011,170,2143,522,638,39
5370,222,235,275,297,341,367,359,383,390,426,424,370,352,294,232,176,132,95,2798,2572,50,377,7,281,72,108,36,47,48,124,16,35,12,55,44,56,57,27,96,22,20,59,16,3,4,71,59,210,795,146,1603,344,441,29
4505,186,225,199,271,269,305,331,331,338,345,360,330,266,248,185,135,97,84,2291,2214,46,346,4,251,58,73,42,43,40,108,13,42,21,46,41,32,44,16,76,21,10,59,11,2,8,69,49,171,602,125,1349,312,357,18
4900,168,183,229,283,307,359,343,343,375,389,405,319,330,269,185,182,116,115,2557,2343,61,364,4,244,62,120,45,40,50,106,14,47,19,38,37,53,54,17,88,25,21,52,22,0,2,62,57,192,681,119,1479,312,395,18
4755,188,213,250,262,305,324,321,317,326,402,415,323,310,274,186,142,111,86,2480,2275,37,335,3,260,50,90,43,31,44,110,10,45,20,40,37,44,56,19,97,35,22,46,20,3,5,72,55,217,725,111,1372,328,357,16
580,28,16,24,30,43,50,38,48,47,44,51,45,26,35,16,13,15,11,270,310,7,35,0,40,11,9,8,9,5,19,2,4,2,5,6,7,4,3,14,2,4,11,7,0,2,6,2,26,63,15,167,37,45,3
6440,222,265,324,393,417,467,480,402,430,495,580,459,387,356,247,217,171,128,3394,3046,65,468,5,338,93,115,65,43,68,151,12,71,28,60,38,63,83,20,106,34,26,60,38,1,5,104,57,267,932,165,1891,477,462,29
7700,304,366,353,432,521,537,537,565,557,592,613,605,477,384,309,220,184,144,3951,3749,67,563,6,393,84,148,84,52,94,180,15,66,35,78,56,95,94,38,140,41,28,77,25,4,9,108,92,286,1146,197,2247,521,596,35
3065,115,141,139,172,232,209,201,214,213,224,258,210,220,173,112,91,79,62,1520,1545,37,247,1,149,41,59,31,22,42,68,5,26,8,31,23,33,39,14,53,13,8,34,11,1,1,48,31,105,455,60,891,218,245,15
3130,136,130,158,188,236,201,201,229,216,251,242,210,206,173,103,102,78,70,1611,1519,27,251,6,155,44,55,27,24,49,71,4,34,12,33,21,30,36,18,50,12,10,26,14,3,4,49,35,127,426,89,896,225,253,14
4240,142,176,202,229,266,283,327,297,335,324,353,327,292,205,152,131,110,89,2186,2054,31,321,3,203,45,72,41,30,48,89,9,30,10,37,34,43,54,21,99,26,9,41,14,2,5,59,49,179,630,117,1226,303,341,19
7570,303,313,357,457,450,546,570,558,548,623,599,554,449,430,261,214,180,158,3898,3672,56,566,7,389,111,162,62,61,94,161,18,45,41,75,42,67,78,23,130,34,25,81,27,3,8,111,85,313,1077,200,2246,536,605,31
1855,69,76,102,109,137,110,146,121,132,138,138,124,122,112,63,70,42,44,975,880,15,126,1,99,28,43,17,13,17,46,4,20,7,22,8,11,24,9,36,10,10,23,11,0,5,29,12,87,231,54,547,117,162,11
5005,205,228,228,292,337,353,378,347,348,396,404,329,344,292,195,129,119,81,2526,2479,46,365,3,290,56,82,50,33,58,105,6,33,16,47,33,51,58,23,90,33,24,47,16,2,5,68,56,217,712,114,1471,377,398,20
125,5,3,6,4,10,9,13,6,10,11,8,8,5,6,7,7,5,2,57,68,0,14,0,10,1,3,0,0,0,2,0,0,2,1,0,1,1,0,1,0,0,3,0,0,0,2,1,2,26,4,34,6,11,0
4285,186,200,207,248,297,297,319,287,307,344,354,314,274,186,141,147,98,79,2212,2073,44,346,7,238,53,58,34,37,49,86,16,41,21,37,28,39,40,10,76,27,10,42,15,4,6,67,38,151,603,97,1280,320,341,24
2765,94,128,147,160,174,184,213,200,167,234,266,203,158,141,98,78,68,52,1426,1339,23,197,3,150,32,52,28,18,33,63,7,32,11,25,17,29,22,8,50,20,10,27,10,3,3,35,33,107,404,60,801,202,241,9
7735,299,349,390,462,524,546,556,580,568,557,568,557,458,441,294,241,207,138,3917,3818,62,572,9,394,94,135,77,54,86,169,13,74,26,81,52,84,87,31,151,46,30,77,21,2,10,101,79,312,1135,188,2248,584,624,27
2920,127,107,129,156,196,211,203,203,232,240,246,209,167,161,113,101,58,61,1482,1438,18,222,0,147,37,49,30,25,30,60,3,23,15,37,25,28,29,12,60,16,9,29,11,2,2,50,37,109,441,66,837,196,253,12
5315,215,252,241,290,376,369,376,378,390,378,432,369,369,283,208,159,125,105,2735,2580,52,389,4,284,73,96,42,32,57,122,14,41,12,50,34,50,62,25,81,25,13,50,20,5,4,81,60,222,758,120,1590,374,451,22
6000,274,285,285,339,387,408,451,384,459,477,477,429,348,342,220,187,141,107,3056,2944,50,447,8,276,70,103,61,44,64,148,11,54,21,55,40,53,67,20,110,35,28,54,22,2,8,96,94,248,827,159,1751,429,519,26
2280,107,115,123,138,146,164,156,135,176,173,192,157,136,101,95,78,52,36,1207,1073,29,191,3,104,45,35,18,18,26,62,4,20,5,21,11,20,18,8,33,14,6,26,8,2,1,21,18,106,338,64,652,165,181,7
3815,141,190,181,209,251,239,262,259,276,309,341,272,246,205,153,108,96,77,1929,1886,28,278,1,193,38,74,32,22,40,88,13,41,15,39,20,44,55,9,81,26,17,55,13,2,3,61,40,156,580,93,1075,277,295,11
4490,161,213,210,263,301,298,320,321,319,382,337,334,273,272,161,120,131,74,2311,2179,42,317,5,210,47,91,37,24,54,117,4,38,19,59,25,37,48,17,74,29,12,36,14,1,5,63,57,183,630,90,1393,320,373,19
4185,173,178,219,257,284,261,324,271,283,327,341,294,254,250,160,133,95,81,2119,2066,33,351,5,204,48,72,32,23,46,103,8,52,8,40,25,30,54,17,82,27,14,44,15,3,2,54,43,175,612,94,1211,294,346,18
4635,192,190,194,270,281,280,349,312,340,394,374,326,301,280,183,154,99,116,2390,2245,28,370,2,240,51,85,26,36,57,104,10,44,27,47,33,34,53,14,85,18,14,54,20,7,6,59,55,176,655,120,1368,347,367,23
4795,209,211,253,269,340,307,330,332,344,369,383,327,307,257,166,155,120,116,2479,2316,36,376,9,239,65,89,44,36,72,111,7,52,22,56,41,42,57,27,81,21,12,46,18,4,6,69,52,185,652,141,1383,346,378,20
2930,114,147,151,167,183,208,224,206,214,219,248,213,163,131,120,85,74,63,1511,1419,22,214,5,160,31,52,28,20,36,69,10,23,11,44,28,30,29,12,41,12,6,30,7,1,5,35,31,107,400,80,874,201,264,12
7050,266,322,352,472,449,473,496,449,506,541,591,529,440,370,255,224,179,136,3567,3483,46,540,6,352,79,128,75,48,75,175,14,62,24,71,52,80,80,27,132,40,23,63,30,3,10,105,73,284,1005,173,2091,497,568,19
3655,156,167,191,201,247,257,255,249,265,299,276,234,239,209,142,123,80,65,1942,1713,26,284,3,191,32,64,30,19,43,93,6,33,13,31,28,31,43,22,71,18,13,37,17,0,6,41,47,156,541,100,1048,259,292,17
3675,163,162,181,246,211,260,243,273,265,291,305,277,209,200,126,105,85,73,1893,1782,27,303,2,175,54,79,26,35,47,88,10,21,21,29,20,31,31,8,72,21,14,45,12,1,3,65,44,159,510,104,1061,262,282,13
6210,237,275,274,372,353,413,445,416,451,502,516,486,434,325,238,205,151,117,3189,3021,61,476,5,316,60,123,63,40,64,148,7,49,21,60,36,76,73,25,94,31,23,67,25,4,7,91,63,262,904,165,1779,455,517,20
7540,311,313,342,440,503,549,564,480,606,558,619,530,464,434,298,239,164,126,3933,3607,63,558,12,379,80,144,48,63,90,170,12,61,28,69,51,72,84,17,131,31,20,74,36,2,7,107,74,297,1102,175,2255,559,649,20
4910,171,242,230,291,314,292,385,327,380,395,396,345,299,269,231,138,130,75,2542,2368,45,369,5,272,48,76,38,34,47,116,8,43,16,49,25,57,61,16,79,37,17,57,11,4,6,77,57,183,705,114,1474,345,393,26
7380,306,349,367,393,465,527,516,492,562,591,626,499,455,429,275,238,163,127,3818,3562,71,530,9,403,96,133,53,44,81,165,10,65,29,80,42,63,96,33,117,43,26,84,28,4,7,109,88,311,1068,192,2173,505,600,22
4425,166,199,208,263,299,257,356,288,325,342,358,356,292,235,171,117,118,75,2290,2135,48,338,8,233,51,100,31,36,41,87,11,30,18,38,43,53,55,11,69,20,16,42,16,2,4,65,39,180,648,112,1264,347,352,17
5190,223,244,254,328,342,389,359,332,334,398,434,396,330,269,190,157,110,101,2657,2533,49,417,7,252,59,94,45,36,58,119,7,36,18,59,38,50,55,18,91,28,19,59,16,2,7,65,61,194,767,118,1533,381,400,32
8525,315,397,405,514,567,608,615,585,594,662,691,582,541,475,318,263,203,190,4341,4184,66,689,5,431,114,156,78,68,111,163,15,67,20,80,48,75,88,40,145,55,24,105,33,3,14,104,97,310,1243,201,2555,579,712,31
785,32,34,39,42,49,67,62,62,49,59,62,60,52,39,24,24,15,14,390,395,8,60,1,33,9,20,8,4,7,14,1,9,3,7,5,4,9,3,13,1,0,10,7,0,2,10,4,19,96,24,267,55,67,5
6035,275,282,284,323,400,407,416,402,413,469,482,424,392,339,242,223,159,103,3091,2944,50,447,5,319,62,119,45,30,63,147,10,52,23,47,51,68,77,13,111,36,22,73,15,1,4,95,61,244,887,136,1761,441,502,18
5120,183,239,277,288,334,335,389,361,355,397,419,347,302,274,219,165,132,104,2618,2502,40,379,2,264,54,116,40,42,55,125,12,42,16,51,26,44,67,22,104,33,11,44,17,0,7,84,68,168,712,130,1550,356,412,27
6100,240,256,283,364,411,414,459,426,460,473,514,436,355,309,231,198,151,120,3153,2947,45,472,5,322,57,112,53,40,74,145,14,54,21,73,42,61,66,27,114,32,19,70,29,4,7,90,76,213,871,168,1779,392,522,31
5095,204,232,235,288,344,358,372,342,361,390,417,331,360,230,236,167,128,100,2619,2476,34,351,5,271,66,84,42,38,73,130,8,52,22,53,43,54,66,13,97,30,20,62,17,2,5,66,53,195,726,117,1513,366,394,27
4685,176,196,226,263,314,325,354,281,345,378,404,359,288,256,176,162,98,84,2452,2233,40,343,5,260,56,88,41,33,62,110,15,35,13,33,29,48,43,18,84,34,22,49,18,0,5,58,45,185,697,104,1379,349,360,24
4785,174,214,254,257,298,359,334,308,338,355,427,332,300,297,199,139,109,91,2453,2332,43,354,3,238,49,88,35,31,63,118,9,41,22,49,28,39,68,17,93,21,22,50,16,3,10,63,56,199,684,100,1447,314,393,19
5665,194,236,293,323,345,393,444,370,400,456,467,416,356,340,229,178,122,103,2935,2730,39,403,2,290,80,103,52,49,66,149,9,61,25,51,39,57,63,29,93,37,21,60,20,2,4,85,60,235,785,126,1638,434,471,27
2510,99,111,111,161,163,181,172,187,174,190,191,181,166,137,97,78,66,45,1256,1254,21,212,3,151,38,41,21,20,30,44,4,24,6,26,16,26,24,12,40,11,8,28,8,2,2,39,27,95,366,55,726,165,212,7
5685,222,242,264,327,395,366,406,377,438,465,468,427,344,324,217,179,116,108,2971,2714,57,406,5,278,74,132,56,51,79,116,17,48,17,48,41,80,70,24,101,35,18,63,19,1,10,77,54,263,844,139,1597,387,457,21
2815,121,125,137,177,176,168,196,188,195,235,232,201,179,163,110,92,73,47,1472,1343,28,236,4,157,30,53,28,22,31,60,3,20,13,19,15,27,43,14,53,16,10,27,15,0,1,31,21,115,392,82,824,192,220,13
5445,197,252,292,306,362,353,407,388,382,428,446,364,321,291,235,175,136,110,2789,2656,45,404,3,280,55,121,44,43,58,129,14,44,16,54,28,49,68,23,110,35,12,47,18,0,8,86,74,181,762,136,1646,381,442,29
4410,182,188,188,251,317,334,329,284,297,332,342,328,291,245,165,145,106,86,2274,2136,39,331,4,241,55,86,46,30,55,90,13,32,15,48,27,42,71,21,86,21,20,51,13,1,5,61,52,170,624,96,1277,298,373,16
3230,124,162,147,178,212,227,250,211,231,249,248,206,228,145,151,114,81,66,1635,1595,24,232,3,163,40,58,24,28,42,78,6,34,17,30,25,37,43,7,62,15,13,45,13,2,2,42,27,120,450,76,970,236,245,21
7085,298,310,335,352,450,520,491,468,514,586,577,507,514,389,263,206,172,133,3650,3435,61,525,6,367,96,136,63,62,68,171,17,60,28,71,49,58,90,25,124,56,20,69,23,5,8,93,76,265,984,179,2059,549,591,31
10895,425,440,516,637,742,785,793,767,832,832,867,753,695,581,450,335,245,200,5630,5265,93,819,9,583,131,209,91,67,120,233,27,108,46,107,83,104,117,40,197,47,39,121,48,5,15,147,107,452,1606,291,3157,734,899,43
5365,205,240,254,303,342,377,405,380,360,374,447,412,364,304,200,165,124,109,2731,2634,40,396,5,300,69,98,57,38,77,123,17,51,30,51,36,48,68,26,92,34,18,58,23,1,6,93,50,209,767,135,1535,375,423,16
4550,160,196,217,244,322,341,316,319,346,374,374,324,296,240,170,129,111,71,2278,2272,43,312,1,232,45,83,42,36,47,108,14,42,18,48,26,40,51,13,72,28,15,38,18,4,2,53,43,192,666,139,1359,319,382,19
5715,250,276,301,327,362,384,364,393,415,443,464,442,357,306,238,179,128,86,2903,2812,46,457,1,316,64,119,62,39,57,107,21,43,24,50,41,52,65,25,125,30,24,59,17,3,6,88,51,236,839,136,1588,453,443,28
8015,304,346,410,433,481,601,564,569,573,635,660,556,481,471,347,264,169,151,4100,3915,68,576,9,428,104,131,67,56,73,188,17,70,27,86,67,84,94,27,159,45,30,94,22,1,11,118,89,363,1120,199,2372,540,641,39
3940,155,142,176,212,251,264,288,320,282,310,311,277,267,230,170,122,89,74,2019,1921,32,298,1,214,52,75,35,34,47,108,8,28,16,39,26,51,31,17,81,16,19,48,10,0,3,51,46,165,561,91,1155,240,329,13
11400,429,524,544,616,762,788,812,769,818,941,932,797,732,636,444,356,266,234,5866,5534,83,838,7,624,146,216,110,86,129,251,19,102,37,114,76,78,126,40,222,63,41,120,51,4,9,168,129,440,1647,326,3347,771,949,31
4725,173,225,214,271,329,350,333,327,317,365,387,349,326,252,178,127,115,87,2378,2347,36,336,3,226,61,106,53,24,50,115,11,29,6,44,28,36,58,17,80,31,20,57,17,1,3,68,47,212,715,110,1415,318,377,15
2180,94,114,95,113,150,141,160,153,147,172,152,153,157,144,80,67,53,35,1132,1048,17,170,4,111,25,39,14,18,23,29,2,15,10,19,18,20,27,14,49,3,4,16,11,2,3,33,27,95,326,54,657,150,169,6
4940,200,225,214,281,323,338,344,352,372,387,383,354,305,298,184,152,121,107,2595,2345,36,382,6,252,77,96,50,37,55,104,12,33,15,41,34,60,60,9,93,27,15,56,21,2,8,81,47,190,727,122,1430,337,398,27
2665,107,114,154,146,160,176,215,195,213,185,210,168,167,148,88,78,76,65,1358,1307,21,248,10,127,33,39,19,18,26,55,7,16,10,22,16,22,35,11,51,14,10,30,15,2,4,38,28,99,372,89,764,192,212,10
4670,163,229,219,280,314,333,347,307,329,385,374,335,281,259,174,145,109,87,2386,2284,43,327,4,252,54,86,36,24,66,96,6,53,11,38,34,46,48,13,89,24,16,53,12,1,11,60,45,179,666,118,1391,340,409,19
2985,107,117,141,185,213,211,199,208,217,241,253,219,179,157,99,91,81,67,1520,1465,27,243,4,148,33,49,21,18,35,73,9,26,14,31,27,30,39,15,64,8,9,34,11,1,5,40,31,131,396,71,890,202,238,12
815,30,33,38,52,60,59,69,46,51,57,73,59,48,46,40,32,11,11,423,392,9,79,0,38,6,17,3,6,11,18,1,8,7,8,6,6,7,8,17,4,1,10,1,1,0,11,13,31,113,28,224,48,71,4
3020,104,145,154,157,194,187,240,197,220,250,236,209,206,180,113,107,72,49,1521,1499,26,221,2,157,41,66,31,19,31,62,5,24,13,32,21,17,30,11,58,15,11,40,13,0,2,38,30,104,475,76,893,199,247,10
3780,152,176,172,202,247,282,283,269,277,291,321,248,226,213,125,114,114,68,1961,1819,28,269,2,195,55,76,32,30,53,91,5,40,16,44,29,43,27,11,81,21,8,46,15,1,4,54,41,152,510,82,1114,258,335,12
5240,189,226,281,273,362,384,387,349,348,412,431,376,336,277,228,178,111,92,2706,2534,47,417,8,276,80,99,36,31,58,121,11,55,13,46,38,71,59,13,96,23,24,44,22,1,3,72,53,192,731,123,1517,401,435,24
3570,118,171,171,214,219,258,246,236,275,273,314,237,238,200,127,123,91,59,1872,1698,22,248,6,190,43,57,32,24,44,90,2,21,11,38,26,35,37,12,70,16,16,37,16,2,7,43,38,159,508,97,1094,241,277,11
10445,458,496,516,557,696,684,766,687,745,804,808,798,671,619,371,333,260,176,5389,5056,85,767,8,560,120,185,94,89,140,215,17,69,53,95,71,108,124,49,192,37,35,99,43,9,14,124,128,442,1493,252,3082,765,847,34
4605,196,224,232,253,283,315,335,314,365,359,379,300,272,255,179,152,103,89,2385,2220,48,317,6,246,63,86,34,25,47,110,10,42,13,54,25,39,62,17,74,28,17,56,16,4,4,59,63,198,657,109,1351,334,375,16
6990,257,315,333,396,424,525,525,501,480,549,539,499,437,416,257,213,174,150,3621,3369,65,527,13,351,87,153,70,49,81,152,25,54,31,68,40,71,81,29,120,36,29,57,19,4,4,99,73,264,985,200,2081,469,586,17
5780,230,246,284,293,354,433,402,433,431,457,469,400,365,324,248,187,113,111,2969,2811,50,433,6,288,75,97,46,36,52,141,13,57,16,63,48,53,65,22,111,35,25,71,17,1,9,84,65,263,806,147,1702,406,451,26
4030,165,175,203,223,258,275,279,288,290,344,289,286,265,222,165,124,90,89,2101,1929,35,309,3,196,55,67,44,37,46,100,8,39,16,28,32,49,42,14,80,24,13,46,16,1,4,59,40,147,588,90,1209,262,317,14
5655,214,225,266,325,358,407,423,369,418,441,482,411,339,349,214,185,133,96,2924,2731,57,384,2,280,65,102,61,46,76,142,9,44,17,51,34,68,76,26,109,28,16,60,20,2,8,103,62,214,836,132,1678,398,429,20
6490,239,282,297,370,447,441,428,418,485,517,528,471,412,389,261,211,174,120,3302,3188,51,470,4,335,99,132,48,47,82,148,12,64,26,55,50,53,70,24,102,34,18,72,29,2,4,100,69,271,967,136,1948,446,497,25
5750,258,238,300,322,339,399,383,380,421,453,491,395,379,341,221,174,142,114,2984,2766,49,445,4,303,70,122,60,54,55,118,10,58,22,54,41,58,72,22,99,41,19,67,25,5,5,74,49,260,814,130,1690,382,449,24
4330,159,193,206,244,281,312,311,282,328,345,338,294,275,257,191,132,86,96,2194,2136,41,357,4,242,44,86,31,31,57,103,8,45,19,42,39,43,50,14,84,27,14,39,24,2,2,54,44,166,581,113,1237,322,355,10
820,45,37,34,42,48,58,57,51,63,61,65,59,62,46,41,22,13,16,417,403,6,67,3,36,8,18,10,8,9,16,6,7,1,13,3,5,11,3,15,4,5,3,5,0,1,10,10,36,119,16,239,53,69,5
2590,106,126,133,149,179,182,173,172,180,220,212,180,186,127,96,71,59,39,1296,1294,18,163,1,142,28,46,24,26,28,64,4,19,11,28,17,27,26,4,50,12,8,27,8,0,2,37,30,98,365,65,797,200,206,9
5745,209,272,275,342,367,361,402,404,404,418,462,411,388,346,230,207,148,99,2985,2760,57,448,11,303,88,109,59,51,61,140,12,51,10,60,32,58,68,14,114,32,19,65,30,3,5,90,57,223,827,122,1655,398,455,18
6510,238,268,317,374,406,459,479,473,448,534,529,467,419,367,259,205,143,125,3343,3167,47,467,7,326,81,136,59,50,67,142,16,59,21,54,43,57,62,30,109,33,20,70,23,2,3,86,67,273,1012,175,1970,431,490,22
7680,301,335,370,469,512,532,552,493,618,625,644,485,496,385,313,226,164,160,4012,3668,64,583,7,400,109,150,79,63,83,157,20,66,40,82,57,75,90,42,141,54,24,76,26,2,6,96,83,295,1086,195,2234,542,622,31
5755,216,250,310,336,396,382,393,390,413,464,464,410,364,319,209,181,144,114,2938,2817,44,419,10,310,64,131,55,44,65,127,10,46,15,55,43,70,62,32,103,29,20,63,16,0,8,76,65,250,806,145,1686,394,475,17
5870,243,251,275,321,367,392,416,410,451,462,488,423,366,348,220,178,139,120,2992,2878,52,419,10,299,73,91,43,34,70,138,19,56,30,47,37,53,74,20,95,37,13,58,21,3,1,80,71,241,857,147,1764,411,482,24
5670,265,263,237,313,378,407,416,381,430,438,443,430,345,305,215,166,134,104,2826,2844,47,437,5,299,61,106,57,45,71,118,18,50,16,52,25,42,67,21,86,27,15,59,29,6,12,95,50,244,750,150,1667,420,498,25
5530,205,247,270,297,349,413,416,387,383,438,439,373,367,306,209,168,159,104,2850,2680,48,410,4,298,85,94,53,33,61,124,21,39,17,57,40,55,65,22,98,26,21,66,14,4,10,80,65,228,799,138,1594,382,457,22
4330,145,190,227,220,278,305,301,307,323,332,354,321,280,239,188,122,104,94,2163,2167,46,335,7,216,71,82,42,34,55,91,10,41,21,39,35,48,36,27,87,27,13,36,15,1,5,56,35,173,647,95,1238,293,349,24
4890,187,203,211,307,319,355,334,343,388,387,364,328,306,284,196,149,119,110,2549,2341,42,362,2,230,66,98,39,38,55,115,11,58,17,54,36,49,51,18,96,27,24,54,18,4,7,71,48,178,748,115,1438,335,366,20
4035,160,172,182,238,263,287,302,292,271,338,315,284,253,218,168,135,82,75,2001,2034,28,322,1,205,59,63,41,23,44,103,9,35,17,37,26,36,53,14,90,24,22,47,12,2,8,68,49,144,585,95,1159,287,317,10
3920,165,157,184,208,249,269,293,271,299,311,313,303,253,217,155,111,84,78,2055,1865,35,295,4,190,48,72,33,28,39,85,10,29,14,39,23,39,37,19,70,25,12,38,16,2,1,54,32,159,548,93,1192,304,318,17
5455,231,246,250,312,394,353,404,404,378,407,426,396,362,286,211,174,122,99,2806,2649,42,386,7,272,70,126,50,42,71,120,17,46,25,50,36,42,56,15,96,35,15,52,18,3,3,67,57,228,774,140,1658,362,459,15
2630,114,129,105,121,170,177,179,170,188,202,214,195,171,173,122,88,58,54,1332,1298,20,174,4,134,32,55,30,25,33,62,4,24,10,24,18,20,37,12,44,18,8,16,12,1,1,40,29,106,347,64,801,193,225,7
4125,186,174,207,232,273,271,298,257,299,355,308,289,270,234,157,131,107,77,2093,2032,42,311,1,210,52,61,40,27,33,81,8,32,24,42,24,34,46,19,79,27,16,35,12,1,2,64,56,152,581,109,1241,310,336,17
3825,147,160,196,217,267,250,281,272,263,294,320,301,256,196,137,108,89,71,1999,1826,29,260,5,166,47,68,34,24,35,64,15,39,13,41,22,35,40,27,60,18,14,36,20,2,3,59,44,148,546,96,1190,279,329,17
7630,282,321,371,429,477,541,560,541,545,598,617,557,495,430,308,224,176,158,3857,3773,76,589,9,391,119,152,66,58,96,169,14,77,46,62,59,90,70,35,141,44,24,77,27,3,8,107,81,306,1098,178,2189,502,632,35
8880,340,376,447,528,557,612,645,605,696,673,696,600,567,515,311,275,231,206,4517,4363,70,662,11,455,110,172,67,61,84,199,23,58,40,82,57,90,105,28,176,45,34,101,44,8,11,120,93,338,1280,231,2585,662,739,39
9550,382,383,465,542,612,642,661,654,734,728,801,709,630,553,356,316,225,157,4926,4624,83,727,4,516,132,204,72,51,106,202,25,73,37,98,42,94,109,36,195,58,31,102,34,4,15,143,96,341,1336,265,2846,657,774,42
5225,197,232,241,307,364,317,408,336,378,415,411,412,356,276,203,142,138,92,2702,2523,58,393,8,275,60,114,39,43,50,108,11,33,25,51,52,59,68,15,97,20,21,49,19,2,6,70,47,216,765,129,1483,406,412,21
7760,309,364,343,458,528,562,536,523,568,605,665,537,475,428,292,217,175,175,3985,3775,68,529,8,398,85,159,73,64,74,171,27,60,29,92,41,71,104,26,164,42,37,76,23,9,8,117,87,336,1062,226,2270,556,644,24
3585,132,158,170,211,243,195,281,237,247,285,307,299,229,191,142,97,95,66,1856,1729,35,282,7,187,43,82,24,29,30,73,8,21,13,30,39,39,48,10,62,16,10,35,13,2,4,50,31,151,530,88,1012,272,292,17
2530,102,115,112,136,171,157,195,182,184,190,215,180,159,149,92,79,59,53,1267,1263,23,188,3,130,26,39,25,18,26,55,6,26,11,21,19,37,26,12,51,9,11,31,10,5,4,37,28,96,363,70,733,181,199,11
6185,262,265,294,324,418,427,432,417,435,457,523,448,398,361,240,207,155,122,3144,3041,53,433,11,340,72,118,50,53,68,135,16,59,26,60,44,63,61,31,128,45,29,81,23,0,6,77,59,239,857,151,1855,428,496,18
5245,189,217,264,278,344,340,388,338,402,429,437,349,334,300,209,183,131,113,2652,2593,44,429,7,280,50,84,50,35,57,116,10,39,18,46,28,49,53,26,101,26,17,49,19,4,7,69,54,200,785,126,1555,389,405,18
2570,109,108,96,166,169,174,171,172,211,219,225,175,146,144,85,90,59,51,1329,1241,17,202,1,119,25,53,17,15,41,65,7,22,4,19,28,25,31,12,46,9,8,28,4,2,2,32,29,103,361,65,773,186,209,10
2790,115,99,140,160,174,198,221,179,195,222,217,221,174,142,106,92,79,56,1487,1303,24,210,2,146,35,53,24,20,34,65,8,27,4,39,15,23,45,14,44,13,7,38,9,1,1,37,25,104,396,72,781,207,254,13
3665,171,131,180,228,233,263,276,236,270,270,283,283,226,207,118,124,85,81,1884,1781,22,285,4,194,37,64,34,32,51,78,8,31,19,35,25,42,36,17,78,21,11,43,11,4,2,49,42,158,500,89,1074,279,284,6
3755,133,179,164,226,270,272,285,243,255,316,292,277,231,208,135,114,89,66,1919,1836,35,264,3,209,48,70,31,17,49,81,5,42,8,29,26,36,39,9,67,19,14,38,8,1,8,48,38,150,526,96,1115,272,340,14
120,7,8,1,4,8,10,7,9,12,10,11,5,11,10,2,3,1,1,63,57,0,10,0,7,1,5,0,1,0,5,0,1,0,1,1,1,1,0,0,1,1,3,0,0,0,2,2,4,18,5,36,5,9,0
5330,236,233,247,322,361,367,354,344,385,427,442,395,316,279,221,190,118,93,2775,2555,50,425,3,257,58,102,51,40,66,113,16,38,20,49,34,39,75,26,109,31,28,48,21,0,5,72,57,240,768,148,1498,374,447,22
5200,205,238,223,293,344,356,349,343,402,401,438,357,314,310,219,173,133,102,2683,2517,43,367,1,301,60,97,44,27,58,131,7,52,22,60,43,41,62,24,88,34,13,67,15,2,6,78,71,210,769,113,1499,360,412,23
6950,290,332,333,428,434,491,507,459,475,547,591,497,413,407,273,206,146,121,3545,3405,60,526,5,350,96,129,51,53,71,156,15,67,32,62,43,54,78,26,119,31,30,85,22,3,8,91,70,283,1003,174,2052,532,546,27
3965,152,171,191,208,290,247,292,294,288,288,339,273,250,222,160,132,98,70,2059,1906,25,306,2,194,44,60,41,37,52,82,6,31,13,50,29,36,43,17,75,18,14,45,20,3,4,48,37,151,550,95,1189,285,346,17
1780,63,84,91,103,123,114,129,118,110,127,155,128,120,104,73,61,38,39,929,851,21,149,1,84,14,29,11,14,10,40,5,19,4,17,11,20,14,6,36,9,6,21,5,0,2,26,14,74,267,45,530,130,141,5
7395,305,328,345,399,490,512,548,520,507,568,653,554,432,368,300,243,193,130,3773,3622,61,580,4,377,73,132,67,71,87,154,17,63,49,63,48,78,93,30,132,36,18,96,30,2,10,120,70,297,1065,188,2193,492,577,22
1170,37,48,53,82,72,86,82,87,94,98,98,90,67,60,48,30,16,22,600,570,11,94,0,66,13,19,3,5,11,27,1,10,7,8,11,7,10,4,19,3,3,11,2,0,1,21,11,48,163,29,353,103,90,6
6180,220,289,289,360,398,449,468,395,436,512,488,430,394,346,247,195,144,120,3183,2997,61,434,8,328,71,117,45,30,84,131,12,65,15,55,44,59,68,17,124,31,23,67,15,1,14,84,52,243,894,150,1828,450,534,26
11295,411,472,504,623,734,791,807,807,855,902,944,780,720,624,408,376,300,237,5859,5436,117,831,9,546,152,258,91,93,133,247,28,101,52,93,76,128,126,42,192,63,32,113,44,5,18,153,128,428,1590,265,3367,780,950,44
2370,101,104,110,125,150,162,169,154,174,190,194,168,152,147,91,71,56,52,1230,1140,22,169,2,106,38,45,21,26,32,48,5,15,10,22,14,29,28,17,50,23,11,29,15,0,1,36,28,100,324,64,703,157,173,7
6695,260,271,316,385,455,466,510,441,500,543,526,469,437,383,252,184,148,149,3440,3255,61,495,3,334,77,122,60,51,90,154,22,67,31,65,50,68,85,32,93,32,20,66,29,5,12,94,84,233,1001,155,1995,438,540,31
8255,307,340,383,499,564,521,600,571,599,660,746,611,520,443,340,245,174,132,4296,3959,65,613,9,428,82,149,72,61,89,181,22,74,29,91,48,90,107,35,145,49,35,94,33,1,11,105,95,324,1197,219,2458,566,644,34
12265,478,567,570,752,802,796,906,813,853,960,953,841,819,704,493,414,283,261,6282,5983,106,929,12,621,156,218,103,78,147,253,17,108,47,106,74,125,137,35,221,72,35,115,38,2,10,171,120,528,1749,314,3689,869,996,64
7950,341,345,361,447,556,553,561,563,562,653,652,584,461,431,302,243,161,174,4082,3868,70,575,3,436,84,137,63,71,103,165,23,67,23,81,64,63,94,37,146,41,17,91,37,5,6,104,91,306,1161,190,2274,593,691,38
10900,416,468,493,645,736,740,749,776,827,891,903,748,688,595,414,353,249,209,5574,5326,83,790,11,567,119,208,96,77,117,217,32,76,49,101,53,113,113,46,212,58,37,134,57,2,15,154,140,445,1511,275,3267,744,941,40
5505,216,261,263,319,352,364,416,365,399,436,410,411,365,305,228,185,116,94,2862,2643,51,440,4,300,74,104,58,37,64,100,16,57,24,53,36,58,59,24,100,47,20,50,27,3,7,77,60,224,801,148,1585,339,435,23
5540,233,257,252,328,367,409,400,377,401,372,438,402,368,290,207,165,153,121,2852,2688,50,440,7,271,64,106,57,39,69,110,17,47,20,56,47,60,46,15,102,29,28,58,18,5,5,82,48,256,784,138,1656,351,439,20
4740,194,221,217,263,303,298,340,323,362,414,402,324,282,257,188,161,113,78,2450,2290,30,334,4,268,50,90,31,41,59,112,10,42,19,49,32,38,40,21,86,22,26,65,22,4,4,64,44,187,642,132,1463,344,345,20
5190,209,220,244,282,321,354,374,354,401,412,432,377,327,299,199,160,118,107,2659,2531,43,374,8,257,64,81,38,34,62,125,15,52,28,36,33,42,64,19,87,32,12,48,17,2,1,72,61,214,768,130,1549,374,427,21
9575,400,426,465,534,648,679,673,637,721,725,747,698,602,518,374,297,225,206,4988,4587,77,717,8,504,115,175,76,81,126,202,25,102,31,91,83,95,90,43,172,48,40,111,31,2,14,127,112,380,1384,260,2805,639,764,45
8365,311,357,362,505,508,563,630,583,617,634,702,614,531,452,312,302,213,169,4371,3994,68,643,8,395,97,162,71,63,99,198,30,58,29,78,57,72,111,39,152,57,31,78,33,1,7,115,99,372,1167,208,2460,584,694,29
5665,220,238,295,301,405,379,400,350,401,423,421,423,403,337,234,176,152,107,2900,2765,47,420,8,290,71,125,66,37,48,110,14,50,22,58,40,65,54,19,96,34,21,68,15,1,4,78,64,234,824,140,1639,382,503,18
8940,367,405,420,493,577,614,627,604,666,672,746,667,595,471,331,286,249,150,4567,4373,82,691,8,444,104,155,91,78,92,193,15,61,35,102,50,71,117,44,161,44,25,98,26,5,12,124,97,376,1251,212,2660,649,731,36
3365,113,147,186,193,225,245,226,239,228,264,251,250,182,188,149,125,84,70,1738,1627,31,238,3,184,46,60,30,29,44,82,8,23,18,36,16,30,40,16,60,21,10,35,14,2,3,61,30,125,466,90,938,261,301,14
5860,212,270,300,331,405,409,409,417,399,430,467,435,375,333,210,181,142,135,2981,2879,43,472,2,278,73,114,48,46,65,126,7,43,26,57,38,54,69,20,114,27,13,60,26,2,10,80,51,218,813,143,1737,437,524,24
5940,229,262,291,339,379,394,445,402,424,485,487,401,373,327,228,200,145,129,3090,2850,45,465,2,292,63,118,48,49,81,148,15,43,17,48,45,65,56,23,113,36,22,75,19,2,3,82,57,230,851,135,1751,429,486,26
9630,416,433,450,522,647,644,660,653,687,758,737,683,624,555,387,350,258,166,5008,4622,80,737,11,501,114,175,73,44,107,238,21,77,38,90,71,103,108,22,186,46,39,111,27,4,14,140,106,374,1423,235,2804,683,791,37
1480,60,78,64,90,104,98,101,96,104,114,123,115,83,75,58,50,37,30,768,712,17,110,0,73,19,31,11,9,18,46,3,12,6,14,8,18,21,8,22,11,7,10,4,0,2,26,19,54,234,24,415,104,122,2
5125,195,210,244,281,299,348,335,356,392,372,450,386,334,284,201,178,152,108,2593,2532,39,383,7,289,65,119,56,40,64,100,10,34,19,56,44,52,62,23,101,28,15,54,12,3,5,70,61,199,691,137,1486,361,421,19
5895,215,222,270,330,426,423,431,376,433,444,498,465,353,334,232,177,161,105,3097,2798,42,415,4,332,68,126,53,41,78,132,15,60,19,55,43,53,51,11,102,36,21,69,24,3,5,68,63,223,883,161,1724,391,501,23
7840,306,324,376,451,511,520,542,556,569,638,655,547,524,434,298,221,200,168,4018,3822,58,565,11,373,106,155,74,47,93,168,19,65,30,89,66,80,84,25,159,43,19,78,38,5,4,107,80,339,1111,208,2336,549,628,28
6775,311,307,318,369,445,453,467,455,462,530,521,483,449,381,272,250,183,119,3474,3301,54,503,5,365,74,129,54,31,73,164,13,57,24,52,55,77,82,16,125,37,25,82,18,2,5,106,66,274,990,154,1990,487,567,19
5865,243,298,294,340,387,381,438,412,394,457,435,418,398,303,225,180,146,116,3021,2844,55,426,10,300,75,117,48,30,63,126,12,42,21,75,25,58,71,21,108,37,16,62,25,1,5,76,55,263,835,150,1720,403,517,17
4965,200,222,237,317,356,349,353,310,359,396,435,349,290,264,164,149,135,80,2519,2446,42,374,2,250,59,80,62,35,66,104,11,36,18,49,27,48,62,18,90,22,19,52,24,1,4,71,60,198,732,105,1429,370,421,24
3520,142,164,158,226,200,249,238,236,249,261,301,258,230,201,134,114,87,72,1799,1721,19,279,5,173,42,63,21,26,25,71,6,32,9,43,25,34,39,13,77,25,11,43,20,0,2,51,43,147,490,85,1018,256,312,15
5295,245,224,247,314,341,364,392,339,360,408,401,363,364,310,223,158,122,120,2739,2556,36,385,6,272,76,96,59,49,56,125,7,46,23,58,34,46,62,18,98,28,10,66,24,1,3,52,53,224,767,131,1538,380,446,20
5975,237,281,285,317,407,396,444,426,425,494,497,394,379,323,220,180,137,133,3038,2937,62,441,9,319,78,113,53,38,70,134,8,52,24,58,31,55,71,25,106,30,20,69,17,0,6,102,54,261,895,138,1748,404,471,13
5165,233,203,252,314,374,370,360,357,343,397,407,361,317,268,212,149,142,106,2666,2499,44,404,4,282,59,99,48,38,46,96,12,49,22,59,39,52,82,12,84,27,19,64,15,1,7,91,52,237,707,135,1455,371,427,26
3845,140,171,205,216,219,293,277,243,276,283,337,261,238,235,169,117,88,77,1984,1861,31,282,3,193,44,72,27,23,53,92,8,34,18,41,24,34,54,16,72,18,17,36,15,3,9,48,49,162,554,79,1156,250,312,16
3775,153,147,180,200,250,270,278,281,252,318,309,273,198,207,167,125,89,78,1944,1831,45,263,2,197,39,63,33,26,46,102,10,31,15,31,27,32,48,18,73,20,14,34,9,3,11,54,34,151,536,91,1140,264,300,13
7495,290,371,335,459,470,543,505,511,504,582,597,559,495,421,298,254,149,152,3837,3658,66,557,5,371,91,156,65,65,88,165,19,77,24,75,46,69,83,34,143,51,37,85,23,5,17,109,69,302,1020,188,2205,553,599,33
6105,237,282,312,343,419,452,416,408,426,488,478,416,388,332,246,194,179,89,3183,2922,59,448,6,307,67,106,47,42,68,142,15,66,18,50,38,50,72,27,105,27,15,67,29,3,9,77,69,232,906,146,1818,406,539,29
7595,292,348,373,405,521,525,546,540,528,616,617,515,484,422,283,232,184,164,3858,3737,74,564,9,411,93,149,67,54,82,169,13,63,35,68,50,69,89,31,136,33,24,85,27,0,7,127,73,328,1104,174,2255,518,591,23
4205,165,177,200,248,255,293,313,281,321,337,365,287,254,233,153,148,90,85,2131,2074,34,321,4,204,45,75,25,31,58,96,7,38,20,38,36,38,48,15,84,23,16,41,16,0,6,58,65,160,589,102,1258,301,336,17
5880,256,283,307,335,372,400,375,401,426,463,476,454,368,316,244,186,131,87,2983,2897,47,468,1,329,65,122,64,39,59,112,22,43,24,51,42,52,68,25,131,32,26,66,18,3,6,89,51,240,859,139,1639,468,451,29
6650,255,306,305,418,437,437,459,456,472,495,525,461,445,404,266,220,165,124,3359,3291,59,491,6,381,88,130,47,48,77,141,9,64,21,66,46,63,67,26,133,32,18,70,18,3,12,93,78,253,919,174,1985,482,533,17
7770,311,368,346,484,531,528,571,542,553,569,652,508,515,414,283,252,187,156,3918,3852,64,577,7,391,83,150,79,60,92,166,18,71,36,82,45,64,84,31,144,39,34,74,33,10,7,112,95,302,1131,197,2289,514,655,34
1710,83,74,78,109,109,118,123,110,121,127,147,126,117,89,70,49,30,30,906,804,10,126,0,89,19,31,17,14,15,39,4,12,6,23,13,15,16,7,29,12,5,26,2,2,1,22,11,54,275,44,522,110,132,7
7420,299,322,386,408,479,492,518,489,529,626,643,507,461,422,292,234,170,143,3873,3547,56,518,5,419,84,137,65,48,71,178,18,72,29,72,48,72,89,32,142,46,33,70,28,4,12,113,84,318,1087,186,2161,507,588,28
6970,295,316,323,398,438,496,509,480,484,517,553,515,450,400,291,216,164,125,3605,3365,69,527,3,396,81,127,52,47,92,181,18,67,15,76,57,66,83,33,116,35,27,83,35,1,3,101,80,274,1036,172,1960,469,563,25
2015,83,103,89,125,145,127,159,132,143,153,151,138,141,103,78,67,46,32,1007,1008,19,134,2,113,20,41,12,20,22,51,8,20,3,17,14,18,28,13,35,12,6,22,4,0,1,29,18,68,281,59,604,141,172,8
6575,252,272,306,355,414,481,479,424,459,527,580,454,426,365,254,232,165,130,3477,3098,51,513,7,370,79,152,49,48,62,141,20,64,31,61,50,67,57,33,114,45,23,70,34,4,8,78,68,270,893,152,1934,470,542,15
4250,169,186,161,221,275,300,333,285,270,346,375,301,303,230,164,138,102,91,2176,2074,28,296,6,222,61,90,43,32,36,107,10,39,27,42,22,41,41,16,93,15,20,46,12,3,2,62,51,163,610,106,1238,312,342,16
3915,128,155,199,237,261,265,299,247,268,303,333,290,237,225,138,137,101,92,2037,1878,34,282,5,195,48,75,35,23,55,103,5,32,15,44,28,48,37,11,82,17,13,38,17,1,8,42,33,157,578,92,1147,289,309,17
3820,145,184,184,235,249,269,290,232,253,292,337,291,231,228,153,102,88,57,1903,1917,30,273,4,190,56,73,27,34,37,85,9,32,17,41,22,29,44,15,76,20,13,43,14,2,5,55,39,152,561,94,1110,304,299,15
4075,171,160,204,229,255,281,333,270,286,308,328,312,261,202,156,128,113,78,2136,1939,36,317,5,227,56,80,39,31,51,80,12,32,10,56,24,32,58,18,60,17,8,48,15,1,1,60,41,158,571,106,1147,295,364,19
3080,140,140,140,179,212,206,194,230,220,238,270,239,177,155,118,97,64,61,1565,1515,22,232,3,155,45,52,30,25,36,74,8,33,13,28,22,24,33,15,56,19,11,39,7,1,4,45,35,123,449,72,878,231,248,12
3090,143,134,139,160,216,193,230,213,208,251,262,210,192,198,121,103,60,57,1527,1563,21,231,5,167,44,49,28,19,41,66,4,30,20,31,15,33,37,12,58,22,9,33,12,2,4,44,36,123,460,73,905,193,248,15
3035,122,129,159,201,198,200,213,213,253,224,261,202,173,146,106,95,83,57,1593,1442,31,215,3,149,45,47,28,13,36,57,3,31,9,37,20,26,47,10,54,11,13,36,6,0,4,38,35,112,426,70,950,227,234,12
3995,155,192,173,256,269,252,289,292,284,316,325,279,244,217,160,124,96,72,2037,1958,35,293,4,217,48,66,34,33,36,84,8,40,18,43,21,36,41,15,73,29,15,38,19,0,5,59,43,149,567,95,1202,293,325,11
2730,103,127,118,163,173,169,185,207,206,227,209,199,182,138,117,97,57,53,1362,1368,22,220,2,128,48,45,21,17,32,72,5,26,10,28,21,26,31,11,54,18,10,28,9,0,2,36,34,78,393,59,826,167,239,12
1485,61,74,68,89,105,113,97,98,112,84,121,109,102,83,54,48,38,29,765,720,13,106,3,83,24,31,13,12,20,30,2,9,7,15,10,16,13,7,27,8,8,20,5,1,2,24,11,76,211,40,434,95,102,7
4310,178,194,208,243,286,290,323,343,304,326,324,329,255,255,146,135,105,66,2180,2130,31,299,4,203,57,73,38,31,49,101,4,40,15,53,37,43,42,14,90,23,15,44,13,0,6,59,45,176,615,106,1282,339,345,18
3840,144,172,200,251,248,252,252,250,269,289,348,290,256,191,146,115,101,66,1945,1895,25,292,5,186,39,76,39,35,46,88,9,29,12,42,28,37,36,13,69,19,13,26,16,0,8,61,41,170,533,98,1180,256,302,11
3390,109,141,160,185,228,230,272,246,264,262,263,246,211,200,119,118,74,62,1759,1631,32,225,6,200,34,64,37,26,35,94,5,19,14,29,18,25,55,9,51,25,8,34,21,1,1,45,33,134,477,80,1028,260,252,13
8245,357,380,393,475,537,557,603,539,561,620,672,621,518,459,317,271,208,157,4257,3988,60,606,11,413,96,158,67,70,101,175,21,62,24,84,40,75,92,31,161,41,32,101,25,6,9,107,83,336,1196,199,2454,586,681,42
3225,126,148,141,207,215,230,221,235,222,247,245,228,210,188,124,97,83,58,1625,1600,29,267,3,182,43,55,28,26,40,62,6,31,6,33,21,33,32,14,55,13,10,37,11,2,5,43,37,120,472,76,936,210,274,13
3400,139,175,174,196,236,227,255,236,228,251,262,239,214,161,139,106,84,78,1760,1640,34,243,4,162,43,66,25,17,30,77,10,23,13,49,15,38,37,11,59,25,8,37,20,0,2,43,37,140,496,84,989,243,315,5
7065,265,316,368,402,498,470,492,482,500,571,574,503,442,395,245,218,179,145,3595,3470,61,505,11,366,82,160,70,53,77,146,14,58,18,66,53,83,70,33,126,35,23,80,23,0,9,98,75,312,1001,178,2085,495,578,21
4485,172,232,211,270,294,300,302,281,326,322,406,304,272,270,166,150,112,95,2280,2205,43,358,2,257,59,80,36,30,46,113,10,38,16,45,26,48,44,20,84,32,15,46,13,0,7,69,55,188,666,100,1246,310,364,19
6750,247,328,311,386,412,483,462,481,499,538,590,452,404,409,263,199,160,126,3512,3238,49,514,4,375,83,112,72,62,81,146,16,63,26,64,52,61,68,27,135,40,27,67,21,5,13,82,74,269,968,170,1965,471,536,32
9000,406,369,430,479,583,657,659,644,634,680,751,673,542,510,340,288,202,153,4603,4397,77,663,7,499,99,171,84,75,124,200,25,78,38,104,61,75,80,50,185,45,41,112,34,2,10,121,98,371,1252,215,2585,630,750,39
6895,254,289,335,398,434,486,515,497,479,564,554,494,436,382,271,220,154,133,3540,3355,49,489,8,347,87,142,62,54,71,148,18,64,22,59,47,58,67,32,114,33,21,73,24,3,4,91,74,293,1063,194,2087,456,519,22
6985,284,291,333,386,439,475,493,481,536,537,578,501,433,417,275,214,164,148,3564,3421,60,495,10,360,86,115,52,38,86,160,22,65,34,56,43,66,85,24,111,46,18,68,27,3,3,101,84,281,1016,169,2127,487,559,28
1795,61,69,101,122,124,132,126,109,114,165,156,131,97,100,66,49,43,30,966,829,22,115,1,73,30,24,23,10,18,46,6,19,6,17,12,14,19,6,28,10,11,23,13,1,4,34,20,69,265,50,538,132,127,9
5620,224,250,251,302,353,404,403,377,407,450,451,433,379,333,197,168,125,113,2894,2726,36,451,7,288,63,97,43,34,71,120,13,34,14,55,38,59,65,17,113,35,21,54,17,1,4,90,53,236,787,127,1711,411,435,20
6925,277,292,314,388,480,436,501,464,531,566,568,527,417,412,257,216,142,137,3614,3311,68,501,6,334,91,156,68,59,88,142,20,63,20,62,49,91,86,27,129,43,25,81,20,1,10,92,62,314,1034,170,1960,462,566,25
4040,160,175,197,209,257,274,295,263,285,322,361,311,266,216,152,121,88,88,2079,1961,40,288,5,218,54,61,32,27,48,81,7,38,20,35,33,35,49,14,76,30,17,57,13,0,4,57,44,197,541,106,1206,268,323,16
2700,107,116,120,148,186,173,204,192,199,211,222,188,170,162,100,84,61,57,1351,1349,23,202,3,138,29,41,27,20,26,63,6,28,12,23,20,39,27,12,52,9,11,32,10,5,4,38,29,101,389,74,787,197,211,12
3935,155,163,164,227,271,295,283,281,279,306,312,277,265,225,157,115,91,69,1968,1967,41,281,2,213,52,75,31,34,46,92,7,33,17,40,29,29,40,23,60,20,11,50,14,0,3,53,38,152,538,87,1177,294,338,15
4195,167,193,224,252,275,291,279,285,283,332,336,324,274,221,148,144,95,72,2130,2065,52,290,3,210,48,70,31,36,39,93,5,41,12,42,31,36,52,17,71,23,17,46,17,1,5,61,51,202,599,113,1214,314,335,18
8725,344,406,398,490,579,647,581,609,593,668,700,647,542,507,342,283,214,175,4459,4266,73,629,9,470,116,167,104,63,94,198,32,59,40,100,68,81,78,37,152,57,26,92,25,1,10,120,104,402,1233,194,2555,593,709,34
1750,72,92,86,90,114,112,122,110,118,129,153,146,102,118,56,59,35,36,884,866,14,123,3,94,20,37,21,15,17,44,6,19,8,20,12,13,16,5,26,7,6,24,5,0,1,25,21,61,251,58,507,120,139,12
8955,333,403,421,482,575,632,657,624,657,737,712,636,535,510,372,270,244,155,4573,4382,66,610,10,498,131,158,75,66,97,189,20,78,34,78,78,78,116,32,151,47,31,105,28,3,11,113,90,374,1296,252,2663,628,700,49
4840,190,226,250,291,318,344,322,329,329,385,379,368,320,252,175,168,110,84,2466,2374,56,343,3,232,59,76,36,41,43,106,7,53,14,47,37,40,57,20,77,27,17,54,20,1,6,73,59,233,704,128,1406,366,378,21
4535,209,220,224,252,286,302,353,288,351,363,361,333,245,256,170,138,105,79,2314,2221,39,344,4,209,50,80,47,34,53,109,10,38,16,41,27,39,49,15,81,28,18,41,19,2,7,75,73,193,619,130,1305,334,381,25
5355,195,218,245,298,366,348,395,396,435,406,449,378,341,273,193,166,152,101,2807,2548,47,387,7,273,68,98,39,29,65,106,13,49,22,60,31,47,67,23,89,29,19,58,21,3,3,82,64,205,770,131,1596,383,446,25
4325,150,197,214,233,278,294,337,312,292,369,401,308,252,221,168,134,99,66,2218,2107,34,325,3,225,53,74,46,24,53,105,11,47,20,43,32,42,36,15,80,33,17,49,16,3,6,56,43,167,628,92,1250,304,381,12
5555,223,226,272,305,353,391,432,405,392,459,426,383,358,324,205,151,142,108,2825,2730,52,391,5,285,63,105,46,50,67,133,13,39,28,59,41,53,75,19,115,21,17,59,18,2,3,77,54,246,728,129,1711,386,443,22
3070,97,137,147,163,205,204,215,244,233,239,254,208,190,174,120,97,87,56,1628,1442,30,213,2,165,48,59,28,16,35,67,6,30,9,28,17,29,39,15,48,17,9,33,14,3,1,52,32,114,422,80,922,220,251,16
2445,90,113,104,152,147,186,153,151,178,200,202,189,177,128,97,78,56,44,1275,1170,19,185,2,117,20,56,26,17,27,51,3,20,12,18,13,30,31,11,34,12,9,28,9,2,1,35,18,114,348,73,704,182,206,12
6215,241,271,284,378,415,383,432,425,476,462,514,468,384,379,219,193,165,126,3257,2958,48,460,8,301,67,91,57,35,91,122,8,72,22,63,49,61,96,23,128,26,19,82,16,4,11,87,76,254,876,137,1820,471,508,26
9355,348,422,468,559,652,652,660,643,658,768,749,664,595,500,327,288,227,175,4782,4573,88,676,12,455,100,188,85,67,107,197,19,79,24,93,69,106,93,41,163,46,33,96,30,0,11,131,97,398,1329,238,2795,674,784,31
5875,215,258,297,322,384,389,416,415,402,440,505,410,377,333,213,204,155,140,3048,2827,52,455,5,281,79,91,59,56,72,129,10,60,20,60,42,63,76,18,139,39,23,79,22,6,5,77,55,222,768,162,1727,429,472,22
1360,63,65,53,91,88,86,103,99,92,106,111,109,67,72,58,42,34,21,702,658,10,106,2,68,17,25,9,7,12,33,7,17,4,13,7,8,13,8,32,9,5,24,4,1,0,18,19,53,180,34,425,86,98,6
1775,67,76,84,99,114,107,134,108,137,138,139,157,109,80,88,58,38,42,927,848,13,108,1,101,26,33,15,12,30,40,6,20,4,19,13,17,22,9,36,9,5,13,13,0,3,34,17,55,257,30,529,133,148,4
3660,122,161,189,221,239,261,266,254,241,280,304,284,215,209,148,101,81,84,1899,1761,29,274,2,180,37,66,48,23,47,104,12,36,14,34,26,31,46,18,60,16,13,40,12,0,9,45,26,150,549,106,1034,259,302,12
5455,218,239,255,326,375,348,401,369,424,454,449,375,338,297,175,147,144,121,2796,2659,55,426,3,289,58,106,58,46,73,111,14,41,19,46,37,46,64,21,95,30,23,60,17,1,4,87,80,233,768,129,1563,409,423,20
7560,304,333,362,419,455,528,562,484,557,629,643,513,447,419,275,244,222,164,3809,3751,54,575,7,420,93,150,65,59,81,175,20,74,30,79,35,79,90,24,156,34,26,65,24,4,11,124,76,324,1072,172,2220,521,594,27
5770,235,236,281,315,367,409,453,419,409,473,443,396,370,336,214,156,147,111,2928,2842,54,407,5,295,64,110,50,52,72,138,13,45,28,62,42,56,77,20,117,21,18,62,20,2,3,83,56,255,769,138,1763,402,448,23
7965,300,324,377,429,525,535,591,580,559,632,664,594,510,434,312,239,194,166,4064,3901,54,595,10,410,101,143,69,55,96,181,9,67,40,70,53,80,105,36,152,45,30,78,31,3,13,115,95,315,1145,185,2388,509,662,25
4650,169,197,222,261,351,311,333,304,332,377,389,346,264,256,176,152,121,89,2405,2245,50,353,5,239,47,96,42,46,50,102,4,45,16,43,40,30,51,23,82,27,19,50,16,1,3,60,52,176,666,101,1386,322,393,14
6610,262,314,310,372,452,461,457,489,493,488,521,519,406,330,261,195,155,125,3384,3226,58,470,6,341,73,128,76,46,78,154,14,53,31,67,48,85,78,36,120,37,23,70,22,3,8,96,80,250,989,172,1924,435,512,27
4935,204,201,209,293,300,302,369,341,353,417,401,343,320,295,198,160,107,122,2542,2393,30,390,2,258,53,88,30,37,64,114,10,47,29,52,35,36,58,16,91,19,14,57,20,7,6,66,58,191,696,125,1459,366,385,26
5845,210,259,255,361,398,396,405,403,417,453,506,395,374,365,230,183,123,112,3032,2813,46,440,3,294,76,113,35,44,69,145,9,47,12,53,37,46,64,19,94,30,12,76,23,2,5,88,59,233,861,135,1729,425,490,31
6215,264,300,291,393,398,430,456,402,421,492,532,444,377,357,249,175,132,102,3164,3051,51,459,5,313,86,116,45,52,65,137,13,57,27,56,37,48,70,22,109,28,27,78,20,3,7,83,63,260,903,155,1839,480,478,23
3920,164,171,207,211,268,279,272,271,287,323,288,249,259,223,154,134,89,71,2089,1831,27,304,3,206,36,67,34,20,45,96,6,33,13,32,30,34,47,22,78,25,14,41,19,0,6,43,48,166,578,108,1129,276,317,17
7640,295,320,369,398,473,559,550,536,542,611,636,525,492,433,292,259,189,161,3942,3698,76,548,7,399,106,141,77,45,89,168,26,54,18,76,56,78,76,29,163,42,23,77,20,3,6,119,79,312,1133,168,2320,510,570,26
2600,116,99,111,152,166,155,194,166,188,222,195,197,177,149,100,94,50,69,1363,1237,12,215,1,125,31,51,18,18,34,56,7,28,14,28,19,19,35,8,50,9,10,31,12,4,5,36,30,95,350,62,782,198,193,14
5290,203,236,250,301,338,373,399,370,350,368,439,409,356,303,200,163,123,109,2688,2602,40,393,5,293,69,96,56,38,75,122,17,50,30,51,36,48,68,25,92,34,18,57,23,1,6,89,49,207,756,134,1514,365,417,16
5180,182,227,247,297,343,365,364,358,392,413,423,374,313,294,193,159,114,122,2635,2545,28,375,4,274,70,101,48,37,56,104,12,44,17,35,33,51,55,16,106,26,17,58,9,1,4,72,60,211,761,116,1542,383,432,22
3735,144,169,173,232,221,261,280,244,256,293,338,235,260,217,147,120,81,64,1932,1803,35,270,4,182,48,74,51,20,37,71,3,35,18,42,28,35,49,16,53,24,12,44,12,4,4,51,49,160,540,103,1087,262,293,19
4570,153,222,231,257,285,310,306,336,307,392,381,339,284,256,169,149,111,82,2322,2248,37,343,5,240,58,69,44,37,56,99,9,34,16,31,34,54,46,22,95,21,23,49,18,7,6,62,48,182,660,131,1320,336,361,17
5730,234,239,275,340,356,402,401,372,401,467,475,400,401,327,218,191,126,105,2911,2819,53,441,4,323,70,100,57,45,70,143,14,42,28,68,36,62,66,28,93,27,30,63,17,1,6,65,61,208,837,157,1688,368,430,29
7135,279,323,358,363,455,503,513,480,555,559,599,536,399,413,258,220,187,135,3723,3412,49,516,5,392,88,124,73,61,68,148,21,73,24,63,52,70,81,21,141,41,23,77,24,1,8,93,66,303,1055,180,2138,493,540,23
5405,175,218,259,325,364,367,404,358,378,409,461,411,329,305,196,194,134,118,2780,2625,42,391,6,265,77,107,46,34,79,135,6,46,19,59,37,57,50,17,112,26,21,52,20,3,11,63,50,223,781,122,1588,414,422,24
5115,174,214,266,280,322,347,371,338,371,394,438,374,289,302,216,198,137,84,2659,2456,49,358,5,296,64,106,41,32,60,131,12,50,23,57,36,56,59,25,96,34,23,58,13,3,6,68,56,181,701,129,1507,375,389,16
4035,140,186,219,233,246,262,308,268,281,308,335,286,251,214,172,133,106,87,2041,1994,33,309,2,206,38,92,32,32,41,100,10,37,11,39,20,32,49,15,86,26,9,35,11,0,5,60,52,135,555,102,1234,281,325,21
3240,135,158,166,200,198,215,236,238,246,249,233,208,199,179,135,93,78,74,1669,1571,15,233,1,188,30,62,27,27,43,83,6,23,13,25,19,26,33,17,74,23,9,28,9,2,2,39,38,137,460,71,964,216,282,15
7615,319,335,362,425,503,453,516,562,575,616,671,541,480,401,292,241,164,159,3847,3768,72,525,6,413,109,149,67,53,88,201,17,75,40,61,49,80,70,32,147,37,23,83,23,3,12,118,95,352,1096,174,2209,537,563,36
7270,288,301,343,428,479,498,480,520,530,603,624,485,446,437,289,218,180,121,3757,3513,73,551,10,409,76,123,58,49,92,153,23,80,19,77,56,62,98,26,132,42,26,73,25,2,9,106,73,288,1035,192,2128,496,577,31
4695,173,224,213,270,328,348,331,325,315,361,384,346,324,252,176,125,113,87,2359,2336,36,334,3,225,60,105,53,24,49,115,10,28,6,44,27,36,57,17,80,31,20,56,17,1,3,68,47,211,710,110,1404,317,376,15
4005,155,168,187,226,249,259,304,291,283,348,302,284,253,229,163,123,106,75,2029,1976,41,305,4,216,49,67,39,29,41,94,10,44,12,38,27,38,41,14,83,30,14,41,19,2,3,58,41,142,546,113,1142,303,340,19
6605,253,306,319,359,447,451,481,466,458,534,550,439,429,363,250,197,156,147,3361,3244,66,498,9,349,84,127,59,44,76,143,11,57,29,59,36,60,78,29,114,30,24,76,23,0,6,110,57,283,982,148,1952,453,517,16
3605,171,158,171,178,229,228,247,214,276,278,301,271,227,211,134,132,107,72,1811,1794,32,273,3,174,43,77,39,30,41,85,8,45,18,28,23,22,55,12,66,28,10,49,20,2,4,39,40,146,531,104,1019,238,288,13
7700,321,360,351,442,483,538,541,545,530,600,634,548,475,415,314,228,210,165,3938,3762,72,575,9,406,84,136,54,57,86,172,19,68,25,74,49,63,63,32,140,44,29,89,38,0,10,100,85,317,1154,213,2270,527,611,29
3575,138,161,173,208,253,239,266,278,235,291,284,241,210,200,125,110,93,70,1831,1744,34,270,1,184,40,63,33,31,41,75,8,31,10,37,25,29,36,9,68,13,15,53,13,4,0,51,42,154,507,106,1080,253,248,11
7100,282,284,337,406,465,457,490,481,550,548,609,535,471,418,265,237,155,110,3684,3416,62,533,3,400,100,133,43,41,78,149,18,59,31,75,35,69,85,27,153,46,24,78,27,3,13,107,72,251,997,187,2130,474,567,30
5745,208,258,265,310,405,414,420,377,407,435,457,426,406,318,208,199,127,105,3005,2740,48,422,5,308,68,98,48,44,49,126,15,54,31,63,45,62,63,13,113,35,31,65,18,1,11,72,48,263,824,142,1692,391,453,24
5235,207,237,245,325,350,345,412,344,334,409,409,359,335,294,212,180,120,118,2681,2554,54,386,2,259,71,79,47,44,60,101,9,42,16,41,34,55,59,20,91,32,14,52,20,1,5,58,43,235,756,142,1591,380,416,20
8995,349,365,433,502,629,617,663,602,680,698,733,651,573,461,374,295,212,158,4573,4422,81,679,6,461,116,178,69,66,98,205,26,82,35,69,64,66,112,36,168,57,26,107,30,7,7,125,102,346,1299,240,2646,649,701,36
5440,213,222,273,290,339,373,374,376,415,450,460,419,334,305,212,156,122,107,2804,2636,30,403,3,266,67,106,35,46,66,118,18,55,17,54,39,52,65,19,105,29,23,53,19,3,5,76,54,202,790,114,1650,394,441,23
7570,314,311,337,443,506,510,596,497,571,596,613,542,460,426,287,243,163,155,3850,3720,57,572,4,374,101,141,67,61,90,183,8,74,26,67,51,66,101,26,136,45,38,74,28,2,7,96,87,316,1100,207,2209,519,610,27
7385,273,323,362,414,473,496,514,538,538,572,619,515,470,431,299,236,177,135,3824,3561,65,515,4,391,87,121,71,59,93,174,19,56,28,68,40,64,90,32,151,44,28,82,25,4,9,106,85,279,1060,191,2210,521,589,24
6130,254,268,295,378,405,418,420,420,443,446,508,453,389,344,235,177,143,134,3155,2975,62,446,5,316,74,102,55,39,69,146,13,45,26,65,37,52,60,24,103,32,23,44,19,1,4,85,60,258,921,159,1765,445,549,26
8700,360,377,454,467,583,615,616,603,604,693,724,621,592,453,319,255,221,143,4527,4173,67,680,5,461,95,186,65,56,95,219,22,78,32,77,47,77,110,32,163,42,25,91,37,9,14,109,91,351,1268,227,2522,588,709,50
3680,159,179,168,201,243,243,262,254,262,261,307,281,268,186,130,110,101,65,1898,1782,32,283,2,180,40,61,39,33,36,72,6,27,12,46,20,24,48,22,65,19,11,41,6,3,3,51,38,153,509,91,1121,276,297,13
4305,176,183,224,246,289,292,309,264,323,346,322,324,283,242,167,128,106,81,2248,2057,34,330,7,216,51,78,28,32,44,98,8,32,11,41,27,39,55,21,71,21,14,43,15,1,2,64,42,158,640,113,1273,327,355,14
125,3,9,4,7,8,11,9,12,7,7,12,5,6,4,6,6,6,3,54,71,2,12,0,3,1,4,2,0,2,2,1,1,0,0,0,1,0,2,2,0,1,2,0,0,0,0,1,6,18,4,37,15,6,0
3840,162,157,171,234,280,244,302,278,285,293,311,276,244,198,143,95,108,59,1965,1875,35,310,3,190,48,68,29,23,38,75,10,24,14,39,25,30,35,12,75,19,13,37,14,3,6,69,49,155,538,84,1178,277,305,10
4045,163,187,190,261,300,290,293,246,288,317,352,272,244,208,138,121,112,63,2048,1997,35,308,2,197,43,65,50,27,52,81,9,28,15,36,18,40,50,15,71,16,17,46,22,1,2,58,47,160,592,88,1171,303,359,21
3990,138,184,198,221,258,257,308,286,264,348,373,286,238,195,153,125,95,63,2052,1938,32,290,3,204,50,72,43,23,47,96,11,45,20,40,29,40,33,13,72,31,17,47,16,3,6,53,41,154,563,87,1157,288,353,11
5010,203,219,224,297,320,364,303,332,363,428,429,348,333,292,197,164,113,81,2597,2413,49,369,5,262,62,96,38,36,54,121,6,38,19,61,39,60,54,23,113,31,16,58,21,1,1,56,62,208,698,120,1477,343,400,13
7505,298,334,366,405,477,542,555,533,530,587,599,500,495,431,266,229,216,142,3839,3666,63,566,6,390,103,133,68,48,84,168,27,65,27,69,57,73,87,30,127,38,26,82,17,4,11,105,87,315,1063,188,2191,510,649,28
3985,179,218,172,239,254,267,300,256,268,312,338,260,259,216,166,110,99,72,2037,1948,31,315,0,189,52,70,31,22,49,88,8,38,18,32,22,38,44,12,67,28,27,42,9,2,4,45,48,174,558,100,1222,285,302,13
190,9,8,10,6,16,9,20,11,13,12,20,8,12,10,11,8,3,4,86,104,1,16,0,11,4,1,0,2,1,5,0,2,2,1,1,3,4,0,5,1,0,2,0,0,0,2,1,9,23,2,64,8,18,1
4975,195,236,271,273,299,349,344,347,339,396,390,333,328,300,213,160,118,84,2576,2399,49,387,8,260,69,87,51,34,46,105,18,48,18,49,28,39,55,17,89,32,16,53,22,2,6,69,44,222,735,113,1477,347,367,13
55,1,1,4,2,4,5,6,4,4,7,3,2,3,5,1,1,0,2,27,28,1,4,0,1,0,1,0,1,0,0,1,1,2,0,0,1,0,0,3,0,0,0,1,0,0,1,1,2,7,3,15,4,5,0
3460,150,146,171,211,222,253,249,199,237,285,291,231,236,189,138,118,72,62,1754,1706,38,286,3,189,45,52,32,33,44,80,9,27,19,37,24,35,44,17,53,16,15,36,9,0,2,39,26,121,517,95,1016,223,265,13
6300,232,314,294,369,415,417,430,398,460,465,569,445,381,394,228,195,168,126,3208,3092,58,493,3,339,81,103,52,47,62,153,14,61,23,63,40,65,78,28,126,42,19,61,17,1,9,98,75,272,924,144,1789,440,495,25
6385,269,264,269,345,400,434,459,433,478,529,479,492,423,409,212,206,148,136,3301,3084,41,483,8,354,79,132,63,54,74,147,16,53,30,68,28,75,65,30,114,31,30,59,18,5,8,103,73,245,875,162,1869,438,525,30
4220,145,188,212,246,279,303,316,309,302,340,331,286,268,232,155,124,97,87,2192,2028,39,278,7,210,59,65,35,32,49,81,7,40,19,47,16,37,40,20,73,27,11,55,19,1,5,57,60,174,622,96,1263,298,354,24
4375,155,174,183,246,321,306,333,309,327,345,361,303,290,234,162,142,121,63,2287,2088,38,319,4,242,67,73,37,28,38,112,9,41,15,44,32,45,46,15,69,22,17,44,16,2,6,62,44,183,631,104,1305,321,327,17
7880,318,343,374,413,536,571,547,539,578,632,640,504,544,419,316,254,186,166,4020,3860,64,594,6,412,103,129,72,61,103,174,23,58,31,73,47,92,82,35,143,39,18,101,35,3,13,107,77,315,1119,204,2319,569,625,34
7165,261,291,363,438,461,540,523,492,504,547,552,522,457,405,256,246,166,141,3669,3496,51,550,8,384,85,143,64,53,81,145,20,46,31,72,45,64,92,28,123,39,31,70,24,2,7,88,65,295,1016,189,2161,486,576,31
7735,327,350,395,470,499,530,560,533,563,570,626,565,476,445,295,221,175,135,4004,3731,77,572,5,428,89,147,67,55,104,171,20,61,34,70,54,66,77,24,136,38,29,104,26,4,13,103,92,302,1075,191,2269,543,652,37
3340,130,147,188,184,202,224,265,244,263,237,267,212,213,188,119,91,87,79,1707,1633,29,299,10,159,42,53,29,23,36,61,10,22,12,27,18,28,41,13,69,19,12,37,21,2,4,43,32,122,472,99,954,262,266,14
5775,223,270,277,294,393,399,411,383,393,452,492,432,384,315,235,172,135,115,2970,2805,60,386,6,307,72,95,48,44,67,117,11,58,22,57,42,46,68,20,112,41,26,73,18,1,6,81,59,281,779,153,1724,421,452,22
5830,241,242,277,329,383,371,437,421,399,432,505,457,323,348,224,197,136,108,3021,2809,44,459,10,337,86,101,48,49,77,136,18,44,29,64,40,48,67,26,111,33,28,67,21,2,10,62,43,206,830,150,1690,409,459,26
7930,310,331,372,476,509,523,608,514,565,667,655,559,512,448,314,239,179,149,4012,3918,70,587,10,396,106,155,71,62,74,186,25,58,40,78,49,79,97,28,148,31,32,97,26,4,4,97,86,367,1139,209,2318,521,659,21
3965,163,183,177,231,258,286,302,252,299,314,304,271,235,215,170,135,92,78,2121,1844,32,269,1,180,46,81,27,32,55,116,5,29,15,43,21,31,43,8,77,21,12,54,10,0,2,48,43,171,560,89,1200,285,336,23
8910,336,404,374,501,539,633,680,594,615,743,755,609,613,502,350,285,207,170,4513,4397,77,644,10,454,112,186,84,62,103,194,18,68,45,81,52,91,95,34,209,44,32,99,29,4,7,139,101,362,1263,226,2577,665,712,31
12115,462,555,579,690,811,834,912,863,861,949,966,886,732,673,437,394,294,217,6210,5905,106,915,8,610,149,204,103,103,161,262,23,104,45,119,77,102,136,54,224,61,39,140,47,8,15,174,118,525,1745,296,3599,864,934,45
4560,184,192,225,259,289,282,281,332,365,402,411,329,275,242,173,124,100,95,2334,2226,46,324,6,236,53,89,39,22,48,112,12,44,24,27,30,56,39,21,99,26,10,49,16,3,7,70,52,203,653,107,1341,326,348,22
6280,262,280,281,360,440,402,451,415,424,522,512,466,394,349,239,190,174,119,3216,3064,56,468,4,312,72,119,44,53,81,136,14,57,30,61,31,63,79,21,91,38,31,68,23,6,9,77,71,259,921,131,1890,422,508,34
2805,106,138,132,167,180,205,184,203,182,204,243,202,185,143,129,86,69,47,1435,1370,23,198,1,148,38,47,19,20,37,57,6,28,11,27,22,39,31,11,53,10,9,30,8,1,2,30,27,115,392,54,872,181,241,17
5285,251,196,247,324,333,359,385,346,386,391,416,391,350,284,187,186,139,114,2751,2534,36,399,6,289,54,84,45,42,66,108,11,43,30,41,35,59,49,24,116,30,16,65,18,4,6,63,53,233,746,129,1577,394,401,13
4020,153,158,196,236,246,262,281,286,281,327,334,292,261,238,174,128,102,65,2105,1915,32,256,3,223,44,61,40,30,45,97,11,35,16,33,21,32,50,19,78,29,14,35,17,4,3,60,45,156,611,103,1215,294,299,9
8620,368,379,412,522,551,625,659,566,632,647,655,560,538,497,348,266,211,184,4404,4216,57,630,3,509,101,164,70,71,94,200,19,58,34,78,56,82,84,37,156,55,24,90,20,2,10,127,81,349,1280,196,2529,573,747,34
4330,174,176,188,279,265,314,299,327,338,327,347,282,286,250,167,131,97,83,2165,2165,41,311,2,219,41,90,44,30,53,92,7,36,15,43,37,46,48,17,81,28,18,39,13,3,9,63,43,171,618,107,1274,306,374,11
3985,159,173,190,224,244,257,300,288,258,339,337,279,253,205,172,119,97,91,2028,1957,33,287,4,207,51,71,38,25,53,90,8,36,17,42,21,47,32,11,55,16,16,40,16,2,2,60,40,170,593,91,1187,279,329,16
4025,142,167,179,215,276,275,299,267,305,345,313,292,260,250,150,115,100,75,2066,1959,44,293,1,209,59,82,32,24,49,94,9,37,20,37,29,40,55,16,66,19,8,30,12,0,4,47,44,156,617,97,1174,291,314,16
9000,341,376,385,522,599,639,679,617,678,709,728,618,570,509,378,276,197,179,4605,4395,75,633,11,435,130,158,95,56,103,219,32,73,32,94,68,93,105,41,168,53,40,100,21,4,14,114,84,329,1283,224,2736,595,737,45
7300,266,305,331,404,480,467,546,515,529,581,589,533,473,415,313,247,160,146,3697,3603,61,541,7,366,95,125,63,61,75,177,13,74,21,84,40,82,78,25,155,38,18,86,26,3,10,96,79,306,1014,155,2155,552,595,24
3400,116,139,172,200,213,246,276,252,226,261,254,252,230,197,122,102,74,68,1769,1631,27,231,5,169,49,64,35,21,38,68,10,27,10,23,25,26,27,19,55,17,11,34,14,0,1,43,33,149,555,83,1038,222,262,9
6310,262,248,317,356,412,460,440,425,445,494,517,498,392,331,230,205,151,127,3310,3000,45,479,4,306,72,120,48,50,64,148,16,65,23,66,42,74,63,27,112,47,18,67,26,2,7,99,66,248,930,142,1874,447,488,25
7655,273,334,337,435,530,505,593,513,556,603,638,529,520,444,281,212,203,149,3927,3728,67,523,8,416,85,136,66,63,102,193,21,66,31,82,49,67,85,26,154,33,28,84,26,1,6,101,84,324,1069,222,2318,483,594,42
8275,353,397,358,488,551,548,594,559,554,686,688,562,526,460,354,241,206,150,4199,4076,59,631,1,424,103,146,68,53,94,194,19,76,35,65,60,80,91,23,147,56,47,100,23,3,5,97,94,326,1173,201,2518,581,649,33
5390,214,242,251,336,365,356,420,355,344,422,417,371,342,302,218,188,124,123,2758,2632,59,394,3,267,75,84,47,45,63,102,9,44,18,43,34,59,62,20,92,32,14,52,21,1,5,60,44,240,780,144,1644,390,422,21
6420,261,286,300,376,436,448,479,436,424,485,552,473,380,384,232,211,146,111,3230,3190,58,495,5,315,75,125,54,47,77,133,15,53,30,63,42,67,71,25,111,30,23,66,18,5,6,90,76,283,910,157,1902,455,513,25
4865,195,214,186,250,317,343,387,320,315,389,428,347,342,268,184,162,117,101,2490,2375,30,338,8,252,71,100,52,35,46,120,13,45,28,43,28,46,49,19,108,19,27,55,12,3,2,74,55,195,701,121,1405,355,392,18
7275,286,299,359,437,489,485,527,511,557,513,600,527,480,387,281,231,168,138,3682,3593,50,546,7,384,89,143,59,49,76,173,19,60,20,67,56,76,78,35,138,39,21,57,17,5,3,117,90,309,1002,160,2191,530,586,23
7025,301,283,366,392,418,500,490,471,497,558,588,501,460,404,270,212,172,142,3648,3377,69,543,4,361,85,143,70,64,62,153,14,73,32,62,51,68,87,26,119,49,22,81,29,5,6,90,58,308,994,158,2081,475,556,27
4450,202,202,216,241,276,297,306,274,334,372,352,303,305,274,164,132,102,98,2353,2097,41,315,2,237,61,81,39,39,51,97,9,32,18,42,26,45,49,25,86,30,20,53,22,2,1,69,47,181,639,115,1299,305,358,14
5080,196,221,274,272,335,343,369,360,392,411,382,378,295,284,189,156,112,111,2643,2437,51,382,3,275,60,91,52,42,51,103,7,45,14,52,43,61,60,24,82,23,20,48,18,4,4,74,49,210,750,110,1463,365,414,30
3025,138,124,146,190,226,219,218,190,216,236,227,219,168,143,136,82,82,65,1544,1481,26,223,3,173,43,50,34,24,20,56,5,26,17,35,20,29,51,10,51,17,13,35,2,0,5,50,32,136,421,87,843,213,258,17
8090,335,322,406,452,533,543,583,565,618,586,679,609,531,437,289,241,197,164,4243,3847,64,669,12,415,88,170,65,64,84,187,29,64,30,90,52,76,92,31,163,33,18,96,30,7,14,116,91,313,1155,184,2358,533,666,31
5345,197,216,256,315,348,377,386,363,358,421,466,369,350,302,222,175,112,112,2744,2601,48,374,1,280,68,103,50,28,72,120,5,46,20,45,32,48,55,18,91,36,16,68,17,0,2,63,49,221,803,131,1592,367,451,25
4645,156,201,242,245,302,326,324,329,341,363,380,347,290,260,202,129,107,101,2307,2338,47,355,7,234,73,88,46,40,57,98,10,47,25,39,38,53,41,27,89,28,13,37,15,1,5,59,38,195,694,101,1334,311,376,24
4095,173,170,197,245,272,276,275,290,303,320,330,268,266,259,158,111,102,80,2105,1990,29,344,7,226,56,69,28,35,39,72,13,30,17,40,22,49,44,19,72,24,15,36,17,2,1,62,53,167,568,80,1227,277,337,18
5400,196,275,267,298,347,362,378,363,377,450,429,373,338,310,219,176,128,114,2733,2667,36,374,1,288,64,94,50,37,60,120,10,55,20,50,42,36,71,24,111,31,23,58,26,1,3,73,70,216,788,148,1608,381,417,14
4550,166,227,198,299,297,320,343,326,325,338,359,318,288,264,162,132,92,96,2336,2214,38,344,4,258,54,88,36,34,56,103,9,42,17,37,30,37,57,16,84,18,27,49,18,2,7,68,51,178,633,126,1325,323,349,32
4665,172,203,223,259,330,350,322,300,340,370,396,329,286,270,171,137,101,106,2363,2302,33,371,5,257,65,83,35,34,53,87,19,30,12,43,31,48,57,12,92,31,21,48,18,3,7,52,45,170,631,118,1431,342,365,16
265,20,13,12,14,17,21,15,14,16,18,24,24,16,18,14,4,2,3,121,144,3,22,0,13,3,8,4,4,0,5,1,3,1,3,2,1,4,1,5,1,1,1,0,0,1,5,3,13,41,6,70,13,27,0
5290,209,241,250,319,341,337,393,331,394,416,440,384,350,294,200,173,123,95,2705,2585,39,410,3,288,88,105,41,40,54,108,13,63,16,50,29,54,56,15,77,34,20,55,22,0,2,65,60,211,752,131,1567,370,428,24
6610,237,311,304,361,451,449,487,451,488,550,521,456,385,392,274,212,162,119,3377,3233,55,499,4,340,81,111,58,51,58,159,17,61,23,71,45,64,88,29,123,29,22,87,24,1,8,83,76,255,918,170,1942,526,513,19
6715,265,279,296,371,479,458,478,476,474,538,555,468,444,403,260,185,160,126,3389,3326,61,470,8,391,79,125,56,48,84,154,13,54,27,76,44,55,65,34,115,40,20,89,21,0,6,86,65,264,961,169,1979,484,546,26
7330,307,317,338,442,488,493,513,501,511,563,640,580,452,388,271,235,156,135,3793,3537,59,551,9,368,101,148,70,58,83,170,16,70,32,91,54,78,85,26,131,36,30,80,15,5,5,106,75,282,1018,171,2174,521,584,28
1385,54,58,69,66,98,105,112,96,101,117,100,91,92,68,48,45,35,30,713,672,19,96,2,74,20,26,12,13,17,25,4,7,10,26,11,16,14,6,35,5,4,8,6,0,2,20,9,57,197,36,419,73,110,6
5155,203,240,226,304,294,350,374,341,367,421,428,393,354,264,212,158,128,98,2652,2503,51,387,5,258,50,108,51,35,49,125,6,43,17,47,29,65,61,22,81,25,20,58,19,4,5,71,48,227,752,135,1465,387,430,19
4705,197,211,232,248,302,281,368,359,333,365,391,366,270,249,182,146,118,87,2452,2253,42,360,3,238,60,94,36,29,60,107,10,40,12,50,33,52,55,25,71,23,10,65,20,7,6,69,33,187,613,135,1392,340,417,11
470,18,19,29,27,30,39,27,26,44,34,45,31,29,28,19,6,10,9,240,230,2,46,0,29,8,7,7,2,2,17,1,5,1,3,4,5,10,3,12,1,0,3,2,0,0,4,5,12,79,6,117,29,47,1
5870,229,238,274,320,421,404,435,397,442,439,483,418,377,332,224,185,140,112,2993,2877,40,379,4,342,54,118,50,59,76,146,16,42,27,48,30,71,66,15,107,30,26,63,16,0,5,74,56,244,874,160,1694,428,485,25
4125,165,175,173,228,256,311,331,272,275,309,345,310,283,218,162,130,109,73,2095,2030,34,291,5,243,49,78,47,38,48,92,6,29,17,30,26,41,53,13,78,16,10,40,9,1,4,63,47,163,605,103,1177,283,367,19
5480,261,215,269,293,351,389,405,391,391,413,457,418,310,303,211,180,131,92,2799,2681,50,390,3,314,65,111,54,53,75,114,15,52,22,66,42,50,48,30,114,19,22,75,27,2,10,75,60,210,751,133,1545,398,461,24
3395,146,161,163,175,209,230,244,199,253,281,263,235,232,216,135,104,74,75,1786,1609,27,243,2,166,46,66,29,31,42,75,7,30,12,32,18,38,40,21,66,28,15,43,20,0,1,53,39,135,469,90,1010,224,267,10
2445,106,121,107,127,167,155,184,164,168,199,178,175,172,156,91,74,62,39,1270,1175,21,185,4,126,26,49,19,20,24,38,2,18,10,19,19,22,31,16,55,4,5,19,12,2,3,35,31,107,358,61,732,169,195,8
3820,129,158,188,214,279,259,272,251,267,309,323,298,222,219,131,124,108,69,1960,1860,41,278,5,190,39,78,39,37,44,89,4,38,15,33,34,25,44,18,72,22,16,42,13,1,3,43,39,128,550,85,1151,255,336,13
4855,177,219,203,267,299,356,367,370,392,379,407,289,303,259,208,158,114,88,2473,2382,43,379,0,253,56,96,44,43,45,118,13,42,10,58,35,36,56,11,90,26,16,56,23,6,4,83,39,211,676,102,1479,297,390,19
2975,95,142,149,164,217,216,207,200,218,224,234,207,191,171,124,97,66,53,1503,1472,15,242,1,150,34,66,27,21,41,70,5,32,13,27,17,27,51,9,40,20,8,39,9,1,1,42,38,122,391,68,882,204,246,16
3000,122,131,151,179,193,210,222,186,227,233,222,228,193,165,113,92,72,61,1585,1415,21,237,7,144,37,52,21,26,31,61,6,25,7,29,16,27,36,14,47,14,10,34,7,1,1,42,30,103,452,75,901,231,247,8
5655,227,231,287,307,419,397,423,375,417,421,439,431,350,317,208,166,139,101,2878,2777,38,444,7,286,61,92,52,48,79,135,14,39,16,57,41,38,67,20,97,33,25,55,19,6,4,85,50,241,816,143,1659,386,470,32
2450,83,88,125,129,172,162,204,181,183,188,207,169,142,146,91,67,44,69,1318,1132,19,172,2,145,29,40,22,20,28,53,6,28,4,32,17,19,30,8,41,17,16,46,5,0,3,23,16,112,315,63,713,182,214,10
7070,284,323,314,411,463,499,540,496,483,556,587,534,426,390,273,203,152,136,3564,3506,46,524,8,366,90,135,52,43,75,158,19,66,31,66,48,70,80,31,134,39,28,93,29,1,12,94,90,301,1002,170,2058,517,566,28
4405,204,184,208,256,274,309,335,280,299,340,332,293,304,260,191,129,107,100,2268,2137,29,323,6,225,62,84,52,44,48,103,6,33,20,44,33,40,50,17,83,25,6,50,21,1,2,44,44,185,635,108,1273,313,379,17
4575,173,189,206,268,327,317,304,323,338,365,391,335,304,247,150,149,112,77,2357,2218,36,323,8,234,61,87,35,42,56,94,15,34,21,44,23,48,53,19,79,32,18,50,21,1,9,62,37,203,626,109,1365,323,391,16
4680,185,190,223,272,311,326,360,319,329,365,372,325,285,272,195,152,108,91,2325,2355,45,340,5,243,45,82,43,34,54,108,10,33,21,43,21,35,44,12,94,26,15,40,13,3,5,64,48,187,679,133,1421,317,395,22
2715,122,126,108,141,185,214,205,184,198,209,207,207,147,160,99,87,73,43,1380,1335,21,183,1,146,36,44,20,25,28,55,8,22,10,33,8,22,30,10,49,14,11,31,11,1,5,35,31,125,378,78,828,213,194,9
6300,232,269,314,364,402,441,491,410,467,506,498,424,413,327,253,214,157,118,3202,3098,57,473,3,355,77,107,67,37,80,154,10,54,19,59,45,61,62,30,114,34,24,57,16,0,2,81,72,238,905,165,1867,446,505,24
7790,325,336,351,403,485,544,563,526,559,614,637,636,500,424,295,247,193,152,3924,3866,68,598,10,430,109,155,76,46,84,191,12,96,40,79,45,85,98,24,136,46,25,75,27,5,12,114,83,316,1127,203,2188,543,615,29
3165,135,160,145,167,208,214,229,209,231,219,272,248,230,159,106,94,87,52,1638,1527,28,238,2,158,37,55,35,26,33,67,4,22,11,37,19,20,44,19,52,16,10,37,5,2,3,41,34,130,438,78,963,231,259,11
4170,158,181,178,244,271,297,289,284,311,334,361,291,267,242,157,130,99,76,2159,2011,42,319,6,215,42,88,35,32,48,83,5,31,14,45,35,35,49,22,87,21,16,57,11,1,6,47,46,168,641,134,1156,271,351,11
5375,206,252,241,336,359,354,381,377,367,419,450,379,319,304,215,177,132,107,2747,2628,47,395,6,302,61,95,39,43,55,110,10,60,23,55,28,51,53,21,103,37,22,51,22,1,6,79,59,194,752,133,1607,386,453,16
4025,146,177,182,225,285,297,281,257,296,315,338,291,248,234,144,123,95,91,2042,1983,28,313,3,224,57,73,30,29,45,71,15,25,10,39,27,44,48,9,80,23,19,42,17,3,7,49,39,152,538,99,1220,308,328,11
13080,536,552,598,734,872,896,946,909,934,1034,1074,911,786,766,511,415,329,277,6658,6422,115,903,12,688,158,241,118,92,168,288,37,124,45,138,87,124,133,41,227,64,52,143,45,4,18,184,134,535,1916,332,3900,912,1066,36
5135,210,219,238,270,356,353,343,369,387,407,413,359,325,285,223,151,137,90,2645,2490,49,392,2,274,63,101,46,42,58,104,13,52,26,51,31,52,71,10,104,18,14,48,13,5,8,65,59,202,714,132,1543,326,424,23
3945,135,185,204,241,268,290,270,259,290,300,313,275,248,222,156,122,98,69,1996,1949,25,321,4,198,48,83,30,27,55,89,5,42,15,37,21,34,63,13,51,23,9,47,13,1,3,56,53,164,529,92,1176,275,322,21
40,6,3,1,1,3,6,4,3,2,1,1,1,2,2,1,2,1,0,19,21,0,3,0,2,1,0,2,0,1,0,0,0,0,0,0,0,0,0,1,0,0,0,0,0,0,1,0,1,8,0,13,3,4,0
1870,72,88,109,99,121,125,125,124,129,150,139,141,135,108,79,47,39,40,949,921,17,162,1,110,20,40,15,15,28,37,4,19,5,18,14,22,23,5,36,18,4,17,11,1,1,23,22,69,247,53,517,133,159,4
3445,134,156,154,185,245,252,244,217,244,268,292,248,208,208,123,106,81,80,1731,1714,25,266,3,192,52,58,29,27,35,60,11,20,9,35,22,31,40,9,65,19,16,38,11,3,6,40,33,127,465,86,1056,258,288,10
90,2,3,5,5,4,5,7,7,4,7,10,4,8,7,4,2,4,2,45,45,2,9,0,6,0,1,1,0,1,5,1,2,1,0,1,1,4,1,1,1,0,2,1,0,0,1,0,6,8,0,23,5,6,0
5985,212,283,279,340,384,443,492,430,415,467,476,425,328,331,222,197,159,102,3062,2923,50,427,6,314,69,117,55,37,66,117,12,51,23,66,44,59,72,20,111,30,25,60,18,3,6,82,62,258,894,141,1775,409,482,24
4090,156,178,185,231,253,276,295,256,298,342,359,325,266,229,135,111,111,84,2175,1915,40,296,6,190,40,76,38,28,45,101,13,48,14,37,31,48,38,13,70,17,8,45,15,2,7,60,40,168,588,85,1215,315,342,11
7270,285,305,342,413,496,494,561,449,509,606,603,493,426,443,297,224,179,145,3808,3462,55,517,6,403,73,150,66,48,86,163,20,65,26,79,47,70,90,26,113,40,25,62,33,1,6,87,66,293,1042,161,2213,500,610,28
