"COL0","COL1","COL2","COL3","COL4","COL5","COL6","COL7","COL8","COL9","COL10","COL11","COL12","COL13","COL14","COL15","COL16","COL17","COL18","COL19","COL20","COL21","COL22","COL23"
"9330000.00",679360.00,327260.00,158785.00,145800.00,47515.00,2.90,679365.00,574670.00,495060.00,79610.00,104695.00,84740.00,19950.00,574670.00,260290.00,314375.00,129480.00,139085.00,45815.00,104695.00,66970.00,29305.00,8420.00
"9330001.01",1790.00,785.00,455.00,425.00,125.00,3.00,1790.00,1385.00,1225.00,160.00,405.00,340.00,65.00,1385.00,515.00,870.00,345.00,400.00,125.00,405.00,270.00,105.00,35.00
"9330001.02",1630.00,775.00,425.00,350.00,80.00,2.80,1630.00,1315.00,1175.00,145.00,315.00,270.00,35.00,1315.00,550.00,765.00,355.00,335.00,75.00,315.00,225.00,70.00,20.00
"9330002.01",1745.00,845.00,460.00,355.00,80.00,2.80,1750.00,1420.00,1250.00,170.00,330.00,270.00,55.00,1420.00,630.00,785.00,360.00,345.00,85.00,330.00,215.00,100.00,15.00
"9330002.03",1170.00,500.00,280.00,290.00,95.00,3.00,1165.00,995.00,925.00,65.00,175.00,135.00,35.00,995.00,385.00,610.00,235.00,280.00,90.00,175.00,120.00,45.00,10.00
"9330002.04",1210.00,565.00,290.00,275.00,80.00,2.90,1210.00,1000.00,890.00,110.00,215.00,180.00,30.00,1000.00,430.00,575.00,235.00,250.00,80.00,210.00,135.00,55.00,20.00
"9330003.01",990.00,355.00,235.00,285.00,110.00,3.20,990.00,820.00,755.00,70.00,170.00,135.00,35.00,820.00,255.00,565.00,185.00,270.00,105.00,170.00,95.00,50.00,20.00
"9330003.02",1160.00,430.00,290.00,305.00,135.00,3.20,1160.00,955.00,895.00,60.00,205.00,165.00,35.00,955.00,315.00,640.00,225.00,285.00,130.00,205.00,115.00,65.00,20.00
"9330004.01",1275.00,610.00,350.00,260.00,65.00,2.80,1280.00,1055.00,930.00,125.00,225.00,180.00,45.00,1055.00,455.00,595.00,290.00,240.00,65.00,225.00,150.00,55.00,20.00
"9330004.02",1465.00,580.00,345.00,385.00,150.00,3.10,1460.00,1195.00,1095.00,100.00,265.00,225.00,45.00,1195.00,415.00,780.00,265.00,370.00,140.00,270.00,165.00,75.00,25.00
"9330005.00",1630.00,1020.00,360.00,200.00,45.00,2.60,1630.00,1300.00,945.00,350.00,330.00,290.00,40.00,1295.00,765.00,530.00,290.00,200.00,45.00,335.00,255.00,70.00,5.00
"9330006.01",1305.00,545.00,385.00,290.00,80.00,3.00,1305.00,1050.00,975.00,75.00,255.00,230.00,25.00,1050.00,375.00,670.00,315.00,280.00,80.00,255.00,170.00,75.00,15.00
"9330006.02",1440.00,635.00,410.00,325.00,75.00,2.90,1440.00,1170.00,1075.00,90.00,275.00,230.00,40.00,1165.00,440.00,720.00,340.00,310.00,75.00,275.00,190.00,70.00,20.00
"9330007.01",1550.00,680.00,405.00,360.00,105.00,2.90,1550.00,1300.00,1180.00,120.00,250.00,205.00,50.00,1295.00,515.00,780.00,335.00,345.00,100.00,250.00,165.00,70.00,20.00
"9330007.02",995.00,430.00,215.00,250.00,100.00,3.10,995.00,845.00,775.00,65.00,155.00,130.00,20.00,845.00,330.00,515.00,185.00,230.00,95.00,150.00,100.00,35.00,20.00
"9330008.01",465.00,225.00,100.00,95.00,45.00,3.00,465.00,340.00,270.00,75.00,120.00,85.00,35.00,345.00,155.00,190.00,70.00,75.00,45.00,120.00,75.00,25.00,20.00
"9330008.02",1210.00,520.00,265.00,305.00,115.00,3.00,1210.00,1060.00,990.00,70.00,150.00,130.00,25.00,1060.00,430.00,635.00,215.00,300.00,115.00,150.00,95.00,50.00,5.00
"9330009.00",1920.00,990.00,460.00,360.00,105.00,2.80,1920.00,1500.00,1325.00,175.00,420.00,360.00,60.00,1500.00,715.00,785.00,350.00,335.00,100.00,420.00,280.00,110.00,35.00
"9330010.01",1460.00,705.00,370.00,305.00,80.00,2.90,1460.00,1190.00,1095.00,95.00,275.00,240.00,35.00,1190.00,540.00,650.00,285.00,280.00,80.00,270.00,165.00,90.00,25.00
"9330010.02",1315.00,580.00,330.00,310.00,100.00,3.00,1315.00,1065.00,985.00,80.00,250.00,215.00,35.00,1065.00,420.00,645.00,260.00,290.00,100.00,250.00,155.00,70.00,20.00
"9330011.00",1800.00,810.00,400.00,435.00,150.00,3.00,1795.00,1475.00,1350.00,120.00,325.00,260.00,65.00,1475.00,600.00,875.00,310.00,415.00,150.00,325.00,210.00,85.00,25.00
"9330012.00",2130.00,930.00,495.00,560.00,150.00,3.00,2130.00,1785.00,1600.00,185.00,340.00,290.00,45.00,1790.00,700.00,1090.00,400.00,540.00,145.00,345.00,230.00,95.00,20.00
"9330013.01",1745.00,715.00,435.00,425.00,170.00,3.10,1750.00,1420.00,1295.00,120.00,325.00,275.00,55.00,1420.00,515.00,910.00,360.00,400.00,150.00,330.00,205.00,80.00,40.00
"9330013.03",1350.00,535.00,350.00,325.00,135.00,3.10,1345.00,1085.00,1015.00,75.00,265.00,225.00,40.00,1085.00,385.00,700.00,265.00,305.00,135.00,260.00,150.00,90.00,25.00
"9330013.04",1010.00,385.00,265.00,275.00,90.00,3.10,1010.00,825.00,765.00,60.00,185.00,155.00,30.00,830.00,280.00,550.00,205.00,260.00,85.00,185.00,110.00,60.00,15.00
"9330014.01",900.00,405.00,235.00,190.00,65.00,2.90,900.00,700.00,650.00,50.00,200.00,160.00,40.00,700.00,280.00,420.00,180.00,185.00,60.00,195.00,125.00,60.00,15.00
"9330014.02",1670.00,730.00,430.00,370.00,135.00,3.00,1670.00,1305.00,1215.00,95.00,365.00,305.00,60.00,1305.00,490.00,815.00,335.00,345.00,135.00,365.00,245.00,100.00,25.00
"9330015.01",1545.00,620.00,400.00,405.00,130.00,3.00,1550.00,1285.00,1205.00,80.00,265.00,200.00,65.00,1285.00,460.00,825.00,320.00,380.00,120.00,265.00,160.00,75.00,25.00
"9330015.02",1635.00,670.00,425.00,415.00,120.00,3.00,1630.00,1340.00,1245.00,90.00,295.00,245.00,50.00,1340.00,500.00,835.00,335.00,385.00,115.00,295.00,170.00,85.00,35.00
"9330016.01",1385.00,570.00,355.00,335.00,130.00,3.00,1385.00,1055.00,980.00,75.00,330.00,260.00,70.00,1055.00,380.00,675.00,255.00,300.00,120.00,330.00,185.00,100.00,45.00
"9330016.04",1960.00,860.00,550.00,400.00,155.00,2.90,1955.00,1560.00,1375.00,185.00,400.00,330.00,70.00,1560.00,595.00,960.00,450.00,365.00,145.00,400.00,260.00,105.00,35.00
"9330016.05",1220.00,550.00,285.00,300.00,80.00,2.90,1220.00,985.00,860.00,125.00,235.00,195.00,40.00,985.00,395.00,595.00,225.00,290.00,80.00,235.00,155.00,65.00,15.00
"9330016.06",1280.00,780.00,320.00,145.00,30.00,2.60,1275.00,1030.00,830.00,195.00,250.00,215.00,30.00,1030.00,585.00,440.00,275.00,140.00,30.00,250.00,195.00,50.00,5.00
"9330017.01",2070.00,905.00,580.00,435.00,150.00,2.90,2065.00,1645.00,1455.00,195.00,420.00,365.00,60.00,1645.00,655.00,995.00,440.00,410.00,145.00,420.00,255.00,140.00,35.00
"9330017.02",1715.00,720.00,455.00,405.00,130.00,3.00,1715.00,1360.00,1210.00,145.00,355.00,275.00,85.00,1355.00,485.00,870.00,360.00,385.00,130.00,360.00,230.00,95.00,30.00
"9330018.01",1915.00,825.00,515.00,435.00,135.00,3.00,1915.00,1530.00,1365.00,165.00,385.00,315.00,65.00,1530.00,580.00,950.00,410.00,410.00,130.00,385.00,245.00,105.00,35.00
"9330018.02",1850.00,765.00,470.00,480.00,130.00,3.00,1855.00,1510.00,1325.00,190.00,340.00,270.00,65.00,1515.00,540.00,970.00,390.00,460.00,130.00,340.00,225.00,80.00,30.00
"9330019.00",1285.00,620.00,310.00,290.00,65.00,2.80,1285.00,1095.00,955.00,140.00,190.00,155.00,30.00,1095.00,485.00,610.00,265.00,285.00,60.00,190.00,130.00,50.00,10.00
"9330020.00",655.00,315.00,175.00,120.00,45.00,2.90,655.00,540.00,500.00,35.00,120.00,95.00,25.00,540.00,245.00,295.00,140.00,110.00,45.00,120.00,70.00,40.00,10.00
"9330021.00",1030.00,420.00,250.00,245.00,115.00,3.10,1030.00,855.00,790.00,70.00,170.00,145.00,30.00,860.00,330.00,530.00,185.00,240.00,110.00,175.00,90.00,60.00,15.00
"9330022.00",795.00,485.00,170.00,115.00,25.00,2.60,795.00,615.00,515.00,100.00,180.00,165.00,20.00,615.00,350.00,265.00,135.00,105.00,25.00,185.00,140.00,35.00,10.00
"9330023.00",1180.00,460.00,290.00,340.00,90.00,3.10,1180.00,1010.00,965.00,45.00,175.00,150.00,25.00,1010.00,360.00,650.00,240.00,320.00,90.00,175.00,100.00,55.00,20.00
"9330024.00",1650.00,650.00,380.00,465.00,150.00,3.10,1645.00,1440.00,1370.00,75.00,210.00,185.00,20.00,1440.00,530.00,910.00,310.00,450.00,145.00,210.00,120.00,70.00,15.00
"9330025.00",2010.00,800.00,500.00,555.00,155.00,3.00,2015.00,1735.00,1585.00,150.00,280.00,230.00,50.00,1740.00,630.00,1110.00,410.00,540.00,150.00,275.00,170.00,90.00,15.00
"9330026.00",1320.00,560.00,360.00,320.00,85.00,3.00,1320.00,1090.00,1010.00,80.00,230.00,190.00,40.00,1090.00,420.00,675.00,285.00,310.00,85.00,230.00,140.00,80.00,15.00
"9330027.01",1070.00,395.00,295.00,295.00,85.00,3.10,1065.00,870.00,815.00,60.00,195.00,180.00,20.00,870.00,295.00,575.00,215.00,275.00,85.00,195.00,95.00,80.00,20.00
"9330027.02",1075.00,470.00,295.00,250.00,60.00,2.90,1075.00,810.00,770.00,40.00,265.00,240.00,25.00,810.00,290.00,520.00,220.00,240.00,55.00,265.00,180.00,75.00,10.00
"9330028.00",840.00,420.00,155.00,180.00,80.00,2.90,840.00,715.00,625.00,90.00,120.00,100.00,20.00,720.00,345.00,375.00,130.00,175.00,75.00,120.00,85.00,30.00,10.00
"9330029.00",1715.00,860.00,380.00,385.00,100.00,2.80,1715.00,1495.00,1215.00,275.00,220.00,175.00,50.00,1495.00,710.00,785.00,320.00,370.00,95.00,225.00,150.00,60.00,15.00
"9330030.00",1865.00,870.00,400.00,435.00,150.00,2.90,1865.00,1575.00,1270.00,310.00,285.00,230.00,60.00,1575.00,675.00,905.00,330.00,420.00,150.00,285.00,200.00,70.00,15.00
"9330031.01",1625.00,800.00,355.00,360.00,100.00,2.90,1620.00,1420.00,1110.00,310.00,200.00,170.00,30.00,1420.00,660.00,760.00,295.00,360.00,100.00,200.00,140.00,55.00,5.00
"9330031.02",1240.00,585.00,310.00,265.00,75.00,2.90,1235.00,1055.00,835.00,220.00,185.00,140.00,45.00,1055.00,470.00,585.00,255.00,260.00,70.00,185.00,115.00,60.00,10.00
"9330032.00",2440.00,1170.00,625.00,520.00,130.00,2.90,2440.00,2020.00,1560.00,460.00,420.00,330.00,90.00,2020.00,885.00,1135.00,515.00,500.00,130.00,420.00,285.00,110.00,25.00
"9330033.01",1420.00,650.00,365.00,310.00,95.00,2.90,1420.00,1195.00,995.00,205.00,225.00,170.00,60.00,1195.00,500.00,695.00,300.00,295.00,95.00,230.00,150.00,65.00,15.00
"9330033.02",830.00,330.00,195.00,220.00,85.00,3.10,830.00,670.00,600.00,75.00,160.00,140.00,25.00,670.00,230.00,445.00,160.00,205.00,75.00,160.00,105.00,40.00,15.00
"9330034.01",1395.00,605.00,370.00,330.00,85.00,2.90,1395.00,1095.00,970.00,125.00,300.00,240.00,55.00,1095.00,425.00,675.00,270.00,315.00,85.00,295.00,180.00,100.00,20.00
"9330034.02",1900.00,865.00,470.00,430.00,125.00,2.90,1895.00,1520.00,1280.00,240.00,380.00,305.00,75.00,1515.00,625.00,895.00,370.00,405.00,120.00,380.00,245.00,105.00,30.00
"9330035.01",1155.00,540.00,280.00,260.00,75.00,2.90,1155.00,915.00,790.00,125.00,240.00,190.00,50.00,915.00,380.00,535.00,220.00,245.00,70.00,240.00,160.00,60.00,15.00
"9330035.02",1870.00,860.00,500.00,410.00,100.00,2.90,1870.00,1445.00,1255.00,190.00,425.00,345.00,80.00,1445.00,595.00,850.00,375.00,375.00,95.00,425.00,260.00,125.00,35.00
"9330036.01",1685.00,750.00,420.00,395.00,125.00,2.90,1685.00,1350.00,1230.00,120.00,330.00,270.00,70.00,1355.00,525.00,830.00,330.00,380.00,125.00,335.00,225.00,90.00,20.00
"9330036.02",1705.00,760.00,430.00,410.00,110.00,3.00,1705.00,1405.00,1265.00,140.00,295.00,235.00,60.00,1410.00,570.00,835.00,350.00,385.00,110.00,300.00,185.00,80.00,30.00
"9330037.01",1175.00,595.00,250.00,265.00,60.00,2.80,1175.00,1000.00,715.00,285.00,175.00,150.00,30.00,1000.00,475.00,520.00,205.00,255.00,60.00,175.00,120.00,45.00,10.00
"9330037.02",830.00,425.00,200.00,165.00,30.00,2.80,830.00,705.00,475.00,230.00,125.00,100.00,30.00,705.00,350.00,355.00,160.00,160.00,35.00,125.00,80.00,40.00,10.00
"9330038.00",1365.00,920.00,255.00,160.00,30.00,2.50,1365.00,1220.00,720.00,500.00,145.00,115.00,35.00,1220.00,810.00,410.00,230.00,150.00,30.00,145.00,115.00,25.00,10.00
"9330039.01",1450.00,1020.00,260.00,150.00,25.00,2.40,1455.00,1310.00,775.00,535.00,140.00,120.00,20.00,1310.00,915.00,400.00,225.00,150.00,25.00,140.00,105.00,35.00,5.00
"9330039.02",1430.00,935.00,295.00,180.00,25.00,2.50,1430.00,1220.00,870.00,355.00,210.00,180.00,25.00,1220.00,770.00,455.00,250.00,175.00,25.00,205.00,160.00,40.00,5.00
"9330040.01",810.00,665.00,110.00,30.00,5.00,2.20,805.00,730.00,395.00,340.00,80.00,60.00,15.00,730.00,595.00,135.00,100.00,35.00,0.00,75.00,65.00,10.00,0.00
"9330040.02",1015.00,810.00,140.00,60.00,5.00,2.30,1010.00,900.00,500.00,395.00,115.00,85.00,25.00,900.00,720.00,180.00,115.00,60.00,5.00,115.00,90.00,25.00,5.00
"9330041.01",1020.00,840.00,120.00,50.00,5.00,2.20,1020.00,920.00,530.00,390.00,100.00,80.00,20.00,920.00,755.00,165.00,105.00,50.00,5.00,100.00,80.00,20.00,0.00
"9330041.02",1950.00,1190.00,440.00,275.00,40.00,2.60,1950.00,1655.00,1275.00,380.00,295.00,250.00,45.00,1660.00,970.00,685.00,380.00,265.00,40.00,295.00,225.00,60.00,10.00
"9330042.00",1685.00,805.00,380.00,390.00,105.00,2.90,1690.00,1445.00,1175.00,270.00,245.00,200.00,45.00,1445.00,640.00,805.00,325.00,390.00,95.00,240.00,170.00,60.00,10.00
"9330043.01",1035.00,475.00,255.00,240.00,65.00,2.90,1040.00,870.00,745.00,120.00,170.00,140.00,30.00,870.00,365.00,505.00,205.00,235.00,65.00,170.00,110.00,55.00,10.00
"9330043.02",1225.00,545.00,280.00,305.00,100.00,3.00,1225.00,1030.00,930.00,100.00,200.00,175.00,25.00,1030.00,420.00,610.00,220.00,290.00,100.00,200.00,125.00,65.00,15.00
"9330044.00",1285.00,730.00,240.00,230.00,85.00,2.80,1285.00,1120.00,940.00,180.00,165.00,135.00,35.00,1120.00,620.00,500.00,195.00,225.00,80.00,165.00,110.00,45.00,10.00
"9330045.01",1280.00,850.00,215.00,195.00,25.00,2.50,1285.00,1140.00,795.00,345.00,140.00,105.00,30.00,1145.00,740.00,400.00,190.00,185.00,25.00,140.00,110.00,20.00,5.00
"9330045.02",1485.00,860.00,320.00,255.00,50.00,2.70,1485.00,1335.00,915.00,420.00,155.00,130.00,25.00,1335.00,755.00,580.00,280.00,250.00,50.00,150.00,105.00,40.00,0.00
"9330046.00",1195.00,860.00,210.00,105.00,20.00,2.40,1195.00,1040.00,625.00,415.00,150.00,120.00,30.00,1045.00,750.00,290.00,175.00,100.00,15.00,150.00,110.00,40.00,5.00
"9330047.01",845.00,700.00,110.00,40.00,0.00,2.20,845.00,775.00,425.00,355.00,70.00,55.00,15.00,780.00,645.00,135.00,85.00,45.00,0.00,70.00,50.00,15.00,0.00
"9330047.02",910.00,745.00,110.00,45.00,10.00,2.30,910.00,830.00,385.00,445.00,80.00,65.00,15.00,835.00,670.00,155.00,105.00,50.00,10.00,75.00,70.00,5.00,0.00
"9330048.00",1960.00,1440.00,335.00,165.00,20.00,2.40,1960.00,1755.00,1115.00,640.00,210.00,170.00,35.00,1750.00,1280.00,470.00,290.00,160.00,15.00,210.00,160.00,50.00,5.00
"9330049.01",3925.00,2895.00,700.00,300.00,35.00,2.40,3930.00,3595.00,2340.00,1250.00,335.00,280.00,60.00,3595.00,2630.00,965.00,635.00,295.00,35.00,335.00,265.00,65.00,5.00
"9330049.02",1680.00,1145.00,325.00,185.00,25.00,2.50,1680.00,1430.00,1115.00,315.00,245.00,195.00,55.00,1430.00,945.00,485.00,275.00,180.00,30.00,245.00,200.00,45.00,5.00
"9330050.02",1435.00,970.00,270.00,170.00,30.00,2.50,1435.00,1155.00,690.00,465.00,280.00,225.00,50.00,1155.00,770.00,385.00,210.00,155.00,25.00,280.00,200.00,60.00,20.00
"9330050.03",1420.00,1080.00,230.00,100.00,10.00,2.30,1420.00,1275.00,675.00,600.00,145.00,120.00,25.00,1275.00,965.00,305.00,200.00,100.00,10.00,145.00,110.00,30.00,5.00
"9330050.04",670.00,445.00,140.00,75.00,15.00,2.50,675.00,560.00,330.00,230.00,110.00,95.00,15.00,555.00,370.00,195.00,110.00,70.00,15.00,115.00,80.00,30.00,5.00
"9330051.01",885.00,410.00,220.00,205.00,50.00,2.90,885.00,760.00,605.00,160.00,120.00,95.00,25.00,765.00,340.00,425.00,175.00,195.00,50.00,125.00,70.00,45.00,5.00
"9330051.02",1245.00,580.00,315.00,270.00,70.00,2.90,1245.00,985.00,840.00,145.00,255.00,205.00,50.00,990.00,415.00,575.00,250.00,250.00,70.00,255.00,170.00,65.00,20.00
"9330052.01",1590.00,720.00,415.00,345.00,115.00,2.90,1595.00,1220.00,1065.00,150.00,375.00,290.00,90.00,1220.00,505.00,710.00,300.00,310.00,105.00,375.00,215.00,115.00,50.00
"9330052.02",1700.00,740.00,465.00,400.00,100.00,2.90,1700.00,1380.00,1190.00,190.00,320.00,250.00,70.00,1380.00,550.00,830.00,360.00,375.00,95.00,320.00,190.00,100.00,30.00
"9330053.01",1755.00,825.00,460.00,360.00,115.00,2.90,1750.00,1435.00,1165.00,270.00,315.00,250.00,65.00,1435.00,630.00,800.00,365.00,335.00,105.00,315.00,190.00,90.00,30.00
"9330053.02",945.00,495.00,210.00,195.00,50.00,2.80,945.00,795.00,660.00,135.00,150.00,105.00,45.00,795.00,390.00,400.00,170.00,180.00,50.00,150.00,100.00,35.00,15.00
"9330054.01",1090.00,585.00,270.00,200.00,45.00,2.70,1090.00,915.00,655.00,255.00,175.00,135.00,40.00,910.00,460.00,450.00,220.00,190.00,40.00,180.00,125.00,50.00,10.00
"9330054.02",1265.00,575.00,315.00,290.00,85.00,2.90,1270.00,1060.00,895.00,165.00,205.00,165.00,40.00,1060.00,430.00,625.00,260.00,280.00,80.00,210.00,145.00,55.00,10.00
"9330055.01",1310.00,760.00,280.00,215.00,50.00,2.70,1305.00,1040.00,670.00,370.00,270.00,220.00,45.00,1040.00,575.00,465.00,220.00,200.00,45.00,265.00,185.00,65.00,15.00
"9330055.02",1045.00,705.00,190.00,115.00,35.00,2.50,1050.00,860.00,505.00,350.00,190.00,140.00,50.00,860.00,560.00,300.00,160.00,105.00,30.00,190.00,145.00,30.00,10.00
"9330056.01",925.00,625.00,185.00,85.00,30.00,2.50,930.00,705.00,350.00,350.00,225.00,185.00,35.00,700.00,470.00,230.00,130.00,70.00,25.00,225.00,150.00,55.00,25.00
"9330056.02",1115.00,695.00,230.00,150.00,35.00,2.60,1115.00,925.00,530.00,400.00,185.00,155.00,30.00,925.00,560.00,365.00,195.00,145.00,25.00,190.00,135.00,35.00,15.00
"9330057.01",585.00,370.00,95.00,75.00,45.00,2.70,585.00,420.00,315.00,115.00,165.00,130.00,35.00,425.00,275.00,150.00,60.00,60.00,30.00,160.00,95.00,35.00,25.00
"9330057.02",1060.00,625.00,225.00,150.00,60.00,2.70,1060.00,815.00,580.00,235.00,245.00,205.00,40.00,815.00,475.00,345.00,170.00,125.00,50.00,240.00,150.00,60.00,35.00
"9330058.00",345.00,260.00,40.00,25.00,20.00,2.50,340.00,235.00,145.00,95.00,105.00,95.00,10.00,235.00,180.00,50.00,25.00,20.00,10.00,110.00,80.00,20.00,10.00
"9330059.06",935.00,775.00,110.00,45.00,10.00,2.20,935.00,835.00,420.00,410.00,105.00,85.00,15.00,835.00,690.00,145.00,95.00,45.00,5.00,100.00,85.00,15.00,0.00
"9330059.07",1505.00,1105.00,260.00,130.00,10.00,2.40,1510.00,1370.00,1050.00,320.00,140.00,120.00,20.00,1370.00,1000.00,370.00,230.00,130.00,15.00,140.00,110.00,25.00,5.00
"9330059.08",2005.00,1255.00,440.00,255.00,60.00,2.60,2000.00,1705.00,1385.00,315.00,300.00,260.00,45.00,1700.00,1030.00,665.00,375.00,245.00,55.00,300.00,220.00,70.00,15.00
"9330059.09",1370.00,1140.00,165.00,50.00,10.00,2.20,1370.00,1250.00,725.00,525.00,115.00,100.00,20.00,1250.00,1035.00,215.00,155.00,50.00,5.00,120.00,105.00,10.00,0.00
"9330059.1",1285.00,1025.00,185.00,65.00,5.00,2.30,1280.00,1170.00,680.00,485.00,115.00,90.00,25.00,1170.00,935.00,235.00,165.00,60.00,5.00,115.00,90.00,25.00,0.00
"9330059.11",1515.00,1220.00,225.00,65.00,5.00,2.20,1515.00,1390.00,870.00,520.00,125.00,105.00,20.00,1390.00,1125.00,265.00,200.00,60.00,5.00,125.00,95.00,25.00,5.00
"9330059.13",1110.00,875.00,185.00,50.00,5.00,2.30,1115.00,1020.00,625.00,395.00,95.00,75.00,20.00,1020.00,795.00,230.00,175.00,45.00,5.00,95.00,80.00,15.00,5.00
"9330059.14",2355.00,1710.00,430.00,185.00,40.00,2.40,2360.00,2075.00,1425.00,645.00,285.00,240.00,50.00,2070.00,1500.00,575.00,370.00,165.00,35.00,285.00,205.00,60.00,15.00
"9330060.01",710.00,615.00,70.00,15.00,5.00,2.20,710.00,645.00,315.00,330.00,65.00,55.00,15.00,645.00,560.00,85.00,60.00,20.00,5.00,65.00,55.00,10.00,5.00
"9330060.02",1260.00,1060.00,140.00,55.00,10.00,2.20,1265.00,1175.00,615.00,560.00,90.00,65.00,20.00,1170.00,990.00,185.00,120.00,55.00,10.00,90.00,70.00,15.00,0.00
"9330061.00",1125.00,975.00,105.00,45.00,5.00,2.20,1130.00,1045.00,545.00,495.00,80.00,70.00,15.00,1045.00,905.00,145.00,95.00,40.00,0.00,85.00,75.00,10.00,5.00
"9330062.00",820.00,710.00,80.00,30.00,0.00,2.20,820.00,750.00,465.00,290.00,65.00,55.00,15.00,755.00,650.00,105.00,75.00,30.00,0.00,65.00,55.00,5.00,0.00
"9330063.00",865.00,690.00,120.00,50.00,5.00,2.30,865.00,765.00,415.00,350.00,100.00,80.00,15.00,765.00,610.00,155.00,100.00,50.00,5.00,100.00,80.00,15.00,0.00
"9330064.00",950.00,790.00,115.00,45.00,5.00,2.20,950.00,855.00,445.00,410.00,100.00,80.00,20.00,850.00,710.00,145.00,95.00,45.00,5.00,100.00,85.00,15.00,5.00
"9330065.00",1430.00,1155.00,195.00,70.00,10.00,2.30,1430.00,1330.00,770.00,565.00,95.00,80.00,15.00,1330.00,1070.00,260.00,185.00,65.00,10.00,95.00,80.00,15.00,5.00
"9330066.00",2335.00,1565.00,485.00,245.00,45.00,2.50,2335.00,2020.00,1585.00,440.00,315.00,260.00,60.00,2020.00,1320.00,705.00,425.00,235.00,45.00,315.00,250.00,60.00,10.00
"9330067.01",745.00,600.00,100.00,40.00,5.00,2.20,740.00,675.00,370.00,310.00,70.00,55.00,15.00,675.00,550.00,125.00,85.00,40.00,5.00,70.00,55.00,15.00,0.00
"9330067.02",1305.00,930.00,240.00,105.00,25.00,2.40,1300.00,1145.00,910.00,235.00,160.00,135.00,20.00,1145.00,790.00,355.00,225.00,105.00,25.00,160.00,135.00,15.00,5.00
"9330068.00",1100.00,925.00,125.00,40.00,15.00,2.20,1105.00,995.00,600.00,395.00,110.00,90.00,20.00,995.00,830.00,160.00,110.00,40.00,10.00,110.00,90.00,20.00,5.00
"9330069.01",2345.00,1060.00,685.00,495.00,105.00,2.90,2345.00,1935.00,1760.00,170.00,410.00,360.00,55.00,1935.00,800.00,1135.00,550.00,490.00,100.00,410.00,255.00,135.00,20.00
"9330069.02",1305.00,500.00,445.00,300.00,60.00,3.00,1305.00,970.00,880.00,85.00,340.00,300.00,40.00,970.00,285.00,680.00,335.00,285.00,65.00,340.00,215.00,105.00,15.00
"9330100.01",1100.00,505.00,255.00,285.00,55.00,2.90,1095.00,920.00,775.00,140.00,180.00,140.00,40.00,920.00,390.00,530.00,205.00,275.00,50.00,180.00,115.00,55.00,10.00
"9330100.02",2010.00,1065.00,465.00,385.00,100.00,2.80,2005.00,1680.00,1265.00,415.00,325.00,255.00,75.00,1685.00,840.00,845.00,370.00,380.00,90.00,330.00,230.00,95.00,5.00
"9330101.03",1335.00,935.00,275.00,115.00,10.00,2.40,1335.00,1150.00,820.00,330.00,190.00,160.00,30.00,1150.00,790.00,360.00,240.00,115.00,10.00,190.00,150.00,35.00,5.00
"9330101.04",1175.00,785.00,255.00,110.00,25.00,2.50,1170.00,950.00,750.00,205.00,220.00,180.00,45.00,950.00,625.00,330.00,205.00,105.00,20.00,225.00,160.00,50.00,10.00
"9330101.05",1340.00,715.00,345.00,235.00,45.00,2.70,1335.00,1105.00,900.00,210.00,230.00,190.00,40.00,1105.00,545.00,560.00,290.00,225.00,45.00,230.00,170.00,55.00,10.00
"9330101.06",1330.00,1020.00,220.00,70.00,15.00,2.30,1335.00,1085.00,805.00,280.00,245.00,210.00,35.00,1085.00,840.00,245.00,175.00,60.00,10.00,245.00,185.00,45.00,20.00
"9330102.01",155.00,65.00,45.00,35.00,15.00,3.10,155.00,100.00,50.00,50.00,60.00,40.00,15.00,100.00,25.00,75.00,35.00,30.00,10.00,60.00,35.00,15.00,5.00
"9330102.02",1820.00,795.00,530.00,410.00,95.00,2.90,1825.00,1435.00,1215.00,225.00,390.00,335.00,55.00,1440.00,555.00,885.00,400.00,390.00,90.00,385.00,245.00,125.00,20.00
"9330103.00",2070.00,1115.00,505.00,355.00,90.00,2.70,2065.00,1645.00,1360.00,290.00,420.00,340.00,85.00,1650.00,810.00,835.00,410.00,340.00,90.00,420.00,305.00,95.00,20.00
"9330104.00",2180.00,885.00,555.00,570.00,165.00,3.00,2180.00,1815.00,1580.00,230.00,370.00,305.00,60.00,1810.00,675.00,1135.00,430.00,545.00,160.00,370.00,210.00,125.00,30.00
"9330110.02",950.00,440.00,190.00,245.00,70.00,3.00,950.00,830.00,750.00,85.00,115.00,85.00,35.00,835.00,365.00,470.00,155.00,245.00,70.00,115.00,80.00,30.00,10.00
"9330110.03",950.00,470.00,190.00,240.00,60.00,2.90,950.00,860.00,745.00,115.00,90.00,75.00,20.00,860.00,410.00,450.00,165.00,230.00,50.00,90.00,55.00,25.00,10.00
"9330110.04",1255.00,460.00,315.00,370.00,105.00,3.10,1250.00,1095.00,985.00,110.00,160.00,135.00,20.00,1090.00,365.00,725.00,260.00,360.00,110.00,160.00,90.00,55.00,15.00
"9330111.02",2290.00,1030.00,505.00,600.00,160.00,3.00,2290.00,2020.00,1845.00,180.00,275.00,215.00,55.00,2020.00,880.00,1135.00,405.00,580.00,155.00,275.00,150.00,100.00,25.00
"9330111.04",555.00,350.00,125.00,65.00,20.00,2.60,550.00,450.00,325.00,125.00,110.00,85.00,20.00,450.00,270.00,175.00,95.00,60.00,15.00,105.00,75.00,30.00,0.00
"9330111.05",1370.00,590.00,340.00,340.00,95.00,3.00,1370.00,1130.00,955.00,175.00,240.00,195.00,45.00,1135.00,455.00,675.00,255.00,325.00,90.00,235.00,130.00,90.00,20.00
"9330111.06",30.00,25.00,0.00,0.00,5.00,2.70,30.00,15.00,10.00,10.00,20.00,15.00,5.00,15.00,10.00,5.00,0.00,0.00,5.00,15.00,10.00,0.00,0.00
"9330111.07",1235.00,570.00,320.00,275.00,75.00,2.90,1235.00,1000.00,820.00,180.00,230.00,185.00,45.00,1000.00,430.00,570.00,245.00,260.00,75.00,230.00,140.00,75.00,15.00
"9330112.00",795.00,385.00,180.00,200.00,35.00,2.90,800.00,700.00,605.00,95.00,100.00,70.00,30.00,700.00,325.00,375.00,150.00,195.00,35.00,100.00,65.00,30.00,5.00
"9330113.00",2200.00,970.00,535.00,590.00,115.00,2.90,2200.00,1855.00,1595.00,255.00,350.00,285.00,60.00,1855.00,745.00,1110.00,420.00,575.00,115.00,350.00,225.00,115.00,15.00
"9330114.01",830.00,280.00,195.00,295.00,65.00,3.20,830.00,740.00,680.00,60.00,90.00,70.00,20.00,740.00,230.00,510.00,160.00,285.00,65.00,90.00,50.00,35.00,10.00
"9330114.02",1525.00,600.00,345.00,445.00,130.00,3.10,1525.00,1345.00,1200.00,145.00,175.00,145.00,35.00,1345.00,490.00,850.00,290.00,435.00,130.00,180.00,110.00,55.00,10.00
"9330115.00",1620.00,665.00,410.00,440.00,105.00,3.00,1625.00,1415.00,1245.00,165.00,210.00,170.00,45.00,1415.00,525.00,885.00,355.00,425.00,100.00,210.00,140.00,55.00,15.00
"9330116.00",1575.00,680.00,340.00,435.00,120.00,3.00,1575.00,1395.00,1260.00,135.00,175.00,135.00,40.00,1400.00,565.00,835.00,300.00,420.00,115.00,175.00,115.00,45.00,15.00
"9330117.00",1755.00,800.00,390.00,445.00,125.00,3.00,1760.00,1555.00,1420.00,135.00,205.00,170.00,40.00,1555.00,660.00,895.00,345.00,430.00,120.00,205.00,135.00,50.00,20.00
"9330118.00",2315.00,1135.00,600.00,460.00,115.00,2.80,2315.00,1935.00,1695.00,240.00,385.00,300.00,80.00,1935.00,860.00,1070.00,510.00,440.00,115.00,380.00,270.00,85.00,25.00
"9330119.00",650.00,265.00,155.00,175.00,60.00,3.10,650.00,585.00,525.00,50.00,70.00,50.00,15.00,580.00,225.00,355.00,125.00,170.00,60.00,70.00,35.00,25.00,5.00
"9330120.00",1125.00,465.00,240.00,320.00,100.00,3.10,1125.00,995.00,940.00,60.00,125.00,100.00,25.00,1000.00,395.00,605.00,200.00,310.00,100.00,125.00,75.00,40.00,15.00
"9330121.00",1305.00,455.00,270.00,450.00,135.00,3.20,1300.00,1170.00,1095.00,70.00,135.00,105.00,30.00,1170.00,385.00,785.00,220.00,435.00,130.00,130.00,70.00,45.00,15.00
"9330122.00",1240.00,470.00,270.00,400.00,100.00,3.10,1240.00,1140.00,1065.00,75.00,105.00,75.00,25.00,1140.00,410.00,730.00,235.00,395.00,100.00,100.00,65.00,40.00,5.00
"9330130.01",1190.00,890.00,165.00,120.00,15.00,2.40,1190.00,1020.00,915.00,110.00,170.00,145.00,25.00,1025.00,775.00,255.00,120.00,115.00,15.00,170.00,120.00,45.00,5.00
"9330130.03",1250.00,750.00,265.00,200.00,35.00,2.60,1250.00,1010.00,910.00,105.00,235.00,200.00,40.00,1015.00,590.00,425.00,210.00,190.00,30.00,240.00,165.00,55.00,15.00
"9330130.04",795.00,425.00,210.00,120.00,35.00,2.70,790.00,580.00,450.00,130.00,210.00,160.00,50.00,585.00,290.00,295.00,145.00,115.00,35.00,210.00,140.00,65.00,10.00
"9330131.00",1955.00,860.00,460.00,485.00,150.00,3.00,1955.00,1660.00,1565.00,90.00,300.00,245.00,55.00,1660.00,680.00,980.00,360.00,465.00,145.00,300.00,180.00,95.00,20.00
"9330132.00",1080.00,445.00,240.00,280.00,115.00,3.10,1080.00,955.00,890.00,65.00,125.00,100.00,25.00,960.00,385.00,570.00,195.00,265.00,115.00,125.00,55.00,45.00,20.00
"9330133.01",1135.00,565.00,235.00,260.00,75.00,2.90,1130.00,1030.00,935.00,95.00,105.00,80.00,25.00,1030.00,505.00,530.00,200.00,250.00,75.00,105.00,60.00,30.00,10.00
"9330133.02",2000.00,990.00,425.00,425.00,160.00,2.90,2000.00,1810.00,1695.00,115.00,190.00,145.00,40.00,1810.00,880.00,925.00,360.00,415.00,155.00,190.00,105.00,65.00,15.00
"9330134.00",2270.00,1020.00,560.00,525.00,160.00,2.90,2270.00,1925.00,1845.00,80.00,345.00,285.00,60.00,1925.00,820.00,1105.00,445.00,500.00,160.00,345.00,200.00,115.00,30.00
"9330135.00",1450.00,620.00,330.00,365.00,135.00,3.00,1455.00,1230.00,1150.00,80.00,220.00,175.00,45.00,1230.00,495.00,740.00,265.00,340.00,130.00,220.00,125.00,65.00,25.00
"9330140.02",2195.00,1085.00,515.00,460.00,135.00,2.90,2195.00,1905.00,1720.00,180.00,290.00,245.00,40.00,1905.00,880.00,1025.00,445.00,445.00,135.00,290.00,200.00,70.00,20.00
"9330140.03",1180.00,520.00,260.00,245.00,155.00,3.10,1180.00,990.00,885.00,100.00,195.00,145.00,50.00,990.00,400.00,590.00,210.00,230.00,145.00,195.00,120.00,50.00,25.00
"9330140.04",1485.00,540.00,385.00,420.00,145.00,3.10,1485.00,1300.00,1215.00,90.00,180.00,145.00,40.00,1305.00,435.00,865.00,320.00,410.00,140.00,185.00,100.00,65.00,20.00
"9330141.01",2460.00,1095.00,600.00,620.00,150.00,2.90,2460.00,2020.00,1830.00,190.00,440.00,365.00,75.00,2020.00,820.00,1200.00,455.00,600.00,140.00,445.00,275.00,145.00,25.00
"9330141.02",245.00,160.00,50.00,35.00,0.00,2.50,250.00,220.00,200.00,20.00,30.00,20.00,5.00,215.00,140.00,80.00,40.00,35.00,0.00,30.00,20.00,10.00,0.00
"9330142.01",1830.00,765.00,470.00,465.00,130.00,3.00,1835.00,1565.00,1440.00,130.00,270.00,225.00,50.00,1565.00,605.00,960.00,380.00,450.00,130.00,270.00,160.00,90.00,15.00
"9330142.02",1560.00,650.00,435.00,390.00,85.00,3.00,1560.00,1300.00,1190.00,110.00,265.00,215.00,45.00,1300.00,490.00,810.00,350.00,375.00,85.00,265.00,160.00,85.00,20.00
"9330142.03",1765.00,775.00,470.00,410.00,110.00,2.90,1765.00,1460.00,1365.00,90.00,305.00,250.00,55.00,1460.00,580.00,880.00,385.00,390.00,105.00,310.00,195.00,80.00,30.00
"9330143.01",1575.00,635.00,440.00,400.00,100.00,3.00,1575.00,1390.00,1330.00,60.00,190.00,155.00,35.00,1385.00,520.00,865.00,370.00,395.00,95.00,190.00,115.00,65.00,10.00
"9330143.02",1325.00,580.00,360.00,295.00,95.00,2.90,1325.00,1075.00,1015.00,60.00,245.00,205.00,40.00,1075.00,430.00,640.00,285.00,270.00,80.00,250.00,145.00,70.00,30.00
"9330143.03",1395.00,590.00,380.00,320.00,100.00,3.00,1395.00,1145.00,1090.00,55.00,250.00,215.00,30.00,1145.00,455.00,695.00,305.00,290.00,100.00,250.00,140.00,80.00,30.00
"9330143.04",1725.00,690.00,485.00,430.00,120.00,3.00,1725.00,1490.00,1440.00,55.00,235.00,210.00,25.00,1490.00,555.00,935.00,415.00,405.00,110.00,235.00,135.00,65.00,30.00
"9330144.03",730.00,310.00,185.00,175.00,60.00,3.00,735.00,600.00,550.00,45.00,135.00,110.00,20.00,595.00,230.00,365.00,145.00,160.00,60.00,135.00,80.00,35.00,15.00
"9330144.04",1575.00,645.00,435.00,365.00,125.00,3.00,1575.00,1300.00,1180.00,115.00,280.00,220.00,60.00,1295.00,480.00,820.00,345.00,345.00,120.00,280.00,170.00,90.00,25.00
"9330144.05",860.00,365.00,250.00,190.00,50.00,2.90,860.00,700.00,665.00,40.00,155.00,130.00,25.00,705.00,270.00,430.00,200.00,185.00,50.00,150.00,95.00,50.00,10.00
"9330144.06",1585.00,635.00,445.00,380.00,125.00,3.00,1585.00,1345.00,1245.00,100.00,240.00,195.00,40.00,1345.00,485.00,860.00,380.00,360.00,125.00,235.00,150.00,65.00,20.00
"9330145.01",1320.00,535.00,395.00,305.00,85.00,3.00,1320.00,1120.00,1055.00,60.00,205.00,170.00,35.00,1120.00,400.00,715.00,335.00,295.00,85.00,210.00,135.00,55.00,10.00
"9330145.02",990.00,425.00,260.00,230.00,70.00,3.00,990.00,880.00,855.00,20.00,110.00,85.00,25.00,880.00,360.00,520.00,230.00,220.00,65.00,110.00,65.00,30.00,15.00
"9330146.00",2045.00,890.00,535.00,425.00,195.00,3.00,2050.00,1750.00,1620.00,130.00,300.00,230.00,70.00,1750.00,695.00,1055.00,450.00,415.00,195.00,300.00,200.00,80.00,20.00
"9330147.01",3310.00,1495.00,1070.00,615.00,130.00,2.80,3305.00,2725.00,2515.00,210.00,580.00,505.00,75.00,2725.00,1100.00,1625.00,915.00,590.00,120.00,580.00,395.00,155.00,30.00
"9330147.04",1595.00,865.00,445.00,230.00,60.00,2.70,1595.00,1265.00,1165.00,100.00,330.00,285.00,45.00,1270.00,630.00,635.00,370.00,215.00,55.00,330.00,235.00,80.00,20.00
"9330147.05",1370.00,685.00,410.00,225.00,55.00,2.70,1370.00,1100.00,1005.00,95.00,275.00,225.00,50.00,1095.00,475.00,625.00,350.00,215.00,55.00,275.00,210.00,55.00,10.00
"9330147.07",1605.00,955.00,435.00,170.00,45.00,2.60,1600.00,1240.00,1110.00,130.00,365.00,300.00,60.00,1235.00,680.00,560.00,355.00,160.00,45.00,365.00,275.00,80.00,10.00
"9330147.08",2250.00,1210.00,630.00,335.00,80.00,2.70,2255.00,1790.00,1570.00,220.00,465.00,395.00,75.00,1790.00,845.00,940.00,540.00,320.00,75.00,465.00,360.00,90.00,20.00
"9330147.09",1100.00,500.00,345.00,210.00,55.00,2.80,1100.00,900.00,835.00,60.00,200.00,185.00,15.00,900.00,355.00,545.00,290.00,205.00,50.00,200.00,140.00,50.00,5.00
"9330147.1",1300.00,670.00,375.00,220.00,35.00,2.70,1300.00,1045.00,965.00,80.00,255.00,220.00,35.00,1045.00,490.00,560.00,310.00,210.00,35.00,255.00,180.00,65.00,15.00
"9330148.00",3235.00,1930.00,800.00,395.00,105.00,2.60,3230.00,2615.00,2355.00,260.00,615.00,515.00,100.00,2615.00,1460.00,1160.00,680.00,385.00,95.00,615.00,470.00,125.00,20.00
"9330149.02",1420.00,610.00,360.00,350.00,100.00,3.00,1420.00,1220.00,1160.00,55.00,205.00,160.00,45.00,1215.00,485.00,735.00,300.00,340.00,95.00,205.00,130.00,60.00,15.00
"9330149.05",650.00,260.00,190.00,160.00,50.00,3.00,655.00,545.00,525.00,20.00,110.00,90.00,20.00,545.00,185.00,355.00,165.00,145.00,45.00,110.00,70.00,30.00,10.00
"9330149.06",1545.00,630.00,500.00,330.00,80.00,2.90,1550.00,1290.00,1235.00,55.00,255.00,230.00,25.00,1290.00,485.00,805.00,405.00,325.00,75.00,255.00,150.00,95.00,15.00
"9330149.07",765.00,290.00,220.00,175.00,75.00,3.10,760.00,635.00,600.00,35.00,125.00,100.00,25.00,635.00,225.00,415.00,175.00,165.00,75.00,125.00,65.00,45.00,15.00
"9330149.08",1390.00,610.00,410.00,300.00,70.00,2.90,1390.00,1165.00,1085.00,80.00,220.00,190.00,30.00,1170.00,460.00,710.00,355.00,290.00,65.00,220.00,155.00,55.00,10.00
"9330149.09",895.00,350.00,285.00,205.00,50.00,3.00,890.00,735.00,700.00,35.00,155.00,130.00,25.00,735.00,255.00,480.00,235.00,200.00,50.00,160.00,95.00,55.00,5.00
"9330150.00",235.00,100.00,65.00,55.00,20.00,3.00,235.00,200.00,170.00,25.00,40.00,30.00,10.00,195.00,75.00,120.00,45.00,55.00,20.00,40.00,20.00,20.00,0.00
"9330151.03",875.00,395.00,230.00,190.00,65.00,2.90,875.00,735.00,660.00,75.00,145.00,105.00,40.00,735.00,300.00,430.00,185.00,185.00,65.00,145.00,90.00,45.00,5.00
"9330151.05",1060.00,445.00,245.00,270.00,95.00,3.00,1055.00,905.00,855.00,50.00,155.00,115.00,35.00,905.00,350.00,550.00,195.00,260.00,100.00,150.00,90.00,50.00,15.00
"9330151.06",1535.00,580.00,430.00,385.00,140.00,3.10,1540.00,1310.00,1255.00,50.00,225.00,185.00,45.00,1310.00,450.00,860.00,350.00,370.00,135.00,230.00,130.00,80.00,15.00
"9330151.07",860.00,525.00,215.00,95.00,20.00,2.50,855.00,700.00,590.00,110.00,160.00,140.00,20.00,700.00,410.00,290.00,185.00,90.00,15.00,160.00,120.00,35.00,5.00
"9330151.08",3120.00,1415.00,940.00,600.00,165.00,2.90,3120.00,2615.00,2390.00,225.00,510.00,430.00,75.00,2615.00,1080.00,1530.00,795.00,580.00,160.00,505.00,330.00,145.00,30.00
"9330160.01",1430.00,665.00,290.00,360.00,120.00,3.00,1430.00,1320.00,1200.00,120.00,110.00,75.00,35.00,1320.00,605.00,715.00,250.00,350.00,115.00,110.00,65.00,35.00,10.00
"9330160.02",2195.00,1295.00,400.00,415.00,80.00,2.70,2195.00,1950.00,1715.00,230.00,245.00,200.00,45.00,1950.00,1135.00,815.00,325.00,405.00,80.00,245.00,165.00,70.00,10.00
"9330160.03",1660.00,790.00,340.00,405.00,120.00,2.90,1660.00,1485.00,1345.00,135.00,180.00,135.00,45.00,1485.00,685.00,800.00,290.00,390.00,120.00,180.00,110.00,50.00,15.00
"9330160.04",1185.00,720.00,240.00,165.00,60.00,2.60,1185.00,1015.00,880.00,135.00,170.00,130.00,40.00,1015.00,610.00,400.00,190.00,160.00,60.00,170.00,110.00,55.00,5.00
"9330161.02",1590.00,785.00,355.00,340.00,115.00,2.90,1590.00,1320.00,1110.00,210.00,270.00,215.00,55.00,1325.00,620.00,700.00,270.00,325.00,110.00,265.00,160.00,90.00,20.00
"9330161.03",1920.00,920.00,390.00,465.00,150.00,2.90,1920.00,1680.00,1495.00,185.00,245.00,190.00,55.00,1680.00,785.00,895.00,305.00,440.00,145.00,240.00,130.00,85.00,30.00
"9330161.05",1690.00,765.00,370.00,415.00,135.00,3.00,1690.00,1430.00,1245.00,185.00,260.00,210.00,45.00,1430.00,620.00,810.00,275.00,400.00,135.00,255.00,140.00,100.00,20.00
"9330161.06",1370.00,750.00,240.00,295.00,80.00,2.80,1370.00,1230.00,1095.00,135.00,145.00,105.00,30.00,1230.00,665.00,565.00,200.00,280.00,80.00,140.00,85.00,45.00,15.00
"9330161.07",,,,,,,,,,,,,,,,,,,,,,,
"9330161.08",240.00,150.00,50.00,35.00,15.00,2.60,240.00,210.00,175.00,35.00,30.00,30.00,0.00,210.00,125.00,80.00,40.00,30.00,10.00,25.00,25.00,5.00,0.00
"9330161.09",605.00,380.00,95.00,90.00,40.00,2.70,605.00,545.00,430.00,110.00,65.00,45.00,20.00,545.00,340.00,205.00,80.00,85.00,40.00,65.00,40.00,20.00,10.00
"9330162.01",1700.00,695.00,420.00,430.00,155.00,3.00,1700.00,1475.00,1360.00,115.00,225.00,185.00,40.00,1475.00,575.00,895.00,335.00,410.00,150.00,220.00,115.00,85.00,15.00
"9330162.02",1945.00,805.00,450.00,525.00,160.00,3.00,1940.00,1705.00,1575.00,140.00,230.00,175.00,55.00,1710.00,680.00,1025.00,365.00,505.00,155.00,235.00,120.00,80.00,25.00
"9330162.03",2105.00,805.00,465.00,585.00,245.00,3.20,2105.00,1800.00,1670.00,130.00,310.00,250.00,60.00,1795.00,640.00,1160.00,370.00,550.00,245.00,305.00,165.00,100.00,45.00
"9330162.04",1765.00,735.00,400.00,485.00,145.00,3.00,1770.00,1590.00,1485.00,110.00,175.00,120.00,55.00,1590.00,635.00,955.00,350.00,460.00,150.00,180.00,100.00,50.00,25.00
"9330163.01",1775.00,710.00,460.00,470.00,125.00,3.00,1775.00,1565.00,1425.00,135.00,215.00,155.00,60.00,1565.00,580.00,980.00,395.00,460.00,125.00,210.00,130.00,65.00,15.00
"9330163.04",1695.00,705.00,385.00,460.00,150.00,3.00,1690.00,1510.00,1330.00,175.00,185.00,140.00,45.00,1510.00,585.00,925.00,335.00,445.00,145.00,180.00,120.00,50.00,15.00
"9330163.05",1490.00,595.00,325.00,405.00,160.00,3.10,1485.00,1235.00,1135.00,95.00,255.00,200.00,55.00,1230.00,445.00,790.00,255.00,380.00,155.00,255.00,150.00,70.00,35.00
"9330163.06",1205.00,465.00,290.00,315.00,135.00,3.10,1205.00,980.00,890.00,95.00,225.00,170.00,55.00,980.00,335.00,650.00,225.00,290.00,130.00,225.00,130.00,65.00,25.00
"9330163.07",1385.00,565.00,290.00,370.00,160.00,3.10,1390.00,1175.00,1065.00,105.00,215.00,175.00,45.00,1175.00,430.00,745.00,230.00,355.00,155.00,215.00,130.00,60.00,20.00
"9330163.08",1180.00,475.00,300.00,300.00,110.00,3.10,1180.00,1000.00,885.00,110.00,175.00,130.00,50.00,1000.00,380.00,615.00,230.00,285.00,100.00,180.00,95.00,70.00,10.00
"9330170.03",985.00,825.00,105.00,40.00,10.00,2.20,985.00,860.00,750.00,110.00,125.00,105.00,20.00,860.00,720.00,140.00,90.00,40.00,15.00,125.00,110.00,15.00,0.00
"9330170.04",1515.00,940.00,275.00,225.00,75.00,2.70,1515.00,1315.00,1150.00,170.00,195.00,155.00,40.00,1315.00,805.00,515.00,220.00,220.00,70.00,195.00,135.00,55.00,10.00
"9330170.05",615.00,515.00,70.00,20.00,5.00,2.20,615.00,490.00,400.00,90.00,125.00,100.00,20.00,490.00,420.00,65.00,45.00,20.00,5.00,125.00,95.00,25.00,5.00
"9330170.07",1095.00,580.00,230.00,215.00,75.00,2.80,1095.00,895.00,775.00,125.00,195.00,155.00,40.00,900.00,450.00,450.00,175.00,200.00,75.00,195.00,130.00,50.00,15.00
"9330170.08",1140.00,745.00,190.00,160.00,40.00,2.60,1140.00,985.00,835.00,150.00,150.00,120.00,30.00,990.00,630.00,365.00,165.00,160.00,40.00,150.00,120.00,25.00,5.00
"9330180.01",2285.00,1065.00,490.00,575.00,150.00,2.90,2285.00,1995.00,1830.00,165.00,295.00,245.00,40.00,1990.00,885.00,1105.00,390.00,565.00,150.00,290.00,175.00,105.00,15.00
"9330180.03",2675.00,1320.00,600.00,560.00,195.00,2.90,2675.00,2365.00,2075.00,295.00,305.00,240.00,65.00,2370.00,1140.00,1230.00,500.00,540.00,190.00,310.00,190.00,100.00,25.00
"9330180.04",2935.00,1370.00,820.00,615.00,130.00,2.80,2940.00,2480.00,2140.00,335.00,460.00,385.00,75.00,2480.00,1100.00,1380.00,660.00,590.00,130.00,460.00,270.00,165.00,25.00
"9330181.03",1535.00,735.00,305.00,345.00,150.00,3.00,1535.00,1355.00,1220.00,140.00,175.00,145.00,30.00,1360.00,635.00,725.00,245.00,330.00,150.00,175.00,95.00,60.00,15.00
"9330181.05",2160.00,1355.00,410.00,310.00,90.00,2.60,2160.00,1800.00,1545.00,250.00,365.00,295.00,70.00,1795.00,1125.00,670.00,305.00,285.00,80.00,365.00,225.00,105.00,30.00
"9330181.07",1125.00,555.00,220.00,265.00,85.00,2.90,1130.00,1025.00,960.00,65.00,100.00,85.00,20.00,1020.00,490.00,535.00,185.00,260.00,85.00,105.00,60.00,35.00,5.00
"9330181.08",805.00,400.00,170.00,165.00,65.00,2.90,805.00,720.00,660.00,55.00,90.00,60.00,30.00,720.00,355.00,365.00,145.00,160.00,60.00,85.00,50.00,30.00,5.00
"9330181.09",1870.00,875.00,385.00,455.00,160.00,3.00,1875.00,1690.00,1600.00,95.00,180.00,155.00,25.00,1695.00,765.00,930.00,330.00,435.00,155.00,180.00,110.00,55.00,20.00
"9330181.1",1640.00,885.00,355.00,330.00,70.00,2.80,1640.00,1395.00,1305.00,90.00,245.00,200.00,45.00,1395.00,730.00,665.00,270.00,320.00,70.00,245.00,150.00,80.00,10.00
"9330181.11",750.00,530.00,125.00,70.00,20.00,2.50,750.00,550.00,480.00,70.00,195.00,160.00,40.00,550.00,385.00,170.00,80.00,65.00,25.00,200.00,150.00,50.00,5.00
"9330181.12",865.00,390.00,200.00,200.00,75.00,3.00,865.00,800.00,745.00,50.00,65.00,55.00,10.00,800.00,355.00,445.00,180.00,195.00,70.00,65.00,40.00,20.00,5.00
"9330181.13",1150.00,670.00,200.00,215.00,65.00,2.70,1150.00,1040.00,975.00,70.00,110.00,90.00,20.00,1045.00,600.00,445.00,170.00,210.00,65.00,105.00,70.00,35.00,5.00
"9330181.14",1110.00,630.00,255.00,175.00,50.00,2.70,1110.00,915.00,805.00,110.00,200.00,165.00,35.00,915.00,505.00,405.00,190.00,165.00,50.00,200.00,125.00,65.00,5.00
"9330181.15",30.00,15.00,10.00,5.00,5.00,2.80,30.00,25.00,20.00,5.00,5.00,5.00,0.00,25.00,10.00,10.00,5.00,5.00,0.00,5.00,0.00,5.00,0.00
"9330181.16",1555.00,900.00,280.00,285.00,90.00,2.70,1555.00,1390.00,1250.00,140.00,165.00,120.00,40.00,1390.00,785.00,605.00,245.00,280.00,85.00,170.00,115.00,40.00,10.00
"9330182.01",1420.00,665.00,260.00,330.00,160.00,3.00,1420.00,1290.00,1185.00,105.00,125.00,90.00,35.00,1290.00,595.00,695.00,220.00,320.00,155.00,125.00,70.00,40.00,15.00
"9330182.02",1910.00,635.00,400.00,630.00,240.00,3.30,1910.00,1670.00,1510.00,160.00,240.00,185.00,55.00,1670.00,495.00,1170.00,330.00,605.00,235.00,245.00,135.00,75.00,30.00
"9330182.03",1160.00,470.00,255.00,305.00,130.00,3.10,1155.00,1055.00,995.00,60.00,100.00,80.00,20.00,1060.00,415.00,645.00,215.00,305.00,125.00,100.00,60.00,35.00,10.00
"9330182.04",540.00,225.00,125.00,145.00,50.00,3.10,540.00,495.00,460.00,35.00,50.00,30.00,20.00,490.00,200.00,295.00,105.00,145.00,45.00,50.00,30.00,15.00,10.00
"9330182.05",2190.00,1045.00,395.00,535.00,215.00,3.00,2190.00,1970.00,1815.00,155.00,220.00,175.00,45.00,1970.00,920.00,1055.00,330.00,515.00,205.00,220.00,130.00,65.00,25.00
"9330182.06",340.00,180.00,60.00,65.00,35.00,2.90,340.00,300.00,265.00,35.00,45.00,25.00,15.00,300.00,155.00,145.00,50.00,60.00,35.00,45.00,25.00,10.00,5.00
"9330183.01",1820.00,735.00,425.00,460.00,195.00,3.10,1815.00,1555.00,1360.00,190.00,265.00,200.00,65.00,1550.00,580.00,975.00,355.00,430.00,190.00,270.00,160.00,70.00,40.00
"9330183.03",1675.00,845.00,345.00,345.00,130.00,2.90,1675.00,1380.00,1135.00,240.00,295.00,235.00,60.00,1375.00,635.00,735.00,275.00,335.00,135.00,295.00,210.00,75.00,20.00
"9330183.05",3255.00,1180.00,720.00,1015.00,335.00,3.20,3255.00,2860.00,2550.00,315.00,395.00,325.00,70.00,2860.00,965.00,1895.00,585.00,980.00,325.00,395.00,220.00,135.00,40.00
"9330183.06",720.00,385.00,165.00,135.00,35.00,2.80,720.00,585.00,475.00,105.00,140.00,110.00,30.00,585.00,295.00,290.00,130.00,125.00,40.00,140.00,95.00,30.00,10.00
"9330183.07",2085.00,1010.00,440.00,460.00,165.00,2.90,2085.00,1880.00,1720.00,160.00,210.00,150.00,55.00,1875.00,885.00,995.00,385.00,445.00,165.00,210.00,130.00,60.00,15.00
"9330183.08",2305.00,1065.00,545.00,535.00,160.00,2.90,2310.00,1915.00,1490.00,425.00,390.00,305.00,80.00,1915.00,810.00,1105.00,440.00,515.00,150.00,395.00,250.00,105.00,35.00
"9330183.09",3400.00,1370.00,895.00,825.00,315.00,3.00,3400.00,2830.00,2315.00,515.00,575.00,460.00,120.00,2825.00,1045.00,1780.00,710.00,775.00,300.00,575.00,325.00,190.00,65.00
"9330184.02",2130.00,970.00,510.00,475.00,175.00,3.00,2130.00,1685.00,1470.00,210.00,445.00,365.00,80.00,1685.00,700.00,980.00,375.00,440.00,170.00,445.00,265.00,140.00,45.00
"9330184.06",2910.00,1005.00,675.00,875.00,360.00,3.20,2915.00,2535.00,2415.00,115.00,380.00,310.00,70.00,2535.00,800.00,1730.00,550.00,830.00,345.00,375.00,205.00,120.00,55.00
"9330184.07",1525.00,735.00,330.00,320.00,145.00,3.00,1525.00,1235.00,1135.00,100.00,290.00,245.00,45.00,1235.00,550.00,680.00,255.00,295.00,135.00,290.00,175.00,70.00,35.00
"9330184.08",1550.00,535.00,395.00,450.00,170.00,3.20,1555.00,1305.00,1220.00,80.00,245.00,205.00,45.00,1305.00,395.00,910.00,315.00,435.00,165.00,250.00,140.00,80.00,25.00
"9330184.09",1325.00,465.00,330.00,365.00,170.00,3.20,1325.00,1150.00,1075.00,75.00,175.00,150.00,25.00,1145.00,370.00,785.00,275.00,345.00,160.00,175.00,95.00,55.00,20.00
"9330184.1",1425.00,515.00,310.00,400.00,195.00,3.20,1425.00,1215.00,1150.00,65.00,205.00,170.00,40.00,1210.00,405.00,810.00,240.00,380.00,190.00,205.00,115.00,70.00,25.00
"9330184.11",2640.00,980.00,560.00,790.00,315.00,3.20,2635.00,2265.00,2150.00,120.00,375.00,295.00,75.00,2270.00,770.00,1500.00,445.00,755.00,295.00,370.00,210.00,110.00,50.00
"9330184.12",2320.00,765.00,615.00,725.00,210.00,3.20,2315.00,2005.00,1845.00,155.00,315.00,260.00,55.00,2005.00,605.00,1400.00,490.00,705.00,205.00,315.00,165.00,125.00,30.00
"9330184.13",1465.00,550.00,345.00,420.00,150.00,3.10,1465.00,1300.00,1205.00,95.00,160.00,130.00,35.00,1300.00,460.00,845.00,280.00,415.00,145.00,160.00,85.00,65.00,10.00
"9330184.14",2585.00,975.00,635.00,770.00,205.00,3.10,2585.00,2230.00,1990.00,245.00,355.00,295.00,60.00,2230.00,765.00,1465.00,520.00,745.00,200.00,350.00,210.00,115.00,30.00
"9330184.15",970.00,370.00,205.00,275.00,120.00,3.20,970.00,865.00,840.00,25.00,105.00,80.00,25.00,865.00,305.00,560.00,185.00,265.00,110.00,105.00,65.00,25.00,20.00
"9330184.16",1655.00,650.00,380.00,445.00,185.00,3.10,1655.00,1420.00,1330.00,90.00,235.00,190.00,50.00,1420.00,505.00,915.00,315.00,425.00,175.00,235.00,145.00,65.00,30.00
"9330185.05",1590.00,580.00,370.00,410.00,235.00,3.20,1595.00,1255.00,1145.00,110.00,340.00,290.00,55.00,1255.00,410.00,840.00,270.00,355.00,210.00,340.00,170.00,100.00,75.00
"9330185.07",2670.00,960.00,605.00,760.00,345.00,3.20,2675.00,2360.00,2235.00,125.00,310.00,225.00,85.00,2360.00,785.00,1575.00,495.00,735.00,340.00,315.00,175.00,105.00,30.00
"9330185.08",445.00,200.00,90.00,85.00,65.00,3.10,445.00,405.00,380.00,25.00,40.00,30.00,15.00,405.00,180.00,225.00,85.00,85.00,60.00,40.00,25.00,15.00,5.00
"9330185.09",1410.00,620.00,290.00,365.00,135.00,3.00,1405.00,1185.00,1060.00,125.00,220.00,170.00,50.00,1185.00,475.00,710.00,235.00,340.00,135.00,220.00,140.00,55.00,20.00
"9330185.1",1540.00,515.00,320.00,425.00,280.00,3.40,1540.00,1325.00,1275.00,45.00,215.00,170.00,50.00,1325.00,380.00,940.00,265.00,405.00,270.00,220.00,135.00,55.00,25.00
"9330185.11",2140.00,840.00,485.00,520.00,290.00,3.20,2135.00,1780.00,1700.00,85.00,355.00,290.00,65.00,1780.00,630.00,1150.00,385.00,490.00,275.00,355.00,210.00,95.00,50.00
"9330185.12",1870.00,645.00,405.00,595.00,225.00,3.30,1870.00,1665.00,1600.00,70.00,205.00,160.00,45.00,1665.00,530.00,1135.00,345.00,575.00,220.00,205.00,115.00,70.00,30.00
"9330185.15",1620.00,625.00,365.00,445.00,190.00,3.10,1620.00,1430.00,1360.00,75.00,185.00,155.00,35.00,1430.00,515.00,920.00,310.00,430.00,180.00,185.00,115.00,55.00,20.00
"9330185.16",1330.00,460.00,300.00,400.00,170.00,3.20,1335.00,1170.00,1130.00,40.00,165.00,130.00,30.00,1170.00,360.00,810.00,255.00,385.00,165.00,160.00,100.00,45.00,15.00
"9330185.17",1110.00,605.00,220.00,225.00,65.00,2.80,1110.00,995.00,935.00,60.00,110.00,85.00,25.00,995.00,530.00,470.00,195.00,210.00,65.00,110.00,75.00,25.00,15.00
"9330185.18",1490.00,555.00,325.00,435.00,180.00,3.20,1490.00,1315.00,1250.00,60.00,180.00,150.00,30.00,1315.00,450.00,865.00,275.00,415.00,170.00,175.00,105.00,50.00,25.00
"9330185.19",1660.00,610.00,415.00,470.00,160.00,3.10,1660.00,1380.00,1275.00,105.00,275.00,235.00,40.00,1380.00,440.00,940.00,345.00,445.00,145.00,280.00,170.00,75.00,40.00
"9330185.2",1360.00,435.00,305.00,410.00,200.00,3.30,1360.00,1195.00,1150.00,40.00,165.00,135.00,30.00,1195.00,340.00,850.00,255.00,405.00,195.00,165.00,95.00,55.00,15.00
"9330185.21",1090.00,460.00,250.00,260.00,115.00,3.10,1090.00,905.00,840.00,65.00,180.00,150.00,30.00,905.00,355.00,550.00,200.00,245.00,110.00,180.00,105.00,50.00,25.00
"9330185.22",985.00,330.00,240.00,270.00,150.00,3.30,990.00,870.00,860.00,10.00,120.00,95.00,20.00,870.00,260.00,605.00,205.00,260.00,145.00,120.00,65.00,35.00,15.00
"9330186.01",2005.00,800.00,505.00,495.00,205.00,3.10,2005.00,1670.00,1505.00,165.00,330.00,245.00,90.00,1670.00,600.00,1070.00,405.00,475.00,195.00,330.00,195.00,100.00,40.00
"9330186.02",1630.00,695.00,350.00,420.00,165.00,3.10,1630.00,1340.00,1170.00,170.00,295.00,225.00,65.00,1335.00,515.00,820.00,265.00,405.00,155.00,290.00,175.00,85.00,30.00
"9330186.05",2085.00,830.00,455.00,545.00,250.00,3.10,2085.00,1735.00,1585.00,145.00,355.00,275.00,75.00,1735.00,625.00,1110.00,345.00,520.00,240.00,355.00,205.00,110.00,35.00
"9330186.06",1160.00,420.00,270.00,325.00,150.00,3.20,1160.00,985.00,950.00,40.00,175.00,140.00,35.00,990.00,315.00,670.00,215.00,310.00,145.00,170.00,100.00,50.00,20.00
"9330186.07",1570.00,555.00,340.00,460.00,215.00,3.30,1565.00,1350.00,1290.00,55.00,220.00,165.00,55.00,1345.00,435.00,910.00,285.00,430.00,205.00,220.00,120.00,60.00,40.00
"9330186.08",1825.00,685.00,435.00,485.00,220.00,3.20,1825.00,1500.00,1380.00,125.00,325.00,260.00,65.00,1500.00,500.00,1005.00,330.00,455.00,215.00,320.00,185.00,95.00,40.00
"9330187.03",2180.00,875.00,495.00,555.00,255.00,3.10,2180.00,1855.00,1725.00,125.00,325.00,240.00,80.00,1850.00,680.00,1170.00,410.00,520.00,245.00,325.00,190.00,85.00,45.00
"9330187.04",440.00,170.00,85.00,115.00,70.00,3.20,440.00,370.00,350.00,20.00,70.00,55.00,15.00,365.00,130.00,240.00,65.00,105.00,65.00,70.00,40.00,15.00,10.00
"9330187.05",2060.00,785.00,445.00,580.00,250.00,3.20,2065.00,1770.00,1690.00,75.00,290.00,235.00,60.00,1770.00,630.00,1145.00,345.00,560.00,240.00,295.00,155.00,100.00,35.00
"9330187.06",1875.00,745.00,400.00,510.00,220.00,3.10,1875.00,1625.00,1520.00,105.00,250.00,205.00,50.00,1625.00,605.00,1020.00,325.00,485.00,210.00,250.00,145.00,70.00,35.00
"9330187.07",585.00,215.00,145.00,165.00,60.00,3.10,590.00,525.00,490.00,35.00,65.00,55.00,10.00,525.00,185.00,340.00,130.00,160.00,55.00,60.00,35.00,15.00,15.00
"9330187.11",1880.00,685.00,525.00,510.00,160.00,3.10,1880.00,1585.00,1440.00,150.00,295.00,245.00,55.00,1590.00,520.00,1070.00,430.00,485.00,155.00,295.00,170.00,95.00,30.00
"9330187.12",1200.00,505.00,250.00,310.00,130.00,3.10,1200.00,1045.00,980.00,70.00,155.00,130.00,25.00,1045.00,420.00,625.00,210.00,290.00,125.00,155.00,90.00,40.00,25.00
"9330187.13",1085.00,410.00,255.00,290.00,125.00,3.20,1085.00,925.00,840.00,85.00,160.00,125.00,35.00,925.00,325.00,600.00,200.00,275.00,120.00,160.00,85.00,50.00,20.00
"9330187.14",1015.00,435.00,235.00,260.00,85.00,3.00,1015.00,875.00,800.00,70.00,145.00,125.00,20.00,870.00,345.00,530.00,195.00,250.00,80.00,145.00,95.00,40.00,10.00
"9330187.15",1115.00,430.00,270.00,300.00,110.00,3.10,1115.00,945.00,890.00,55.00,175.00,140.00,30.00,945.00,325.00,615.00,220.00,285.00,105.00,175.00,105.00,50.00,20.00
"9330187.16",880.00,300.00,230.00,245.00,105.00,3.20,880.00,755.00,715.00,45.00,120.00,105.00,15.00,755.00,240.00,520.00,185.00,230.00,105.00,120.00,60.00,40.00,15.00
"9330188.01",880.00,280.00,210.00,275.00,110.00,3.30,880.00,790.00,745.00,50.00,90.00,75.00,20.00,795.00,235.00,560.00,185.00,270.00,110.00,90.00,45.00,30.00,10.00
"9330188.02",850.00,280.00,225.00,235.00,115.00,3.20,850.00,720.00,680.00,45.00,130.00,105.00,20.00,725.00,210.00,510.00,180.00,220.00,110.00,130.00,70.00,40.00,20.00
"9330188.04",1110.00,395.00,265.00,305.00,145.00,3.20,1110.00,960.00,885.00,80.00,150.00,115.00,30.00,960.00,320.00,640.00,210.00,285.00,145.00,150.00,75.00,50.00,20.00
"9330188.05",770.00,295.00,150.00,230.00,100.00,3.20,775.00,670.00,640.00,35.00,100.00,80.00,20.00,675.00,235.00,440.00,120.00,220.00,95.00,100.00,60.00,30.00,10.00
"9330188.06",415.00,165.00,90.00,95.00,60.00,3.20,415.00,365.00,320.00,50.00,45.00,35.00,10.00,370.00,140.00,230.00,85.00,90.00,60.00,45.00,25.00,10.00,10.00
"9330188.07",1260.00,445.00,290.00,390.00,140.00,3.20,1260.00,1125.00,1085.00,45.00,140.00,105.00,35.00,1125.00,365.00,760.00,250.00,370.00,140.00,140.00,80.00,35.00,20.00
"9330188.08",1135.00,395.00,280.00,375.00,90.00,3.20,1135.00,990.00,940.00,50.00,145.00,110.00,35.00,990.00,325.00,670.00,235.00,350.00,90.00,145.00,70.00,45.00,30.00
"9330189.03",970.00,400.00,245.00,225.00,85.00,3.00,965.00,815.00,685.00,135.00,150.00,115.00,35.00,815.00,305.00,510.00,210.00,215.00,85.00,150.00,95.00,40.00,15.00
"9330189.05",2300.00,1220.00,500.00,390.00,190.00,2.80,2305.00,1870.00,1665.00,205.00,430.00,355.00,70.00,1875.00,915.00,955.00,415.00,365.00,180.00,430.00,300.00,90.00,40.00
"9330189.06",880.00,355.00,220.00,185.00,120.00,3.10,875.00,710.00,625.00,80.00,170.00,135.00,35.00,710.00,245.00,465.00,180.00,170.00,110.00,175.00,110.00,40.00,20.00
"9330189.07",955.00,415.00,255.00,180.00,105.00,3.00,950.00,745.00,650.00,100.00,205.00,170.00,40.00,745.00,290.00,460.00,195.00,165.00,95.00,205.00,125.00,60.00,25.00
"9330189.08",1865.00,825.00,460.00,330.00,250.00,3.10,1865.00,1340.00,1080.00,260.00,525.00,445.00,75.00,1340.00,500.00,840.00,325.00,285.00,230.00,525.00,325.00,135.00,65.00
"9330189.09",1295.00,505.00,345.00,315.00,130.00,3.10,1295.00,1130.00,1030.00,95.00,165.00,130.00,40.00,1130.00,410.00,720.00,285.00,305.00,125.00,165.00,95.00,60.00,10.00
"9330189.1",1965.00,760.00,525.00,485.00,200.00,3.10,1970.00,1520.00,1395.00,135.00,445.00,365.00,80.00,1520.00,495.00,1030.00,395.00,445.00,190.00,440.00,265.00,135.00,45.00
"9330190.01",2240.00,1270.00,525.00,290.00,155.00,2.70,2240.00,1760.00,1420.00,340.00,480.00,405.00,80.00,1760.00,930.00,830.00,425.00,260.00,145.00,480.00,345.00,100.00,35.00
"9330190.03",1730.00,750.00,390.00,395.00,200.00,3.10,1730.00,1345.00,1120.00,225.00,385.00,320.00,70.00,1345.00,525.00,820.00,295.00,350.00,175.00,390.00,225.00,95.00,65.00
"9330190.04",1895.00,810.00,435.00,425.00,225.00,3.10,1895.00,1575.00,1360.00,215.00,315.00,240.00,75.00,1575.00,625.00,955.00,345.00,395.00,215.00,315.00,190.00,85.00,45.00
"9330190.05",450.00,200.00,105.00,95.00,50.00,3.00,450.00,355.00,285.00,65.00,95.00,75.00,20.00,355.00,140.00,215.00,80.00,95.00,45.00,95.00,55.00,25.00,15.00
"9330191.03",1485.00,585.00,320.00,370.00,205.00,3.20,1485.00,1230.00,1115.00,115.00,250.00,195.00,60.00,1230.00,455.00,775.00,255.00,325.00,190.00,255.00,125.00,70.00,60.00
"9330191.04",1645.00,870.00,370.00,275.00,130.00,2.80,1645.00,1360.00,1075.00,285.00,285.00,245.00,40.00,1360.00,675.00,690.00,305.00,265.00,120.00,285.00,195.00,65.00,25.00
"9330191.05",1075.00,435.00,250.00,245.00,140.00,3.10,1075.00,870.00,775.00,90.00,200.00,155.00,50.00,870.00,320.00,555.00,200.00,225.00,130.00,200.00,120.00,50.00,35.00
"9330191.06",660.00,370.00,145.00,105.00,45.00,2.70,655.00,505.00,395.00,115.00,150.00,125.00,25.00,505.00,270.00,240.00,110.00,90.00,40.00,150.00,100.00,35.00,15.00
"9330191.07",930.00,560.00,200.00,125.00,40.00,2.60,930.00,700.00,505.00,200.00,230.00,190.00,40.00,705.00,405.00,295.00,150.00,110.00,40.00,230.00,155.00,50.00,25.00
"9330192.00",1065.00,475.00,255.00,220.00,115.00,3.00,1065.00,845.00,710.00,135.00,215.00,160.00,60.00,845.00,340.00,505.00,200.00,205.00,100.00,215.00,130.00,50.00,30.00
"9330200.00",2530.00,1050.00,665.00,615.00,205.00,3.00,2535.00,2235.00,1945.00,285.00,305.00,240.00,65.00,2235.00,865.00,1370.00,570.00,595.00,205.00,300.00,185.00,100.00,20.00
"9330201.00",470.00,195.00,115.00,110.00,50.00,3.00,470.00,390.00,320.00,65.00,85.00,55.00,25.00,385.00,150.00,240.00,90.00,105.00,45.00,80.00,50.00,30.00,5.00
"9330202.00",2505.00,1755.00,475.00,220.00,50.00,2.40,2505.00,2120.00,1565.00,555.00,385.00,315.00,70.00,2115.00,1445.00,675.00,415.00,210.00,50.00,380.00,310.00,65.00,10.00
"9330203.00",1345.00,570.00,310.00,370.00,95.00,3.00,1345.00,1175.00,1005.00,170.00,170.00,130.00,40.00,1175.00,460.00,715.00,265.00,355.00,90.00,170.00,110.00,45.00,15.00
"9330204.01",1170.00,750.00,250.00,135.00,40.00,2.60,1170.00,945.00,655.00,285.00,230.00,190.00,40.00,945.00,575.00,370.00,210.00,125.00,40.00,230.00,175.00,45.00,10.00
"9330204.02",1360.00,780.00,285.00,225.00,70.00,2.70,1360.00,1095.00,830.00,260.00,265.00,220.00,45.00,1090.00,595.00,500.00,220.00,205.00,65.00,270.00,180.00,65.00,25.00
"9330205.01",1025.00,645.00,225.00,120.00,35.00,2.60,1025.00,825.00,595.00,230.00,205.00,155.00,50.00,825.00,490.00,335.00,185.00,115.00,30.00,205.00,155.00,45.00,5.00
"9330205.02",1390.00,885.00,305.00,165.00,35.00,2.50,1385.00,1170.00,970.00,195.00,225.00,180.00,45.00,1165.00,720.00,445.00,260.00,155.00,35.00,220.00,170.00,45.00,10.00
"9330206.00",800.00,585.00,160.00,45.00,10.00,2.40,805.00,710.00,485.00,230.00,90.00,70.00,20.00,710.00,505.00,205.00,145.00,50.00,15.00,90.00,80.00,15.00,0.00
"9330207.00",580.00,445.00,90.00,35.00,5.00,2.30,580.00,475.00,295.00,180.00,105.00,85.00,20.00,475.00,360.00,120.00,80.00,35.00,5.00,100.00,90.00,10.00,5.00
"9330208.00",1640.00,780.00,360.00,385.00,115.00,2.90,1640.00,1410.00,1175.00,225.00,235.00,180.00,55.00,1405.00,630.00,775.00,295.00,370.00,110.00,235.00,155.00,65.00,15.00
"9330209.00",2705.00,1545.00,580.00,445.00,130.00,2.70,2705.00,2330.00,1940.00,395.00,370.00,310.00,60.00,2335.00,1290.00,1040.00,490.00,420.00,130.00,370.00,260.00,90.00,25.00
"9330210.00",1540.00,775.00,390.00,300.00,75.00,2.80,1545.00,1295.00,1000.00,295.00,250.00,195.00,55.00,1295.00,600.00,690.00,325.00,295.00,65.00,250.00,170.00,65.00,10.00
"9330220.00",365.00,150.00,105.00,95.00,20.00,3.00,370.00,320.00,285.00,30.00,55.00,40.00,10.00,315.00,120.00,195.00,90.00,90.00,20.00,50.00,30.00,15.00,5.00
"9330221.01",520.00,230.00,130.00,130.00,30.00,2.90,525.00,450.00,395.00,55.00,70.00,55.00,15.00,450.00,175.00,275.00,115.00,130.00,25.00,70.00,55.00,15.00,0.00
"9330221.03",1080.00,505.00,245.00,260.00,65.00,2.90,1075.00,920.00,840.00,80.00,160.00,125.00,40.00,915.00,405.00,510.00,200.00,250.00,60.00,160.00,105.00,45.00,15.00
"9330221.04",1430.00,625.00,380.00,315.00,115.00,3.00,1430.00,1190.00,1115.00,70.00,245.00,180.00,60.00,1185.00,480.00,710.00,300.00,300.00,105.00,245.00,145.00,75.00,25.00
"9330222.01",2140.00,935.00,615.00,460.00,135.00,2.90,2140.00,1800.00,1605.00,190.00,345.00,295.00,45.00,1800.00,720.00,1075.00,515.00,440.00,130.00,345.00,205.00,105.00,30.00
"9330222.02",1760.00,965.00,480.00,275.00,45.00,2.70,1760.00,1550.00,1380.00,175.00,210.00,180.00,30.00,1555.00,810.00,740.00,430.00,270.00,45.00,210.00,150.00,45.00,15.00
"9330223.01",2250.00,985.00,655.00,455.00,160.00,2.90,2250.00,1855.00,1610.00,245.00,395.00,340.00,55.00,1855.00,745.00,1115.00,550.00,415.00,150.00,390.00,240.00,100.00,50.00
"9330223.02",1260.00,490.00,335.00,285.00,145.00,3.10,1260.00,1015.00,855.00,165.00,245.00,210.00,35.00,1015.00,355.00,660.00,260.00,260.00,140.00,245.00,135.00,75.00,35.00
"9330224.01",1700.00,950.00,435.00,240.00,75.00,2.70,1705.00,1385.00,1175.00,210.00,315.00,265.00,45.00,1385.00,725.00,670.00,370.00,230.00,70.00,310.00,230.00,65.00,25.00
"9330224.02",1160.00,575.00,280.00,215.00,85.00,2.90,1160.00,960.00,830.00,135.00,200.00,160.00,40.00,965.00,450.00,515.00,225.00,205.00,85.00,200.00,130.00,55.00,15.00
"9330225.01",1675.00,695.00,455.00,390.00,145.00,3.00,1670.00,1435.00,1335.00,105.00,235.00,195.00,40.00,1440.00,550.00,890.00,375.00,375.00,135.00,235.00,145.00,75.00,15.00
"9330225.02",1715.00,900.00,475.00,290.00,50.00,2.70,1720.00,1410.00,1205.00,210.00,310.00,265.00,45.00,1410.00,690.00,715.00,395.00,275.00,50.00,310.00,210.00,85.00,15.00
"9330226.02",1085.00,520.00,260.00,250.00,55.00,2.90,1085.00,925.00,835.00,85.00,160.00,135.00,30.00,925.00,405.00,515.00,225.00,235.00,55.00,165.00,115.00,35.00,10.00
"9330226.03",2080.00,1245.00,545.00,250.00,45.00,2.60,2080.00,1690.00,1475.00,215.00,390.00,330.00,55.00,1695.00,940.00,750.00,465.00,245.00,45.00,390.00,305.00,75.00,10.00
"9330226.04",660.00,335.00,175.00,120.00,25.00,2.70,655.00,540.00,455.00,85.00,115.00,105.00,15.00,540.00,245.00,295.00,155.00,120.00,20.00,120.00,90.00,20.00,5.00
"9330227.01",1355.00,780.00,345.00,175.00,55.00,2.60,1355.00,1075.00,860.00,215.00,280.00,245.00,30.00,1075.00,575.00,500.00,290.00,170.00,50.00,280.00,210.00,55.00,20.00
"9330227.02",1445.00,920.00,360.00,155.00,15.00,2.50,1445.00,1180.00,995.00,185.00,265.00,230.00,35.00,1180.00,710.00,475.00,315.00,145.00,15.00,260.00,215.00,40.00,5.00
"9330228.02",1055.00,445.00,245.00,275.00,85.00,3.00,1050.00,880.00,815.00,65.00,170.00,130.00,40.00,880.00,335.00,550.00,195.00,265.00,85.00,170.00,110.00,50.00,10.00
"9330228.03",1235.00,690.00,360.00,160.00,25.00,2.60,1235.00,1030.00,870.00,165.00,200.00,175.00,30.00,1030.00,545.00,480.00,305.00,155.00,20.00,200.00,140.00,50.00,5.00
"9330228.04",1520.00,800.00,395.00,265.00,65.00,2.70,1520.00,1190.00,1030.00,160.00,330.00,285.00,45.00,1190.00,565.00,620.00,320.00,245.00,60.00,330.00,235.00,75.00,20.00
"9330229.00",1930.00,960.00,430.00,410.00,125.00,2.90,1930.00,1615.00,1440.00,170.00,315.00,250.00,65.00,1615.00,765.00,850.00,350.00,380.00,120.00,315.00,200.00,80.00,35.00
"9330230.01",1605.00,725.00,365.00,385.00,125.00,3.00,1600.00,1385.00,1260.00,125.00,215.00,185.00,30.00,1385.00,585.00,800.00,305.00,375.00,120.00,215.00,140.00,60.00,15.00
"9330230.02",1305.00,535.00,370.00,300.00,105.00,3.00,1305.00,1100.00,1005.00,100.00,205.00,175.00,35.00,1100.00,410.00,695.00,300.00,290.00,100.00,210.00,120.00,65.00,15.00
"9330231.00",1195.00,530.00,280.00,290.00,95.00,3.00,1195.00,1035.00,975.00,60.00,160.00,130.00,30.00,1035.00,420.00,610.00,235.00,285.00,95.00,160.00,105.00,50.00,5.00
"9330232.00",920.00,395.00,210.00,230.00,85.00,3.00,920.00,800.00,740.00,55.00,120.00,90.00,30.00,800.00,320.00,480.00,185.00,220.00,75.00,120.00,75.00,25.00,15.00
"9330233.00",2080.00,890.00,520.00,515.00,160.00,3.00,2080.00,1730.00,1575.00,160.00,350.00,280.00,70.00,1730.00,670.00,1060.00,420.00,485.00,160.00,350.00,225.00,95.00,35.00
"9330234.00",1990.00,760.00,500.00,525.00,210.00,3.10,1990.00,1625.00,1505.00,120.00,360.00,305.00,55.00,1630.00,565.00,1065.00,390.00,485.00,195.00,360.00,200.00,110.00,55.00
"9330235.02",1345.00,545.00,380.00,340.00,75.00,3.00,1345.00,1115.00,955.00,160.00,230.00,185.00,45.00,1115.00,390.00,725.00,320.00,335.00,80.00,230.00,155.00,60.00,10.00
"9330235.03",995.00,635.00,235.00,110.00,15.00,2.50,995.00,815.00,655.00,165.00,185.00,150.00,30.00,815.00,505.00,310.00,195.00,105.00,15.00,185.00,130.00,45.00,10.00
"9330235.04",1810.00,970.00,480.00,290.00,70.00,2.70,1805.00,1490.00,1215.00,275.00,320.00,275.00,40.00,1490.00,745.00,745.00,400.00,280.00,70.00,320.00,225.00,80.00,10.00
"9330236.00",1070.00,470.00,245.00,250.00,95.00,3.00,1065.00,955.00,910.00,40.00,110.00,90.00,25.00,950.00,410.00,540.00,205.00,245.00,95.00,115.00,60.00,40.00,10.00
"9330237.00",2150.00,935.00,555.00,525.00,135.00,2.90,2150.00,1790.00,1610.00,185.00,355.00,290.00,70.00,1795.00,710.00,1085.00,455.00,500.00,125.00,360.00,225.00,100.00,30.00
"9330238.01",1025.00,455.00,255.00,255.00,60.00,2.90,1025.00,885.00,810.00,80.00,135.00,110.00,25.00,885.00,375.00,515.00,215.00,235.00,60.00,135.00,75.00,45.00,20.00
"9330238.02",1935.00,810.00,470.00,490.00,165.00,3.00,1935.00,1640.00,1485.00,160.00,290.00,225.00,65.00,1640.00,625.00,1020.00,390.00,475.00,160.00,295.00,190.00,75.00,25.00
"9330239.01",1630.00,740.00,395.00,375.00,125.00,2.90,1630.00,1410.00,1280.00,125.00,220.00,175.00,50.00,1410.00,600.00,810.00,325.00,360.00,120.00,225.00,135.00,70.00,15.00
"9330239.02",1460.00,875.00,380.00,175.00,30.00,2.60,1465.00,1230.00,910.00,315.00,235.00,200.00,35.00,1230.00,715.00,515.00,310.00,170.00,25.00,235.00,165.00,65.00,5.00
"9330240.01",2515.00,1530.00,585.00,330.00,70.00,2.60,2515.00,2130.00,1750.00,385.00,385.00,315.00,75.00,2130.00,1255.00,880.00,490.00,320.00,70.00,385.00,275.00,95.00,15.00
"9330240.02",1515.00,730.00,380.00,325.00,85.00,2.90,1515.00,1255.00,1095.00,155.00,265.00,225.00,40.00,1250.00,540.00,715.00,320.00,315.00,80.00,265.00,190.00,60.00,15.00
"9330241.00",2040.00,990.00,485.00,440.00,120.00,2.90,2040.00,1735.00,1495.00,240.00,305.00,245.00,60.00,1735.00,795.00,935.00,395.00,425.00,125.00,305.00,195.00,90.00,25.00
"9330242.00",2035.00,955.00,525.00,465.00,100.00,2.90,2040.00,1725.00,1485.00,240.00,310.00,240.00,70.00,1730.00,740.00,980.00,435.00,450.00,95.00,310.00,210.00,90.00,15.00
"9330243.01",1665.00,750.00,410.00,395.00,110.00,2.90,1665.00,1420.00,1300.00,115.00,250.00,200.00,45.00,1420.00,585.00,830.00,345.00,385.00,105.00,250.00,165.00,70.00,15.00
"9330243.02",2320.00,1000.00,625.00,555.00,140.00,2.90,2320.00,1920.00,1625.00,290.00,400.00,335.00,60.00,1920.00,760.00,1160.00,490.00,535.00,130.00,395.00,245.00,135.00,20.00
"9330250.01",1145.00,635.00,205.00,240.00,65.00,2.80,1140.00,1035.00,855.00,175.00,110.00,80.00,30.00,1035.00,565.00,470.00,175.00,230.00,60.00,110.00,65.00,35.00,10.00
"9330250.02",1330.00,650.00,245.00,310.00,125.00,2.90,1330.00,1230.00,1085.00,145.00,100.00,85.00,15.00,1230.00,590.00,640.00,215.00,300.00,125.00,100.00,60.00,35.00,5.00
"9330251.01",,,,,,,,,,,,,,,,,,,,,,,
"9330251.02",40.00,15.00,10.00,10.00,0.00,3.10,35.00,35.00,25.00,10.00,5.00,5.00,0.00,30.00,15.00,15.00,10.00,10.00,0.00,5.00,5.00,5.00,0.00
"9330260.04",1120.00,445.00,300.00,280.00,95.00,3.10,1120.00,945.00,805.00,145.00,175.00,145.00,35.00,945.00,350.00,595.00,230.00,270.00,95.00,175.00,95.00,70.00,15.00
"9330260.05",1185.00,475.00,300.00,325.00,85.00,3.00,1185.00,990.00,880.00,110.00,195.00,155.00,45.00,990.00,360.00,635.00,235.00,310.00,85.00,195.00,115.00,65.00,15.00
"9330260.06",1235.00,555.00,280.00,310.00,90.00,3.00,1235.00,1125.00,1025.00,100.00,105.00,85.00,20.00,1125.00,505.00,620.00,230.00,300.00,95.00,105.00,45.00,55.00,10.00
"9330260.07",1480.00,780.00,330.00,305.00,60.00,2.80,1480.00,1220.00,1035.00,190.00,260.00,210.00,45.00,1225.00,620.00,605.00,265.00,280.00,60.00,260.00,165.00,75.00,25.00
"9330260.08",2195.00,685.00,555.00,765.00,190.00,3.20,2195.00,1930.00,1810.00,115.00,265.00,215.00,45.00,1930.00,555.00,1380.00,440.00,745.00,190.00,265.00,130.00,115.00,20.00
"9330260.1",1235.00,765.00,300.00,155.00,25.00,2.50,1235.00,1030.00,820.00,215.00,200.00,160.00,40.00,1035.00,620.00,420.00,250.00,150.00,20.00,200.00,145.00,50.00,0.00
"9330260.11",65.00,35.00,15.00,10.00,0.00,2.50,60.00,55.00,50.00,10.00,0.00,5.00,5.00,60.00,35.00,25.00,15.00,10.00,0.00,5.00,0.00,5.00,0.00
"9330260.12",1405.00,725.00,345.00,250.00,85.00,2.80,1405.00,1145.00,890.00,260.00,255.00,205.00,50.00,1150.00,560.00,590.00,270.00,240.00,85.00,255.00,165.00,75.00,20.00
"9330270.00",,,,,,,,,,,,,,,,,,,,,,,
"9330280.01",10.00,5.00,0.00,5.00,0.00,4.50,15.00,10.00,0.00,5.00,0.00,0.00,0.00,10.00,0.00,5.00,0.00,5.00,5.00,0.00,0.00,0.00,0.00
"9330280.02",1010.00,435.00,245.00,260.00,70.00,3.00,1010.00,890.00,830.00,60.00,120.00,100.00,25.00,890.00,360.00,530.00,210.00,245.00,70.00,120.00,75.00,35.00,10.00
"9330281.01",1890.00,820.00,460.00,480.00,135.00,3.00,1895.00,1655.00,1495.00,160.00,235.00,180.00,55.00,1655.00,690.00,965.00,380.00,460.00,130.00,240.00,130.00,85.00,25.00
"9330281.02",1805.00,845.00,440.00,395.00,130.00,2.90,1805.00,1525.00,1320.00,205.00,280.00,200.00,75.00,1530.00,660.00,865.00,375.00,370.00,125.00,280.00,180.00,70.00,30.00
"9330282.01",1200.00,565.00,305.00,255.00,75.00,2.90,1200.00,990.00,845.00,150.00,205.00,160.00,50.00,995.00,415.00,570.00,255.00,245.00,70.00,205.00,145.00,50.00,15.00
"9330282.02",1255.00,610.00,330.00,240.00,65.00,2.80,1250.00,985.00,810.00,175.00,265.00,225.00,40.00,985.00,445.00,540.00,260.00,220.00,65.00,265.00,170.00,70.00,25.00
"9330283.00",2010.00,975.00,495.00,450.00,85.00,2.80,2010.00,1665.00,1460.00,205.00,345.00,285.00,55.00,1670.00,735.00,935.00,420.00,435.00,85.00,345.00,245.00,80.00,25.00
"9330284.01",1990.00,955.00,475.00,410.00,155.00,2.90,1990.00,1630.00,1435.00,195.00,365.00,305.00,60.00,1630.00,720.00,915.00,380.00,385.00,145.00,365.00,240.00,95.00,30.00
"9330284.02",2215.00,1070.00,545.00,465.00,140.00,2.90,2215.00,1835.00,1600.00,235.00,385.00,305.00,80.00,1835.00,810.00,1025.00,440.00,450.00,135.00,385.00,260.00,100.00,15.00
"9330285.01",790.00,465.00,180.00,120.00,25.00,2.60,785.00,605.00,475.00,135.00,185.00,130.00,50.00,610.00,340.00,270.00,135.00,115.00,25.00,185.00,130.00,45.00,10.00
"9330285.02",1615.00,635.00,390.00,450.00,140.00,3.10,1615.00,1405.00,1290.00,115.00,210.00,165.00,50.00,1405.00,525.00,880.00,315.00,435.00,135.00,210.00,115.00,75.00,20.00
"9330286.01",1695.00,675.00,405.00,480.00,140.00,3.10,1695.00,1475.00,1365.00,105.00,225.00,165.00,55.00,1470.00,535.00,935.00,330.00,470.00,135.00,220.00,140.00,70.00,10.00
"9330286.02",2360.00,995.00,580.00,620.00,165.00,3.00,2360.00,2005.00,1750.00,250.00,360.00,290.00,70.00,2000.00,780.00,1220.00,470.00,590.00,155.00,355.00,210.00,115.00,35.00
"9330286.03",1180.00,515.00,225.00,335.00,105.00,3.00,1180.00,1065.00,955.00,110.00,115.00,80.00,35.00,1065.00,440.00,630.00,200.00,330.00,100.00,110.00,75.00,30.00,10.00
"9330287.01",2615.00,1055.00,695.00,670.00,200.00,3.00,2615.00,2160.00,1950.00,210.00,455.00,370.00,90.00,2160.00,780.00,1385.00,565.00,635.00,185.00,460.00,275.00,135.00,45.00
"9330287.02",3590.00,1185.00,1075.00,1060.00,275.00,3.10,3595.00,3255.00,2965.00,285.00,340.00,270.00,70.00,3250.00,975.00,2280.00,975.00,1035.00,270.00,340.00,210.00,100.00,35.00
"9330287.06",1225.00,530.00,345.00,275.00,85.00,2.90,1230.00,995.00,930.00,65.00,230.00,205.00,30.00,1000.00,385.00,605.00,275.00,260.00,75.00,230.00,145.00,70.00,25.00
"9330287.09",1770.00,1000.00,485.00,250.00,30.00,2.60,1765.00,1380.00,1160.00,220.00,385.00,340.00,50.00,1380.00,725.00,655.00,395.00,235.00,30.00,385.00,275.00,95.00,15.00
"9330287.1",825.00,270.00,225.00,260.00,70.00,3.20,825.00,750.00,710.00,45.00,80.00,60.00,15.00,750.00,235.00,515.00,185.00,260.00,70.00,80.00,35.00,35.00,5.00
"9330287.11",1595.00,650.00,410.00,415.00,115.00,3.00,1590.00,1375.00,1245.00,125.00,220.00,185.00,35.00,1375.00,520.00,845.00,340.00,395.00,115.00,220.00,130.00,70.00,25.00
"9330287.12",1220.00,480.00,350.00,310.00,85.00,3.00,1220.00,1050.00,970.00,80.00,170.00,145.00,25.00,1050.00,390.00,655.00,285.00,290.00,80.00,170.00,85.00,65.00,20.00
"9330287.13",2550.00,940.00,760.00,700.00,150.00,3.00,2550.00,2120.00,1950.00,175.00,430.00,365.00,65.00,2120.00,685.00,1435.00,615.00,670.00,150.00,430.00,250.00,145.00,30.00
"9330287.14",1290.00,465.00,350.00,370.00,105.00,3.10,1290.00,1145.00,1080.00,65.00,145.00,115.00,30.00,1145.00,390.00,755.00,300.00,355.00,105.00,145.00,80.00,50.00,20.00
"9330287.15",1170.00,565.00,295.00,255.00,55.00,2.80,1170.00,970.00,870.00,100.00,200.00,160.00,35.00,970.00,445.00,525.00,235.00,240.00,50.00,200.00,125.00,65.00,20.00
"9330287.16",1210.00,755.00,275.00,155.00,25.00,2.60,1210.00,980.00,870.00,110.00,230.00,190.00,40.00,980.00,585.00,395.00,215.00,150.00,25.00,230.00,165.00,60.00,5.00
"9330290.02",2310.00,1335.00,575.00,315.00,80.00,2.60,2310.00,1790.00,1350.00,445.00,515.00,420.00,95.00,1795.00,965.00,830.00,460.00,300.00,70.00,515.00,370.00,120.00,25.00
"9330290.04",2265.00,965.00,570.00,600.00,135.00,3.00,2265.00,2025.00,1855.00,165.00,245.00,190.00,55.00,2020.00,825.00,1195.00,480.00,585.00,125.00,245.00,135.00,90.00,20.00
"9330290.05",1020.00,415.00,255.00,280.00,70.00,3.00,1020.00,880.00,795.00,85.00,140.00,110.00,30.00,880.00,335.00,545.00,210.00,270.00,70.00,145.00,75.00,45.00,15.00
"9330290.06",,,,,,,,,,,,,,,,,,,,,,,
"9330290.07",1825.00,720.00,445.00,500.00,160.00,3.10,1830.00,1520.00,1330.00,190.00,305.00,230.00,75.00,1520.00,535.00,980.00,355.00,470.00,155.00,305.00,185.00,85.00,30.00
"9330291.01",2120.00,995.00,555.00,430.00,145.00,2.90,2120.00,1690.00,1400.00,280.00,430.00,340.00,90.00,1690.00,720.00,970.00,435.00,405.00,135.00,435.00,275.00,120.00,40.00
"9330291.02",2430.00,1090.00,625.00,550.00,165.00,2.90,2430.00,1960.00,1620.00,335.00,470.00,365.00,110.00,1960.00,800.00,1160.00,485.00,510.00,160.00,475.00,290.00,135.00,45.00
"9330292.01",1645.00,700.00,400.00,440.00,110.00,3.00,1645.00,1415.00,1270.00,145.00,230.00,175.00,50.00,1415.00,575.00,845.00,315.00,420.00,105.00,230.00,125.00,85.00,15.00
"9330292.03",1870.00,635.00,500.00,565.00,170.00,3.20,1870.00,1620.00,1475.00,140.00,255.00,205.00,45.00,1620.00,510.00,1110.00,400.00,555.00,160.00,255.00,125.00,105.00,25.00
"9330292.04",1485.00,650.00,400.00,350.00,85.00,2.90,1485.00,1300.00,1125.00,175.00,185.00,135.00,50.00,1300.00,535.00,760.00,345.00,335.00,80.00,185.00,110.00,50.00,20.00
"9330400.04",2100.00,735.00,510.00,615.00,240.00,3.20,2100.00,1840.00,1590.00,255.00,255.00,200.00,55.00,1840.00,605.00,1240.00,425.00,585.00,230.00,255.00,135.00,85.00,40.00
"9330400.05",2135.00,905.00,525.00,535.00,170.00,3.00,2135.00,1770.00,1505.00,265.00,365.00,275.00,85.00,1770.00,710.00,1055.00,385.00,505.00,160.00,365.00,200.00,135.00,30.00
"9330400.06",1225.00,400.00,310.00,395.00,125.00,3.20,1225.00,1070.00,935.00,135.00,155.00,125.00,30.00,1070.00,315.00,750.00,250.00,380.00,120.00,160.00,85.00,55.00,15.00
"9330400.07",,,,,,,,,,,,,,,,,,,,,,,
"9330400.08",,,,,,,,,,,,,,,,,,,,,,,
"9330400.09",1540.00,715.00,350.00,345.00,130.00,3.00,1540.00,1355.00,1135.00,220.00,185.00,125.00,60.00,1360.00,605.00,750.00,290.00,330.00,125.00,185.00,110.00,55.00,20.00
"9330401.01",785.00,460.00,150.00,130.00,35.00,2.70,780.00,630.00,475.00,150.00,150.00,115.00,35.00,630.00,350.00,280.00,120.00,125.00,35.00,155.00,105.00,30.00,10.00
"9330401.02",2125.00,1280.00,440.00,310.00,90.00,2.60,2125.00,1680.00,1305.00,380.00,445.00,350.00,90.00,1680.00,990.00,695.00,315.00,290.00,85.00,445.00,290.00,125.00,30.00
"9330402.02",1515.00,740.00,350.00,320.00,100.00,2.90,1510.00,1230.00,1020.00,215.00,280.00,210.00,70.00,1230.00,565.00,665.00,265.00,305.00,100.00,280.00,180.00,85.00,20.00
"9330402.03",1260.00,760.00,250.00,185.00,60.00,2.70,1255.00,975.00,770.00,205.00,280.00,225.00,55.00,975.00,570.00,410.00,185.00,170.00,55.00,280.00,195.00,65.00,20.00
"9330402.04",1195.00,550.00,290.00,265.00,85.00,2.90,1195.00,1010.00,830.00,175.00,185.00,140.00,45.00,1005.00,440.00,570.00,235.00,255.00,75.00,185.00,115.00,60.00,15.00
"9330403.01",1540.00,760.00,355.00,295.00,130.00,2.90,1540.00,1270.00,1025.00,245.00,270.00,215.00,60.00,1265.00,580.00,685.00,285.00,275.00,125.00,270.00,180.00,65.00,25.00
"9330403.04",1345.00,595.00,325.00,310.00,115.00,3.00,1350.00,1145.00,960.00,190.00,200.00,155.00,45.00,1145.00,465.00,680.00,265.00,305.00,115.00,205.00,130.00,65.00,10.00
"9330403.05",1395.00,655.00,300.00,315.00,125.00,3.00,1395.00,1200.00,1055.00,145.00,195.00,145.00,50.00,1200.00,525.00,675.00,250.00,305.00,120.00,195.00,125.00,55.00,10.00
"9330403.06",75.00,35.00,10.00,20.00,10.00,3.10,75.00,50.00,30.00,25.00,25.00,15.00,10.00,45.00,15.00,30.00,10.00,15.00,10.00,25.00,15.00,10.00,10.00
"9330403.07",1550.00,710.00,400.00,330.00,110.00,2.90,1555.00,1300.00,1055.00,245.00,250.00,195.00,60.00,1300.00,555.00,750.00,325.00,315.00,105.00,250.00,155.00,75.00,20.00
"9330404.01",1975.00,925.00,465.00,430.00,155.00,2.90,1975.00,1685.00,1440.00,240.00,295.00,210.00,85.00,1685.00,760.00,925.00,360.00,410.00,155.00,295.00,165.00,100.00,30.00
"9330404.02",1985.00,785.00,470.00,545.00,180.00,3.10,1985.00,1825.00,1560.00,260.00,165.00,105.00,55.00,1820.00,695.00,1125.00,410.00,540.00,180.00,165.00,95.00,65.00,10.00
"9330410.02",2130.00,1110.00,460.00,425.00,130.00,2.80,2130.00,1780.00,1500.00,280.00,350.00,285.00,65.00,1780.00,875.00,905.00,370.00,410.00,125.00,355.00,240.00,90.00,25.00
"9330410.04",435.00,290.00,60.00,55.00,30.00,2.60,435.00,380.00,325.00,60.00,55.00,35.00,20.00,385.00,250.00,135.00,55.00,50.00,30.00,55.00,45.00,5.00,5.00
"9330410.05",1525.00,755.00,345.00,320.00,110.00,2.90,1530.00,1265.00,1075.00,190.00,265.00,200.00,60.00,1265.00,580.00,685.00,275.00,310.00,105.00,260.00,175.00,70.00,15.00
"9330410.06",1465.00,605.00,390.00,370.00,100.00,3.00,1465.00,1315.00,1145.00,170.00,145.00,115.00,30.00,1320.00,515.00,800.00,345.00,360.00,100.00,145.00,85.00,55.00,10.00
"9330500.01",170.00,160.00,5.00,0.00,0.00,2.10,170.00,165.00,140.00,25.00,5.00,5.00,5.00,160.00,155.00,10.00,5.00,0.00,0.00,5.00,5.00,0.00,0.00
"9330500.02",1770.00,1040.00,290.00,290.00,150.00,2.80,1775.00,1555.00,1295.00,260.00,220.00,155.00,60.00,1555.00,890.00,665.00,245.00,275.00,145.00,220.00,145.00,45.00,20.00
"9330501.01",1025.00,560.00,195.00,170.00,100.00,2.90,1020.00,925.00,815.00,110.00,100.00,80.00,20.00,925.00,500.00,425.00,160.00,160.00,100.00,100.00,60.00,35.00,10.00
"9330501.02",1710.00,930.00,310.00,280.00,175.00,2.90,1705.00,1535.00,1345.00,195.00,165.00,105.00,60.00,1540.00,820.00,715.00,270.00,275.00,175.00,170.00,110.00,45.00,10.00
"9330501.03",985.00,445.00,210.00,225.00,105.00,3.00,985.00,875.00,760.00,115.00,115.00,80.00,35.00,875.00,385.00,490.00,170.00,215.00,105.00,115.00,60.00,35.00,10.00
"9330502.01",735.00,370.00,125.00,170.00,65.00,2.90,735.00,660.00,575.00,85.00,75.00,55.00,25.00,660.00,330.00,335.00,105.00,165.00,65.00,75.00,45.00,20.00,5.00
"9330502.02",1150.00,705.00,190.00,185.00,70.00,2.70,1150.00,1015.00,855.00,160.00,140.00,105.00,35.00,1015.00,610.00,405.00,160.00,180.00,70.00,135.00,100.00,30.00,10.00
"9330502.03",1460.00,695.00,300.00,325.00,140.00,3.00,1460.00,1290.00,1120.00,165.00,175.00,120.00,50.00,1285.00,595.00,695.00,250.00,315.00,135.00,170.00,105.00,50.00,25.00
"9330502.05",885.00,460.00,175.00,175.00,80.00,2.90,885.00,785.00,670.00,115.00,100.00,70.00,30.00,785.00,395.00,395.00,150.00,165.00,80.00,100.00,65.00,25.00,10.00
"9330502.06",885.00,405.00,160.00,210.00,110.00,3.10,880.00,800.00,735.00,60.00,85.00,70.00,10.00,800.00,350.00,450.00,135.00,205.00,110.00,85.00,50.00,25.00,5.00
"9330502.07",1665.00,935.00,305.00,280.00,140.00,2.80,1665.00,1470.00,1325.00,145.00,190.00,165.00,30.00,1465.00,805.00,665.00,260.00,265.00,140.00,195.00,130.00,45.00,15.00
"9330503.01",740.00,325.00,175.00,185.00,50.00,3.00,735.00,670.00,580.00,85.00,70.00,55.00,15.00,670.00,290.00,380.00,150.00,180.00,50.00,70.00,40.00,25.00,10.00
"9330503.03",2050.00,895.00,480.00,485.00,190.00,3.00,2050.00,1790.00,1495.00,295.00,260.00,195.00,60.00,1795.00,745.00,1050.00,395.00,470.00,185.00,260.00,150.00,85.00,25.00
"9330503.06",1170.00,740.00,235.00,135.00,65.00,2.60,1175.00,875.00,635.00,240.00,295.00,265.00,35.00,875.00,530.00,345.00,170.00,120.00,60.00,295.00,210.00,65.00,20.00
"9330503.07",960.00,645.00,185.00,70.00,55.00,2.60,960.00,680.00,515.00,170.00,285.00,240.00,45.00,680.00,455.00,225.00,110.00,60.00,55.00,280.00,190.00,75.00,15.00
"9330503.08",1280.00,805.00,285.00,130.00,55.00,2.60,1275.00,1010.00,725.00,285.00,270.00,220.00,45.00,1010.00,630.00,380.00,220.00,115.00,45.00,265.00,175.00,65.00,30.00
"9330503.09",710.00,430.00,140.00,75.00,65.00,2.70,710.00,550.00,425.00,125.00,165.00,140.00,20.00,545.00,335.00,215.00,95.00,60.00,60.00,160.00,95.00,50.00,15.00
"9330504.03",1885.00,820.00,385.00,510.00,165.00,3.00,1885.00,1665.00,1480.00,185.00,220.00,165.00,60.00,1665.00,690.00,975.00,315.00,495.00,160.00,220.00,130.00,70.00,20.00
"9330504.05",2215.00,1010.00,470.00,565.00,170.00,3.00,2215.00,1935.00,1725.00,210.00,285.00,235.00,45.00,1935.00,840.00,1095.00,380.00,550.00,165.00,280.00,175.00,90.00,15.00
"9330504.07",965.00,510.00,205.00,190.00,60.00,2.80,965.00,785.00,685.00,100.00,180.00,150.00,35.00,785.00,405.00,380.00,135.00,180.00,60.00,180.00,110.00,65.00,10.00
"9330504.08",1255.00,580.00,240.00,325.00,105.00,3.00,1250.00,1125.00,1035.00,85.00,125.00,95.00,30.00,1125.00,515.00,610.00,190.00,315.00,105.00,125.00,65.00,50.00,15.00
"9330504.09",1520.00,555.00,365.00,430.00,175.00,3.20,1520.00,1350.00,1180.00,170.00,175.00,145.00,30.00,1350.00,465.00,885.00,290.00,425.00,170.00,175.00,90.00,75.00,10.00
"9330504.1",1130.00,525.00,245.00,255.00,105.00,3.00,1130.00,955.00,780.00,175.00,180.00,135.00,40.00,955.00,425.00,535.00,195.00,245.00,90.00,175.00,100.00,55.00,25.00
"9330504.11",3890.00,1665.00,1000.00,895.00,325.00,3.00,3890.00,3335.00,2840.00,495.00,555.00,445.00,110.00,3335.00,1345.00,1990.00,815.00,860.00,315.00,555.00,325.00,185.00,45.00
"9330504.12",1420.00,465.00,360.00,425.00,170.00,3.20,1420.00,1230.00,1075.00,150.00,195.00,155.00,40.00,1230.00,370.00,860.00,285.00,415.00,165.00,195.00,100.00,75.00,15.00
"9330504.13",1115.00,505.00,305.00,240.00,65.00,2.90,1110.00,920.00,765.00,150.00,190.00,155.00,35.00,925.00,400.00,520.00,225.00,230.00,65.00,190.00,100.00,80.00,10.00
"9330504.14",10.00,5.00,5.00,5.00,5.00,2.30,15.00,10.00,10.00,0.00,0.00,5.00,0.00,5.00,5.00,0.00,0.00,0.00,0.00,0.00,0.00,0.00,0.00
"9330504.15",565.00,300.00,90.00,115.00,55.00,2.90,560.00,520.00,470.00,45.00,45.00,35.00,15.00,515.00,275.00,245.00,80.00,110.00,55.00,45.00,30.00,10.00,5.00
"9330505.01",1020.00,545.00,180.00,220.00,75.00,2.80,1025.00,910.00,810.00,95.00,115.00,90.00,20.00,910.00,475.00,430.00,145.00,215.00,70.00,115.00,65.00,35.00,10.00
"9330505.03",25.00,15.00,5.00,5.00,0.00,2.70,30.00,15.00,10.00,10.00,15.00,10.00,5.00,15.00,10.00,5.00,5.00,5.00,0.00,15.00,10.00,5.00,0.00
"9330505.04",1720.00,730.00,365.00,430.00,190.00,3.10,1720.00,1530.00,1350.00,180.00,190.00,125.00,60.00,1530.00,615.00,915.00,305.00,415.00,190.00,190.00,115.00,55.00,20.00
"9330506.01",1150.00,500.00,260.00,280.00,115.00,3.00,1155.00,890.00,720.00,170.00,265.00,215.00,45.00,890.00,360.00,530.00,185.00,240.00,105.00,265.00,145.00,75.00,45.00
"9330506.02",2035.00,965.00,465.00,410.00,200.00,3.00,2030.00,1665.00,1375.00,295.00,365.00,275.00,90.00,1665.00,740.00,925.00,360.00,375.00,185.00,365.00,220.00,105.00,40.00
