"population","0_9","10_19","20_29","30_39","40_49","50_59","60_69","70_79","80_89","m","f","armed.forces","civilian.employed","not.in.labor.force","unemployed","abroad.house","diff.us.house","same.house","i.0.9999","i.10000.14999","i.15000.24999","i.25000.34999","i.35000.49999","i.50000.64999","i.65000.74999","i.75000.99999","abroad.born","naturalization","not.citizen","puerto.rico.born","us.born","divorced","married","never","separated","widowed","no.schooling","private","public","with.disability","without.disability","federal","local","not.working","private.no.profit","private.profit","self.employed.corp","self.employed.no.corp","state","with.insurance","without.insurance","asian","black","other","two.","white"
3742,574,516,227,427,572,534,490,249,153,1874,1868,9,1874,1770,89,0,428,3314,2247,13,119,52,168,180,50,913,86,440,104,0,3112,222,1771,1627,44,78,2752,336,654,229,3513,286,112,1980,222,908,130,81,23,3513,229,166,175,337,88,2976
3135,227,311,311,428,563,533,464,236,62,1252,1883,78,1966,982,109,0,632,2503,1636,10,46,58,79,328,90,888,63,170,90,11,2801,507,1029,1459,22,118,2544,189,402,367,2768,455,176,1199,240,887,36,108,34,2914,221,184,57,43,122,2729
3743,441,465,354,564,575,587,412,154,191,1854,1889,36,2248,1388,71,0,322,3421,2257,103,2,239,132,228,119,663,128,490,440,20,2665,308,1513,1638,50,234,2832,175,736,536,3207,269,141,1575,146,1365,112,132,3,3522,221,201,222,629,155,2536
4968,690,597,700,1077,761,601,438,40,64,2636,2332,99,2813,1901,155,60,805,4103,2879,61,89,450,383,472,210,424,544,788,1072,244,2320,415,2127,2374,41,11,3661,248,1059,317,4651,409,232,2195,223,1736,28,128,17,3983,985,258,986,609,66,3049
2966,354,304,233,314,411,558,408,281,103,1477,1489,64,1610,1274,18,0,181,2785,1715,0,40,184,147,113,92,675,39,443,83,61,2340,146,1543,1109,57,111,2260,179,527,328,2638,268,27,1418,145,871,111,111,15,2769,197,115,488,150,183,2030
6217,990,960,231,952,1038,623,669,444,310,3176,3041,91,2800,3090,236,39,723,5455,4440,17,60,90,253,157,34,1166,185,631,479,0,4922,558,2563,2667,81,348,4293,389,1535,689,5528,415,212,3504,404,1327,110,225,20,5678,539,294,1233,16,224,4450
2784,415,242,132,141,476,461,466,194,257,1361,1423,41,1300,1404,39,0,265,2519,1900,0,0,0,21,34,39,790,16,264,39,7,2458,55,1638,939,20,132,2265,177,342,326,2458,235,61,1517,221,621,27,93,9,2695,89,144,5,15,49,2571
3948,705,628,155,412,784,553,318,253,140,2102,1846,97,1980,1842,29,57,353,3538,2563,8,62,9,27,76,106,1097,82,269,25,10,3562,77,2073,1621,21,156,2723,268,957,148,3800,602,147,1969,199,801,86,120,24,3814,134,102,95,20,101,3630
4960,764,686,408,424,786,747,447,309,389,2503,2457,96,2340,2423,101,17,507,4436,3244,22,13,91,173,134,20,1263,166,264,32,0,4498,190,2538,2023,5,204,3520,347,1093,352,4608,553,104,2663,251,1052,191,129,17,4836,124,236,48,23,98,4555
3310,457,374,177,322,560,525,483,220,192,1457,1853,35,1767,1466,42,25,164,3121,1948,36,79,34,158,145,68,842,55,459,70,0,2726,146,1914,1064,18,168,2524,216,570,226,3084,226,82,1594,261,830,155,120,42,3123,187,267,141,36,207,2659
5986,968,734,748,980,790,790,503,255,218,3040,2946,113,3141,2652,80,62,705,5219,3264,48,240,476,281,325,174,1178,122,598,1238,16,4012,547,2188,2924,132,195,4403,238,1345,627,5359,503,188,2817,438,1724,154,155,7,5165,821,508,1175,157,362,3784
3623,377,391,236,327,500,757,481,386,168,1878,1745,42,1820,1702,59,0,252,3371,2274,0,53,42,63,146,51,994,144,387,73,33,2986,170,1966,1216,52,219,2864,257,502,323,3300,392,55,1823,300,743,96,194,20,3452,171,160,122,95,152,3094
5353,1635,1067,658,1133,644,188,28,0,0,2893,2460,1006,990,3256,101,116,1809,3428,3913,0,101,153,271,238,170,507,418,111,35,58,4731,139,2302,2883,19,10,2699,509,2145,242,5111,476,68,4370,50,325,0,49,15,4160,1193,200,1200,96,552,3305
1969,217,304,108,155,230,334,402,157,62,1064,905,7,894,1005,63,2,166,1801,1287,23,7,31,33,108,50,430,24,89,8,6,1842,93,885,811,57,123,1479,89,401,131,1838,174,131,1132,50,289,105,62,26,1889,80,63,84,5,43,1774
4254,459,579,561,515,622,644,405,225,244,2383,1871,20,2180,1912,142,38,262,3954,2710,12,106,198,331,199,117,581,84,1344,481,36,2309,207,1760,2092,46,149,3139,271,844,480,3774,225,38,2117,241,1455,75,86,17,3784,470,772,540,203,128,2611
4165,471,440,489,722,586,716,540,147,54,1980,2185,45,2259,1696,165,73,368,3724,2447,0,61,182,265,214,83,913,26,924,362,0,2853,350,1794,1792,93,136,3203,228,734,216,3949,475,116,1917,308,1127,80,117,25,3663,502,763,943,56,185,2218
1990,131,105,463,575,230,323,114,49,0,974,1016,49,1499,362,80,23,533,1434,715,0,82,117,72,303,122,579,45,133,177,28,1607,262,665,980,18,65,1628,92,270,84,1906,348,34,501,188,857,30,8,24,1923,67,256,575,53,68,1038
2844,427,294,215,481,436,461,293,154,83,1459,1385,47,1554,1140,103,34,306,2504,1706,11,65,57,93,153,59,700,57,499,191,12,2085,213,1279,1224,13,115,2201,232,411,215,2629,252,103,1298,172,821,115,69,14,2681,163,351,397,52,109,1935
6186,920,857,630,709,1099,893,533,380,165,2995,3191,78,3313,2658,137,117,335,5734,3655,19,147,236,199,437,268,1225,239,1015,521,40,4371,371,2897,2665,0,253,4457,398,1331,319,5867,696,254,2826,534,1569,119,170,18,5656,530,620,953,339,156,4118
3137,252,82,697,1031,410,348,211,63,43,1594,1543,68,2366,660,43,41,1003,2093,1138,19,97,209,179,362,206,927,18,390,505,48,2176,380,1100,1560,31,66,2707,180,250,255,2882,660,165,785,293,1098,47,61,28,2816,321,615,555,175,84,1708
1795,46,82,183,113,176,185,386,396,228,996,799,4,801,955,35,26,257,1512,1171,0,74,28,8,127,9,378,11,250,123,14,1397,277,774,573,21,150,1646,28,121,357,1438,182,56,966,57,455,14,47,18,1736,59,30,174,51,84,1456
1832,132,117,323,429,419,242,105,30,35,939,893,73,1335,393,31,18,356,1458,706,5,44,124,167,184,107,495,38,179,262,4,1349,220,702,864,35,11,1461,59,312,102,1730,330,60,457,130,764,14,52,25,1615,217,124,281,243,43,1141
3442,504,163,779,940,375,316,229,114,22,1719,1723,103,2087,1216,36,0,869,2573,1655,49,133,118,193,235,131,928,19,330,480,44,2569,278,1161,1868,64,71,2705,148,589,227,3215,538,63,1440,228,871,140,84,78,3025,417,405,1061,250,47,1679
4807,668,554,743,1237,657,378,423,147,0,2338,2469,89,3103,1557,58,123,1032,3652,2344,116,341,306,362,265,139,934,79,441,693,25,3569,287,2003,2253,202,62,3584,139,1084,337,4470,425,235,1769,305,1783,61,81,148,4191,616,360,873,551,284,2739
4662,629,616,457,565,745,683,501,331,135,2110,2552,97,2129,2259,177,22,564,4076,2962,13,172,85,160,211,152,907,151,942,181,6,3382,248,2173,1918,67,256,3479,235,948,517,4145,426,151,2474,267,1172,37,123,12,4443,219,696,469,82,436,2979
4084,558,461,755,509,415,672,438,191,85,1764,2320,0,2561,1450,73,8,353,3723,2282,16,313,428,124,234,92,595,47,545,770,20,2702,258,1672,2023,47,84,3109,118,857,274,3810,293,219,1643,137,1505,149,80,58,3513,571,520,371,409,239,2545
2710,264,395,345,437,486,458,181,82,62,1432,1278,30,1752,866,62,0,157,2553,1401,37,50,199,113,226,85,599,75,596,306,0,1733,242,1027,1369,19,53,2012,63,635,215,2495,332,122,1009,48,1053,66,54,26,2431,279,279,649,104,303,1375
4870,665,601,752,946,500,633,491,206,76,2351,2519,147,2671,1907,145,80,742,4048,2867,27,59,151,398,272,70,1026,67,1030,759,57,2957,281,2050,2314,101,124,3570,153,1147,366,4504,507,151,2162,395,1361,142,122,30,4369,501,910,1160,113,224,2463
6296,960,745,578,1312,802,1118,551,207,23,3211,3085,112,3551,2402,231,134,636,5526,3606,0,132,298,402,381,151,1326,292,1076,561,62,4305,335,2610,2966,154,231,4363,371,1562,430,5866,789,194,2738,437,1794,98,176,70,5929,367,532,1376,150,211,4027
3643,544,277,265,670,405,604,394,293,191,1760,1883,107,1732,1711,93,0,387,3256,2147,48,14,67,118,116,114,1019,128,639,171,15,2690,332,1665,1353,29,264,2845,221,577,332,3311,529,91,1957,105,785,31,54,91,3447,196,550,728,110,153,2102
5496,760,789,525,709,951,1039,443,213,67,2681,2815,83,2907,2386,120,9,710,4777,3251,28,12,183,216,233,123,1450,139,709,310,74,4264,330,2721,2242,23,180,4080,300,1116,338,5158,914,151,2607,247,1354,60,133,30,5312,184,777,766,143,306,3504
2057,280,236,195,242,281,294,252,141,136,994,1063,40,1013,991,13,102,62,1893,1343,24,36,18,49,115,60,412,32,89,80,6,1850,61,1052,838,0,106,1553,99,405,98,1959,277,101,1058,145,377,13,71,15,1976,81,70,71,5,70,1841
3982,499,318,439,707,538,543,534,298,106,1873,2109,89,2112,1678,103,26,337,3619,2350,0,102,64,262,188,96,920,58,525,314,36,3049,135,2130,1624,28,65,2977,253,752,359,3623,440,125,1857,218,1117,63,117,45,3724,258,368,492,134,150,2838
9151,1711,1140,1404,2167,836,777,823,230,63,4652,4499,74,4779,4272,26,262,1439,7450,5447,112,862,923,274,518,227,788,145,1078,3066,352,4510,559,3586,4621,181,204,7110,258,1783,501,8650,292,279,4402,361,3564,87,116,50,6365,2786,1177,1789,1715,461,4009
7340,1365,1212,817,1537,1103,516,494,216,80,4089,3251,26,3558,3468,288,0,900,6440,4935,58,256,380,795,481,95,340,23,1187,2320,0,3810,379,2688,3932,222,119,5112,287,1941,689,6651,221,200,3849,246,2518,62,158,86,5376,1964,424,1598,894,187,4237
6538,1438,612,666,1453,781,917,372,282,17,3269,3269,0,3247,3069,222,54,855,5629,4255,0,429,478,789,253,106,228,59,1350,1902,49,3178,475,1957,3877,123,106,4818,205,1515,797,5741,279,50,3268,299,2404,33,189,16,5075,1463,673,2282,463,443,2677
5227,1160,669,850,1018,515,594,303,74,44,2461,2766,37,2414,2502,274,206,488,4533,3423,86,376,327,282,336,113,284,46,922,1653,9,2597,486,1633,2891,158,59,3788,109,1330,297,4930,166,114,2861,210,1639,70,162,5,4069,1158,537,1155,754,776,2005
5018,1119,570,821,466,772,429,412,338,91,2513,2505,7,2483,2393,135,35,481,4502,3268,9,188,309,349,363,106,426,222,750,792,11,3243,236,1523,3037,36,186,3475,184,1359,215,4803,172,235,2513,242,1565,25,260,6,4115,903,378,1061,563,341,2675
6623,787,1064,1373,1172,889,877,434,18,9,3440,3183,177,3828,2235,383,51,1111,5461,3817,84,312,620,334,519,193,744,78,1387,716,0,4442,438,2202,3755,177,51,4762,169,1692,724,5899,497,123,2903,303,2289,208,278,22,5466,1157,480,2539,248,399,2957
3066,964,438,760,600,220,59,18,7,0,1687,1379,727,644,1595,100,201,1076,1789,1817,39,346,187,208,250,71,148,123,157,100,30,2656,84,1262,1714,0,6,1848,204,1014,169,2897,398,14,2379,51,216,3,5,0,2258,808,152,592,141,338,1843
3661,415,378,432,481,513,504,280,206,452,1770,1891,45,1879,1671,66,89,328,3244,2114,6,188,156,241,111,132,713,74,630,328,8,2621,202,1607,1461,127,264,2896,163,602,445,3216,474,48,1725,30,1220,45,72,47,3226,435,470,1189,196,161,1645
7612,1435,623,1192,1443,892,1175,685,118,49,3658,3954,201,4338,3009,64,33,1482,6097,4289,18,293,509,650,395,185,1273,49,1426,951,76,5110,346,3502,3537,112,115,5755,181,1676,697,6915,685,303,3183,111,2610,57,663,0,6623,989,1080,1334,1082,398,3718
7332,1067,1128,1050,1156,1429,824,320,334,24,3127,4205,124,3821,3022,365,120,1242,5970,4304,106,292,400,728,354,245,903,19,1588,1519,0,4206,720,2693,3617,148,154,4757,331,2244,391,6941,717,362,3542,295,2023,149,187,57,6543,789,1180,2902,133,215,2902
3352,341,596,288,194,528,658,378,269,100,1546,1806,21,1482,1739,110,32,337,2983,2172,3,16,64,122,192,95,688,86,1062,113,11,2080,121,1795,1210,23,203,2340,152,860,269,3083,222,105,1843,113,870,78,81,40,3246,106,1394,314,22,83,1539
6608,823,1235,842,977,1222,950,394,146,19,3235,3373,72,3456,2870,210,0,1432,5176,4021,71,159,208,351,414,144,1240,301,2014,497,0,3796,449,2656,3325,41,137,4183,650,1775,359,6249,711,139,3250,387,1702,113,303,3,5901,707,1677,1709,103,305,2814
3246,476,268,412,591,401,553,273,185,87,1473,1773,70,1745,1407,24,54,613,2579,1791,55,73,83,175,272,121,676,86,676,287,16,2181,279,1332,1346,78,211,2403,156,687,242,3004,353,122,1500,88,927,67,175,14,2931,315,474,611,114,263,1784
5906,627,510,717,1240,875,885,585,296,171,2744,3162,160,3317,2322,107,53,941,4912,3081,26,77,219,318,301,262,1622,192,991,423,11,4289,648,2240,2760,73,185,4443,284,1179,355,5551,847,183,2527,318,1666,111,218,36,5348,558,1631,782,0,380,3113
2715,305,207,641,601,269,408,182,76,26,1440,1275,47,1746,857,65,32,852,1831,1269,21,115,139,279,183,121,588,65,327,276,20,2027,267,1110,1313,17,8,2174,106,435,192,2523,320,139,1023,123,1016,62,24,8,2565,150,206,374,136,65,1934
5460,820,551,767,1269,869,652,319,185,28,2738,2722,151,3191,1972,146,25,471,4964,3037,0,77,127,408,123,232,1456,68,795,407,3,4187,301,2506,2455,59,139,4013,292,1155,466,4994,762,318,2261,246,1683,74,85,31,5088,372,517,1229,239,358,3117
3072,418,302,238,523,464,580,307,134,106,1508,1564,57,1643,1307,65,41,336,2695,1836,39,17,63,105,129,71,812,40,475,230,27,2300,208,1588,1137,44,95,2362,145,565,204,2868,399,117,1435,149,760,95,101,16,2782,290,343,404,80,198,2047
4706,434,756,535,353,648,718,692,461,109,2269,2437,59,2235,2310,102,116,188,4402,3115,0,107,59,175,139,55,1056,197,532,195,26,3756,208,2453,1814,37,194,3476,300,930,340,4366,327,207,2447,246,1212,70,135,62,4494,212,683,41,89,249,3644
3270,257,484,695,404,450,410,360,121,89,1665,1605,0,1924,1272,74,13,273,2984,1984,55,90,127,193,194,66,561,80,725,280,8,2177,297,1347,1495,52,79,2195,158,917,267,3003,235,143,1432,191,983,156,67,63,3116,154,789,233,0,168,2080
4784,617,698,714,622,749,636,447,208,93,2568,2216,61,2443,2142,138,42,802,3940,3112,26,64,87,278,304,93,820,52,897,475,105,3255,224,2096,2305,30,129,3125,255,1404,260,4524,282,175,2325,371,1291,53,159,128,4527,257,885,302,65,270,3262
5162,503,679,776,707,733,762,554,337,111,2745,2417,37,2651,2323,151,56,678,4428,3272,36,45,39,201,161,255,1153,176,689,272,31,3994,252,2345,2334,65,166,3639,253,1270,506,4656,422,185,2476,474,1438,38,89,40,5029,133,894,295,62,213,3698
2688,352,322,431,335,357,431,217,181,62,1260,1428,16,1494,1122,56,0,273,2415,1712,8,24,43,143,87,109,562,61,499,139,10,1979,192,1210,1200,29,57,1808,89,791,196,2492,198,107,1209,173,691,58,136,116,2627,61,531,174,30,162,1791
7309,1086,1037,583,1011,1052,1013,744,501,282,3751,3558,112,3704,3370,123,83,477,6749,4736,7,129,289,151,327,141,1529,72,1306,652,123,5156,416,3443,3073,131,246,5194,269,1846,535,6774,550,418,3640,406,1773,121,313,88,6808,501,1656,333,198,306,4816
1792,181,176,274,298,252,260,126,148,77,869,923,6,1078,698,10,0,85,1707,1004,21,63,73,117,45,78,391,24,397,39,0,1332,133,815,760,9,75,1409,135,248,202,1590,177,101,715,68,613,39,46,33,1707,85,466,115,0,60,1151
7468,824,1105,1317,1250,885,828,847,207,205,3975,3493,13,4078,3206,171,275,519,6674,4492,201,447,534,824,322,121,527,92,1724,2662,35,2955,212,2853,3933,200,270,5386,205,1877,400,7068,261,225,3322,400,2981,91,157,31,5760,1708,1960,566,1165,35,3742
2785,272,344,386,408,364,472,307,154,78,1396,1389,13,1623,1086,63,72,266,2447,1534,9,110,187,129,208,74,534,75,770,334,21,1585,112,1273,1242,12,146,2118,79,588,188,2597,141,69,1161,95,1113,97,71,38,2457,328,734,145,58,188,1660
4671,625,572,378,535,663,806,515,393,184,2330,2341,64,2345,2165,97,14,325,4332,2867,41,53,114,236,156,140,1064,94,606,408,40,3523,331,2210,1841,71,218,3522,132,1017,327,4344,425,258,2339,334,1071,24,142,78,4269,402,668,185,154,187,3477
4158,536,383,486,696,562,632,472,267,124,1871,2287,81,2513,1510,54,22,457,3679,2233,23,105,258,243,281,123,892,73,583,252,54,3196,439,1544,1908,113,154,3344,153,661,240,3918,430,287,1719,244,1263,71,95,49,3712,446,171,324,272,50,3341
4280,500,733,472,692,643,594,437,171,38,2296,1984,38,2470,1723,49,89,482,3709,2476,0,49,192,289,254,119,901,133,1068,639,41,2399,364,1918,1801,93,104,2936,164,1180,274,4006,416,236,1889,121,1447,54,63,54,3893,387,1334,731,273,188,1754
3587,443,455,491,389,565,500,406,277,61,1832,1755,29,2017,1484,57,56,425,3106,2076,13,326,239,177,121,194,441,117,790,375,13,2292,357,1678,1348,155,49,2653,123,811,252,3335,133,153,1555,198,1328,31,144,45,3120,467,709,276,241,125,2236
4909,483,680,610,531,871,684,649,336,65,2466,2443,48,2614,2129,118,39,470,4400,2901,47,112,370,230,293,112,844,143,1079,523,56,3108,286,2318,2071,72,162,3265,164,1480,304,4605,446,234,2313,324,1406,54,116,16,4619,290,1032,454,172,259,2992
2432,330,372,243,475,372,262,224,123,31,1125,1307,0,1336,1053,43,25,232,2175,1510,3,50,65,160,228,81,335,32,691,344,6,1359,135,1077,1147,5,68,1680,152,600,182,2250,180,132,1119,69,776,38,91,27,2214,218,501,592,135,67,1137
4365,619,630,306,560,588,736,455,362,109,2223,2142,123,1912,2177,153,14,672,3679,2829,0,42,103,114,307,107,863,141,682,230,0,3312,165,2256,1806,0,138,3030,343,992,420,3945,387,215,2390,255,933,22,91,72,4015,350,625,313,31,386,3010
4612,690,615,413,568,657,629,670,221,149,2314,2298,34,2359,2156,63,18,590,4004,2890,56,189,101,186,237,153,800,222,856,250,0,3284,327,2228,1886,6,165,3453,194,965,327,4285,464,154,2303,103,1276,91,174,47,4213,399,987,489,137,331,2668
5481,788,832,375,672,791,779,794,306,144,2734,2747,150,2534,2712,85,82,428,4971,3484,7,48,69,149,83,96,1545,305,735,191,47,4203,222,2757,2308,18,176,3809,220,1452,271,5210,619,221,2953,305,1237,25,80,41,5252,229,654,447,39,125,4216
8483,683,1114,886,821,1024,1076,628,511,1740,3713,4770,64,3522,4617,280,0,358,8125,6129,134,303,227,540,238,124,788,101,2015,859,55,5453,374,3432,3266,142,1269,6505,316,1662,1376,7107,349,197,4905,235,2270,273,235,19,7137,1346,1818,1177,170,297,5021
4400,489,772,290,723,747,765,351,197,66,2144,2256,7,2493,1816,84,85,859,3456,2712,40,110,258,210,170,178,722,75,697,732,17,2879,327,2117,1837,52,67,3101,151,1148,313,4087,316,255,1910,168,1484,57,122,88,4034,366,818,199,60,265,3058
3319,363,574,336,386,514,466,326,309,45,1703,1616,38,1571,1653,57,45,204,3070,2043,1,69,78,122,203,112,691,114,533,212,9,2451,176,1693,1290,22,138,2358,166,795,269,3050,171,88,1742,130,1033,28,81,46,3185,134,742,214,162,146,2055
3174,290,534,350,243,372,572,477,215,121,1625,1549,79,1466,1581,48,17,485,2672,2006,48,54,9,156,58,67,776,42,517,69,0,2546,105,1651,1225,93,100,2267,238,669,213,2961,340,50,1691,171,686,140,60,36,3062,112,432,84,69,102,2487
3619,581,573,312,532,496,533,362,198,32,1690,1929,45,1905,1636,33,0,278,3341,2384,16,73,66,118,199,82,681,92,602,296,19,2610,220,1577,1784,14,24,2413,227,979,321,3298,234,137,1782,201,1066,41,126,32,3408,211,702,545,60,109,2203
3960,465,428,559,479,524,627,452,296,130,1906,2054,33,2219,1637,71,48,459,3453,2386,22,53,187,193,247,91,781,105,660,190,5,3000,308,1926,1637,37,52,2753,217,990,346,3614,296,259,1759,218,1115,37,118,158,3706,254,389,205,253,198,2915
2264,241,212,459,410,380,218,183,138,23,989,1275,17,1346,890,11,64,487,1713,1315,5,58,79,173,124,61,449,123,226,432,19,1464,272,780,1144,29,39,1766,121,377,99,2165,166,158,929,211,739,23,38,0,1984,280,439,171,25,98,1531
4859,687,718,384,745,712,552,550,287,224,2282,2577,58,2153,2589,59,79,590,4190,3278,28,89,75,97,268,99,925,223,783,368,0,3485,332,2229,1986,27,285,3374,270,1215,299,4560,387,192,2704,162,1178,40,150,46,4312,547,622,69,152,559,3457
5385,666,641,699,673,625,750,856,351,124,2763,2622,126,2629,2562,68,109,683,4593,3539,11,60,168,298,111,71,1127,93,854,342,55,4041,156,2778,2275,38,138,3797,185,1403,406,4979,439,222,2725,291,1309,145,184,70,5012,373,1012,453,45,136,3739
3654,267,690,407,381,361,710,587,186,65,1913,1741,49,1866,1655,84,76,296,3282,2427,0,34,83,105,127,72,806,97,496,180,12,2869,178,1868,1480,10,118,2544,204,906,408,3246,488,155,1927,114,776,55,84,55,3487,167,519,184,25,65,2861
4903,550,795,465,676,635,636,701,360,85,2436,2467,123,2361,2313,106,49,356,4498,3098,12,28,146,239,210,52,1118,199,440,172,38,4054,263,2492,1981,3,164,3401,228,1274,243,4660,414,276,2571,199,1201,82,113,47,4587,316,547,253,43,168,3892
5696,726,827,418,654,825,1038,774,306,128,2851,2845,128,2714,2749,105,74,440,5182,3629,26,59,87,214,191,130,1360,203,645,267,16,4565,176,3158,2147,37,178,4040,280,1376,535,5161,649,258,3011,340,1245,94,53,46,5484,212,617,382,15,237,4445
4844,688,755,337,424,928,676,628,340,68,2443,2401,82,2459,2232,71,23,288,4533,2899,89,31,32,189,161,102,1341,104,765,145,86,3744,177,2616,1896,52,103,3453,176,1215,374,4470,740,291,2334,155,1169,58,85,12,4695,149,756,565,110,263,3150
3061,355,281,410,272,376,531,533,275,28,1397,1664,33,1681,1314,33,8,331,2722,1775,0,24,86,111,142,112,811,93,370,232,0,2366,171,1712,1113,44,21,2273,187,601,293,2768,474,99,1350,95,886,44,78,35,2876,185,365,460,62,158,2016
4461,750,498,564,859,480,603,433,198,76,2124,2337,61,2412,1918,70,18,426,4017,2413,18,257,339,254,355,113,712,104,891,637,12,2817,381,1859,2032,79,110,3148,284,1029,215,4246,419,254,1908,209,1513,82,64,12,4186,275,662,820,423,305,2251
2358,423,339,298,320,319,338,216,105,0,1061,1297,34,1156,1108,60,6,331,2021,1534,0,64,50,63,96,53,498,53,527,171,0,1607,130,1064,1099,18,47,1555,111,692,174,2184,143,118,1170,157,698,8,57,7,2114,244,415,559,26,289,1069
7520,880,1202,493,636,1196,1276,862,418,557,3550,3970,114,3357,3960,89,156,819,6545,4634,0,184,310,205,154,53,1980,338,970,924,21,5267,500,3389,3123,54,454,5084,345,2091,677,6843,422,357,4074,389,1927,79,208,64,7032,488,1518,184,136,442,5240
3208,287,78,801,878,520,253,363,23,5,1511,1697,20,2408,688,92,15,820,2373,1184,64,94,208,229,264,204,961,47,630,473,0,2058,363,1188,1610,39,8,2902,194,112,79,3129,232,120,822,258,1604,93,79,0,3095,113,682,394,121,311,1700
5833,863,468,895,996,684,691,838,226,172,2852,2981,14,3095,2553,171,183,891,4759,3586,15,143,372,558,275,169,715,62,897,1244,11,3619,466,2246,2875,71,175,4481,231,1121,413,5420,246,266,2705,415,1860,231,66,44,5165,668,1231,855,288,317,3142
2629,228,442,142,200,372,490,340,296,119,1285,1344,17,1168,1394,50,9,266,2354,1756,1,24,28,25,95,45,655,35,419,49,6,2120,127,1506,912,3,81,1970,140,519,233,2396,249,89,1433,122,571,53,96,16,2603,26,403,106,13,62,2045
5181,569,889,325,476,639,864,832,410,177,2344,2837,52,2468,2498,163,67,466,4648,3423,13,100,129,196,160,71,1089,183,859,418,20,3701,325,2420,2032,73,331,3806,185,1190,373,4808,346,247,2657,302,1251,128,171,79,4552,629,1089,108,54,189,3741
7670,179,2779,2906,474,457,377,364,93,41,4062,3608,24,3128,3833,685,149,1671,5850,6835,19,51,72,71,140,49,433,208,542,614,12,6294,167,1179,6173,73,78,2263,259,5148,314,7356,118,189,4646,482,1789,19,75,352,6239,1431,909,1328,221,238,4974
3116,428,452,444,382,481,366,359,138,66,1561,1555,0,1707,1318,91,57,473,2586,2008,9,111,111,127,187,56,507,32,549,418,24,2093,117,1426,1423,18,132,2207,142,767,295,2821,134,137,1360,107,1154,73,129,22,2793,323,603,88,103,233,2089
3016,248,521,224,216,438,501,446,287,135,1529,1487,21,1550,1391,54,79,102,2835,1947,5,51,42,170,95,72,634,47,454,199,0,2316,140,1619,1054,48,155,2060,103,853,236,2780,228,144,1455,185,801,46,132,25,2889,127,642,102,34,88,2150
5676,834,838,502,639,692,760,713,421,277,2842,2834,31,2740,2817,88,62,620,4994,3847,64,66,76,211,180,70,1162,147,746,304,31,4448,192,2971,2367,8,138,3951,356,1369,341,5335,420,224,2939,348,1318,195,160,72,5181,495,912,125,38,125,4476
6134,482,1050,372,629,872,895,959,457,418,2980,3154,68,2978,2900,188,99,372,5663,4126,45,20,31,165,325,36,1386,175,1002,441,55,4461,310,3205,2219,44,356,4554,238,1342,628,5506,462,285,3094,202,1709,45,311,26,5640,494,1106,187,85,29,4727
5169,636,364,941,1144,632,759,429,176,88,2731,2438,0,3499,1556,114,30,1312,3827,2679,52,180,95,381,371,239,1172,40,681,1469,23,2956,379,2035,2553,113,89,4151,203,815,282,4887,527,185,1691,275,2194,69,180,48,4195,974,1629,184,702,185,2469
4377,508,636,728,849,646,374,377,142,117,2190,2187,34,2464,1762,117,138,213,4026,2660,12,401,302,182,191,88,541,0,598,1056,35,2688,321,1359,2542,23,132,3108,104,1165,369,4008,185,89,1922,422,1406,127,202,24,3265,1112,416,621,589,110,2641
4776,825,345,843,707,735,542,598,111,70,2469,2307,10,2858,1794,114,42,490,4244,2801,49,130,179,273,209,157,978,122,913,645,16,3080,378,2117,2116,90,75,3648,291,837,253,4523,308,210,1857,391,1710,103,169,28,4119,657,668,345,870,205,2688
2783,324,446,182,375,458,440,385,136,37,1307,1476,0,1479,1222,82,9,277,2497,1751,26,36,28,71,141,25,705,123,458,162,45,1995,170,1413,1045,41,114,2090,177,516,195,2588,214,55,1307,115,834,119,128,11,2542,241,430,38,167,127,2021
3135,283,377,466,431,483,453,352,190,100,1680,1455,4,1884,1160,87,12,160,2963,1740,51,171,178,281,230,144,340,102,734,656,0,1643,141,1287,1525,0,182,2391,127,617,178,2957,128,90,1246,150,1333,57,131,0,2751,384,720,16,403,79,1917
4235,505,420,396,678,687,673,489,275,112,2200,2035,9,2404,1758,64,22,233,3980,2529,0,64,242,334,165,88,813,60,809,640,12,2714,398,2036,1654,13,134,3241,301,693,362,3873,293,136,1902,403,1195,71,200,35,3767,468,1170,56,248,125,2636
4686,566,490,820,848,847,520,328,183,84,2363,2323,11,2813,1657,205,123,565,3998,2507,72,321,299,511,110,214,652,54,839,1413,12,2368,368,1623,2457,126,112,3570,141,975,256,4430,265,91,1916,362,1761,64,213,14,3914,772,979,368,847,157,2335
2937,363,244,427,451,307,502,383,192,68,1537,1400,3,1700,1198,36,45,189,2703,1732,15,83,136,173,91,76,631,63,852,308,9,1705,217,1302,1305,72,41,2291,201,445,137,2800,215,117,1228,112,994,76,156,39,2700,237,854,147,122,131,1683
4772,748,521,1034,1200,384,347,307,100,131,2734,2038,45,2815,1821,91,219,589,3964,2670,104,628,391,263,175,49,492,99,891,1835,26,1921,179,1202,3106,88,197,3755,189,828,280,4492,165,57,1968,170,2110,65,201,36,3149,1623,639,446,1555,333,1799
3447,343,393,402,334,488,579,468,183,257,1727,1720,0,1784,1547,116,96,190,3161,2361,7,54,154,148,115,73,535,67,812,495,10,2063,202,1619,1456,24,146,2550,172,725,389,3058,307,115,1776,95,867,131,156,0,3189,258,974,159,51,155,2108
1701,223,111,227,229,184,280,213,150,84,865,836,9,1025,654,13,20,160,1521,900,25,38,3,51,168,44,472,40,370,62,10,1219,82,910,649,10,50,1321,40,340,96,1605,113,95,715,70,537,70,59,42,1653,48,240,45,83,43,1290
2658,280,265,178,408,304,488,402,106,227,1324,1334,9,1335,1210,104,12,333,2313,1571,14,61,115,129,198,66,504,38,495,101,0,2024,227,1174,1040,16,201,2085,92,481,226,2432,201,73,1280,176,721,53,126,28,2298,360,364,85,76,72,2061
2322,275,294,152,284,297,346,380,223,71,1105,1217,9,1217,1078,18,0,71,2251,1563,6,12,25,101,72,57,486,27,450,231,0,1614,183,1175,849,4,111,1835,98,389,168,2154,159,36,1074,129,657,21,205,41,2136,186,228,90,244,175,1585
1644,127,231,122,86,261,287,317,115,98,843,801,2,775,851,16,0,98,1546,1098,8,24,44,41,47,6,376,22,233,147,10,1232,75,868,586,26,89,1212,175,257,97,1547,140,17,862,66,402,95,52,10,1593,51,130,41,21,22,1430
2510,214,419,210,238,474,461,277,138,79,1217,1293,8,1338,1108,56,17,163,2330,1554,0,66,31,59,138,41,621,91,366,208,39,1806,152,1154,1073,36,95,1916,202,392,152,2358,166,60,1197,154,735,72,82,44,2420,90,320,63,6,117,2004
3249,552,268,535,743,427,199,214,186,125,1637,1612,7,1765,1415,62,24,152,3073,2220,4,302,150,222,104,21,226,42,513,1315,12,1367,95,1025,1906,46,177,2538,126,585,198,3051,146,66,1512,125,1320,25,42,13,2165,1084,525,160,874,38,1652
5327,703,507,562,1111,649,677,553,383,182,2552,2775,8,2955,2291,73,20,451,4856,3441,30,204,158,393,141,216,744,33,1604,962,0,2728,568,1897,2351,220,291,4424,135,768,552,4775,272,93,2470,308,1798,73,188,125,4753,574,1275,428,283,257,3084
5259,726,458,719,837,618,590,560,345,406,2810,2449,31,2788,2369,71,56,715,4488,3179,58,490,290,231,309,144,558,15,1046,1383,18,2797,376,2049,2471,0,363,4164,199,896,541,4718,228,130,2493,195,1985,141,54,33,4255,1004,662,590,663,146,3198
6031,1679,781,983,1089,942,290,176,35,56,3226,2805,8,2438,3466,119,325,587,5119,4724,43,226,452,199,88,111,188,105,526,2850,56,2494,111,1645,4135,108,32,4177,152,1702,220,5811,55,58,3549,131,1992,55,177,14,3654,2377,459,81,2532,405,2554
2674,252,371,485,316,348,359,380,122,41,1448,1226,8,1512,1023,131,67,192,2415,1864,5,108,74,135,89,101,298,68,811,631,10,1154,155,1197,1214,36,72,2141,83,450,299,2375,103,79,1120,148,986,98,132,8,1980,694,504,249,269,85,1567
3683,432,299,590,505,362,569,434,339,153,1851,1832,10,1696,1906,71,72,218,3393,2346,39,136,65,264,226,114,493,69,748,646,3,2217,219,1766,1498,55,145,3004,245,434,501,3182,302,85,1991,157,963,65,84,36,3127,556,750,212,418,365,1938
5399,519,641,870,919,780,684,596,242,148,2669,2730,47,2977,2252,123,60,875,4464,3095,152,217,302,282,212,218,921,140,825,991,85,3358,446,1956,2812,11,174,4010,450,939,480,4919,461,223,2424,199,1875,25,112,80,4667,732,931,849,266,215,3138
3085,373,263,481,459,296,415,314,247,237,1391,1694,27,1722,1265,71,10,188,2887,1936,14,28,171,101,140,120,575,96,728,425,0,1836,288,1113,1363,23,298,2538,102,445,438,2647,225,137,1405,156,1003,11,103,45,2963,122,713,448,98,161,1665
5566,757,491,705,995,829,676,749,262,102,2694,2872,25,3129,2265,147,64,261,5241,3252,47,173,532,479,192,70,821,35,1324,1427,0,2780,325,2314,2625,69,233,4200,121,1245,349,5217,322,153,2421,465,1706,75,410,14,4712,854,1107,663,572,235,2989
3651,382,203,525,445,668,484,332,305,307,1812,1839,0,1985,1616,50,0,573,3078,2383,0,53,183,174,109,87,662,74,1178,369,13,2017,268,1569,1525,66,223,2738,237,676,389,3262,97,131,1690,32,1380,138,171,12,3021,630,1174,121,261,29,2066
7248,846,1394,875,934,1148,941,645,322,143,3508,3740,17,4018,2925,288,0,1034,6214,4725,302,242,385,431,388,67,708,159,1805,2473,29,2782,437,2726,3628,275,182,4488,308,2452,478,6770,223,288,3239,373,2938,38,18,131,5078,2170,1694,655,1023,430,3446
3354,356,408,464,548,459,496,402,148,73,1736,1618,0,1871,1395,88,79,400,2875,2025,0,227,199,314,180,144,265,42,910,992,22,1388,375,959,1806,85,129,2607,124,623,352,3002,95,182,1497,192,1186,82,86,34,2444,910,927,253,819,131,1224
5303,761,829,881,939,788,578,408,57,62,2842,2461,0,3000,2090,213,82,1261,3960,3267,87,385,669,492,156,91,156,118,933,1974,0,2278,461,1716,2773,273,80,3938,142,1223,198,5105,79,83,2252,210,2280,44,343,12,3836,1467,999,104,1320,160,2720
7341,1042,765,962,973,1130,898,666,656,249,3422,3919,20,3992,3203,126,115,516,6710,4469,38,327,389,494,612,122,890,77,1619,1413,29,4203,657,2971,3402,86,225,5440,150,1751,458,6883,319,314,3312,456,2533,64,272,71,6188,1153,1554,654,654,774,3705
3720,383,412,554,513,559,447,607,146,99,1900,1820,0,2084,1588,48,9,244,3467,2370,21,144,81,257,164,67,616,120,891,382,11,2316,309,1679,1473,118,141,2734,228,758,236,3484,145,91,1654,282,1221,114,180,33,3492,228,1086,224,36,139,2235
5783,1091,474,896,1151,745,708,512,180,26,3012,2771,7,3218,2385,173,233,1231,4319,3612,169,363,466,509,229,48,387,48,1576,2024,35,2100,337,1875,3215,195,161,4178,357,1248,402,5381,119,55,2530,359,2286,161,239,34,4393,1390,795,1976,423,245,2344
7991,1122,870,975,1495,1187,1259,615,427,41,4053,3938,183,4824,2858,126,62,933,6996,3970,90,821,450,466,458,390,1346,130,1573,1653,13,4622,629,2979,4067,210,106,6377,285,1329,393,7598,679,214,3082,363,3035,162,396,60,6337,1654,1261,2084,105,732,3809
5412,1070,625,640,799,943,505,422,290,118,2393,3019,0,2620,2602,190,57,726,4629,3961,9,209,130,309,100,51,643,79,1186,1117,13,3017,374,1775,2943,131,189,3879,228,1305,330,5082,245,114,2780,185,1867,96,118,7,4313,1099,811,1371,1102,185,1943
5686,619,496,630,1203,681,923,646,316,172,2529,3157,0,2907,2615,164,144,732,4810,3753,9,104,126,510,242,108,834,83,1453,1765,15,2370,452,2184,2691,189,170,4315,465,906,462,5224,342,184,2814,316,1753,72,180,25,4420,1266,1039,1536,88,221,2802
2855,128,167,226,474,382,434,550,254,240,1328,1527,0,1450,1352,53,67,185,2603,1798,0,35,143,177,140,70,492,106,1014,414,46,1275,270,1017,1173,30,365,2457,122,276,409,2446,275,87,1392,190,724,49,129,9,2543,312,196,927,25,196,1511
4353,555,698,228,273,849,774,474,371,131,2210,2143,28,2132,2069,124,53,201,4099,2933,0,34,34,65,86,43,1158,63,889,335,8,3058,95,2499,1592,48,119,3084,403,866,382,3971,238,160,2326,183,1110,138,159,39,4231,122,938,78,38,190,3109
4158,548,570,384,362,476,731,631,306,150,2076,2082,0,1949,2156,53,102,417,3639,2706,0,35,77,76,46,59,1159,110,621,168,0,3259,118,2248,1724,0,68,3003,431,724,302,3856,373,48,2218,158,1006,167,169,19,4074,84,407,46,28,192,3485
2961,425,481,167,198,494,557,274,289,76,1413,1548,16,1422,1474,49,0,232,2729,1959,7,6,46,54,63,18,808,49,343,112,2,2455,95,1596,1185,9,76,2000,272,689,107,2854,176,57,1505,155,826,82,106,54,2899,62,317,42,24,115,2463
5181,662,549,663,592,830,613,754,352,166,2727,2454,29,2699,2346,107,149,409,4623,2980,26,28,149,169,162,119,1548,173,1010,596,5,3397,361,2460,2085,53,222,3917,427,837,472,4709,400,176,2431,220,1687,78,179,10,4914,267,1410,276,10,381,3104
2592,348,369,220,187,357,393,423,215,80,1338,1254,29,1128,1394,41,52,199,2341,1873,3,36,12,53,52,19,544,39,634,314,8,1597,95,1393,1005,31,68,1767,280,545,186,2406,128,51,1515,100,661,66,61,10,2547,45,554,25,28,207,1778
7634,861,1230,980,1178,1076,1074,853,185,197,3667,3967,0,3997,3409,228,549,639,6446,4577,21,77,163,383,354,128,1931,167,1287,1800,46,4334,349,3500,3517,122,146,5117,423,2094,532,7102,605,173,3522,380,2432,229,228,65,6919,715,2079,559,1,373,4622
3995,544,552,260,395,656,591,456,173,368,1932,2063,7,1940,2006,42,109,222,3664,2395,14,26,53,70,102,90,1245,56,660,93,0,3186,154,2133,1446,30,232,2950,148,897,338,3657,451,89,2059,330,876,54,124,12,3820,175,591,176,102,194,2932
3531,576,404,395,400,577,652,294,127,106,1885,1646,18,1821,1664,28,0,341,3190,2163,28,137,129,84,97,103,790,61,771,703,42,1954,88,1676,1498,54,215,2516,195,820,321,3210,242,119,1741,163,1057,64,108,37,3228,303,577,220,90,169,2475
4614,662,738,285,493,762,781,417,316,160,2321,2293,24,2307,2149,134,0,553,4061,2880,61,13,79,102,81,119,1279,83,584,162,12,3773,341,2208,1870,27,168,3308,212,1094,286,4328,224,181,2287,273,1289,172,161,27,4426,188,746,104,24,232,3508
3236,343,528,417,269,424,722,260,179,94,1555,1681,0,1760,1422,54,59,453,2724,1980,52,14,190,53,67,67,813,80,340,159,0,2657,179,1593,1316,62,86,2387,272,577,152,3084,170,196,1491,133,1017,179,50,0,3043,193,341,0,5,314,2576
2521,334,462,106,226,391,457,281,121,143,1263,1258,5,1194,1307,15,45,262,2214,1620,0,29,20,71,56,29,696,50,380,124,14,1953,132,1288,971,9,121,1783,95,643,149,2372,131,34,1311,123,713,99,110,0,2464,57,322,0,45,109,2045
2586,333,418,252,203,427,461,303,96,93,1253,1333,13,1397,1140,36,27,285,2274,1667,0,10,49,117,44,57,642,114,275,90,3,2104,150,1197,1144,2,93,1796,167,623,115,2471,173,160,1152,135,683,113,158,12,2467,119,285,128,0,200,1973
7189,953,1275,428,598,1145,1111,898,621,160,3663,3526,23,3328,3729,109,67,803,6319,4773,29,118,123,250,161,81,1654,211,907,718,59,5294,399,3422,3042,85,241,5064,411,1714,468,6721,593,141,3810,294,1945,155,206,45,6954,235,1220,157,343,268,5201
4622,507,835,279,367,556,880,671,411,116,2300,2322,34,2130,2444,14,18,442,4162,3168,0,71,29,17,78,46,1213,76,598,150,0,3798,141,2710,1661,0,110,3233,371,1018,215,4407,323,125,2531,144,1036,258,205,0,4547,75,663,219,0,188,3552
6358,769,780,677,1350,1089,783,611,170,129,3136,3222,0,3703,2528,127,318,805,5235,3655,13,160,31,214,291,301,1693,151,1396,1678,0,3133,412,2996,2733,51,166,4661,519,1178,408,5950,661,163,2587,112,2318,143,357,17,6082,276,2288,660,34,496,2880
6851,814,965,775,980,1174,1024,676,321,122,3212,3639,18,3768,2856,209,123,1057,5671,3815,59,129,257,190,310,162,1929,121,1430,779,55,4466,389,3423,2808,30,201,4941,350,1560,456,6395,753,186,3029,518,1924,142,159,140,6646,205,1691,475,16,250,4419
8120,1260,797,1236,1597,1395,790,469,326,250,4490,3630,56,4300,3610,154,417,1194,6509,4951,0,27,138,549,586,293,1576,151,1437,2424,0,4108,433,3747,3825,56,59,5915,401,1804,466,7654,383,186,3859,719,2547,46,256,124,7366,754,2496,676,65,914,3969
5592,263,235,2049,1713,557,403,191,144,37,3010,2582,28,4279,1242,43,283,1861,3448,2125,50,162,260,338,588,271,1798,80,832,1458,78,3144,466,1640,3326,133,27,4652,308,632,177,5415,463,146,1241,747,2853,37,41,64,5144,448,1901,320,384,294,2693
6318,750,549,1131,1163,898,748,695,295,89,3220,3098,100,3652,2450,116,330,1150,4838,3492,32,88,175,383,474,213,1461,159,1353,1479,0,3327,439,2880,2848,22,129,4709,444,1165,452,5866,501,110,2606,439,2303,154,108,97,5616,702,2433,509,234,369,2773
1535,160,214,180,320,199,213,156,53,40,685,850,7,844,674,10,25,263,1247,881,0,4,15,30,118,77,410,0,229,210,3,1093,230,521,733,25,26,1069,93,373,143,1392,56,70,688,102,519,11,64,25,1439,96,304,149,41,17,1024
5278,498,537,925,1128,585,572,779,173,81,2702,2576,19,3414,1706,139,99,987,4192,2740,0,70,244,358,283,126,1457,145,1170,510,44,3409,502,2122,2447,108,99,3969,314,995,253,5025,423,344,1841,426,1991,56,116,81,5002,276,1419,107,313,314,3125
4031,401,385,505,689,716,476,493,222,144,1958,2073,16,2339,1506,170,194,424,3413,2457,44,108,216,321,182,88,615,69,931,1113,0,1918,449,1719,1651,85,127,3048,243,740,370,3661,167,164,1714,225,1533,30,168,30,3275,756,1160,572,127,87,2085
2037,356,398,319,413,268,163,104,0,16,1033,1004,0,1024,926,87,89,182,1766,1376,42,91,80,247,145,29,27,12,306,779,22,918,47,617,1333,38,2,1249,72,716,77,1960,25,64,1005,184,719,11,24,5,1570,467,298,295,463,36,945
2617,251,435,159,85,326,507,407,362,85,1325,1292,3,1079,1491,44,54,127,2436,1801,12,5,11,11,59,20,698,69,334,235,0,1979,90,1544,899,15,69,1878,350,389,110,2507,149,58,1537,90,519,151,97,16,2597,20,556,22,34,16,1989
3205,332,583,188,152,415,635,468,288,144,1541,1664,8,1359,1786,52,73,229,2903,2151,14,0,39,19,76,7,899,125,357,195,0,2528,94,1817,1167,9,118,2316,311,578,254,2951,271,53,1783,219,642,139,90,8,3146,59,236,88,18,39,2824
4676,665,691,254,345,607,664,793,441,216,2155,2521,16,2163,2457,40,60,324,4292,3041,15,7,30,116,81,46,1340,102,527,276,13,3758,253,2417,1710,46,250,3345,559,772,272,4404,269,16,2493,326,1275,192,94,11,4614,62,631,95,0,31,3919
5351,802,781,337,396,888,757,703,288,399,2790,2561,34,2415,2796,106,100,604,4647,3595,8,32,57,65,96,12,1486,183,821,489,0,3858,333,2612,2084,40,282,3868,290,1193,494,4857,494,49,3029,307,1118,181,116,57,5093,258,1275,72,0,226,3778
2620,245,287,121,205,305,466,466,372,153,1309,1311,12,1302,1290,16,52,61,2507,1747,2,11,18,49,53,45,695,32,476,271,5,1836,117,1514,827,32,130,2040,178,402,318,2302,177,44,1287,136,581,191,139,65,2595,25,314,17,23,36,2230
5245,747,804,307,502,903,658,538,530,256,2427,2818,43,2358,2794,50,98,451,4696,3318,0,68,52,116,133,68,1490,159,806,601,22,3657,154,2666,2221,18,186,3795,359,1091,409,4836,585,119,2797,290,1211,124,66,53,5129,116,1064,181,145,259,3596
2967,336,544,231,158,590,403,298,253,154,1389,1578,0,1397,1459,111,60,350,2557,1904,11,11,59,44,26,29,883,58,453,568,0,1888,170,1423,1143,6,225,2012,247,708,170,2797,328,37,1566,228,654,103,51,0,2944,23,524,74,69,112,2188
6990,1007,972,352,448,1259,1039,828,437,648,3411,3579,27,3156,3735,72,243,712,6035,4472,30,22,90,131,98,71,2076,148,711,419,19,5693,175,3602,2620,0,593,5132,468,1390,713,6277,446,101,3821,337,1738,311,206,30,6647,343,1025,103,112,198,5552
2186,279,257,232,263,435,290,226,153,51,1111,1075,5,1196,959,26,15,307,1864,1238,4,14,27,37,89,71,706,16,301,219,0,1650,90,1099,908,33,56,1612,119,455,94,2092,317,40,996,156,498,46,89,44,2132,54,404,43,44,106,1589
6907,1257,601,814,1200,1279,760,563,266,167,3689,3218,0,3559,3215,133,92,624,6191,4017,29,22,195,469,475,101,1599,127,1235,1186,0,4359,350,3101,3093,58,305,5244,401,1262,496,6411,532,150,3297,325,2102,147,288,66,6265,642,1249,96,826,359,4377
3417,546,198,531,1069,346,217,277,145,88,1580,1837,0,2037,1311,69,50,883,2484,1865,0,33,133,164,212,127,883,66,513,1209,14,1615,323,1311,1615,58,110,2727,121,569,206,3211,185,81,1397,117,1486,41,95,15,3221,196,1319,244,10,175,1669
5094,695,320,906,1316,556,483,478,230,110,2497,2597,44,3202,1772,76,476,1066,3552,2761,0,134,80,179,329,156,1455,175,893,1325,0,2701,422,2172,2309,0,191,4099,362,633,425,4669,470,142,1965,546,1638,45,170,118,4622,472,1047,103,136,240,3568
4573,730,405,1036,1137,496,434,238,45,52,2291,2282,11,2894,1617,51,170,1235,3168,2573,45,141,272,239,197,249,857,84,769,1656,13,2051,274,1873,2286,38,102,3445,124,1004,115,4458,215,177,1633,195,2161,65,105,22,4026,547,1661,214,437,42,2219
4313,522,357,867,1016,455,455,448,114,79,2401,1912,16,2528,1678,91,145,605,3563,2251,25,70,189,252,211,89,1226,26,556,1468,0,2263,222,1536,2389,86,80,3436,329,548,187,4126,328,119,1718,304,1591,53,183,17,3826,487,1141,63,698,295,2116
1849,198,294,100,246,261,349,185,137,79,914,935,23,942,863,21,25,201,1623,1189,15,22,9,41,29,10,534,26,230,61,0,1532,71,943,744,17,74,1323,168,358,110,1739,152,52,916,151,426,83,46,23,1780,69,272,56,24,118,1379
3932,493,466,540,676,471,454,484,262,86,2102,1830,7,2143,1662,120,27,465,3440,2396,27,68,260,165,226,84,706,59,640,494,0,2739,319,1583,1917,14,99,3019,114,799,245,3687,243,244,1705,355,1245,57,77,6,3574,358,468,455,333,342,2334
3301,407,441,493,444,617,382,385,106,26,1725,1576,41,1865,1345,50,7,458,2836,2030,47,104,107,218,143,104,548,67,810,721,0,1703,239,1443,1501,28,90,2512,110,679,224,3077,204,71,1444,159,1164,81,141,37,2810,491,525,394,136,126,2120
4060,349,658,285,146,556,801,661,450,154,1882,2178,0,1576,2387,97,40,221,3799,2943,0,0,31,83,65,22,916,174,581,268,8,3029,174,2164,1509,15,198,2942,420,698,275,3785,145,55,2452,132,726,280,231,39,4024,36,499,38,99,139,3285
4572,475,697,306,278,650,882,722,363,199,2059,2513,3,2098,2408,63,55,191,4326,3013,33,27,30,94,82,67,1226,166,949,267,0,3190,140,2493,1754,19,166,3170,355,1047,216,4356,258,48,2413,233,1154,292,147,27,4544,28,850,85,32,158,3447
4890,422,390,1123,1051,808,519,291,145,141,2517,2373,15,3201,1543,131,268,1919,2703,2355,18,52,149,100,404,358,1454,136,947,1274,28,2505,460,1860,2302,134,134,3900,250,740,180,4710,271,71,1631,332,2243,244,82,16,4708,182,1445,212,14,316,2903
2751,166,444,190,313,438,315,293,367,225,1263,1488,0,1206,1359,186,206,570,1975,1939,41,5,2,91,52,132,489,53,702,655,0,1341,376,1080,1095,20,180,2067,230,454,270,2481,150,66,1610,70,694,99,62,0,2688,63,781,309,49,103,1509
7399,844,1179,515,498,1005,1183,1001,753,421,3621,3778,10,3287,4036,66,132,426,6841,5248,14,23,55,101,156,0,1802,205,1755,384,30,5025,110,4209,2672,78,330,5230,849,1320,563,6836,198,123,4149,227,2132,379,184,7,7224,175,1907,154,71,211,5056
4207,565,798,186,275,714,687,522,294,166,2186,2021,12,1949,2188,58,41,370,3796,2781,0,28,51,74,68,27,1178,52,855,296,34,2970,84,2394,1617,17,95,2849,400,958,281,3926,360,109,2305,178,945,218,92,0,4044,163,924,28,4,193,3058
5802,600,876,565,269,799,1197,912,375,209,2919,2883,3,2812,2836,151,37,415,5350,3803,0,64,55,131,127,51,1571,82,1161,311,0,4248,188,3358,2095,19,142,4219,369,1214,268,5534,240,136,2970,164,1847,304,128,13,5614,188,1227,113,0,223,4239
3335,475,532,300,225,513,721,415,109,45,1605,1730,0,1753,1524,58,67,176,3092,1979,11,42,71,36,81,61,1054,43,377,150,17,2748,67,1766,1444,0,58,2235,304,796,114,3221,214,127,1514,107,1068,157,97,51,3206,129,563,83,0,77,2612
5745,751,750,610,566,722,1041,905,245,155,2924,2821,9,3368,2300,68,42,409,5294,3363,16,29,179,232,231,109,1586,199,714,188,0,4644,166,3043,2316,0,220,4133,404,1208,424,5321,398,301,2382,366,2033,86,140,39,5695,50,701,332,76,126,4510
3217,405,376,385,419,406,718,394,96,18,1704,1513,0,1840,1340,37,48,214,2955,1806,19,31,103,97,120,61,980,23,510,82,14,2588,205,1715,1245,9,43,2427,270,520,134,3083,225,119,1402,189,1183,21,73,5,3175,42,363,112,38,134,2570
1975,223,271,226,271,219,354,312,99,0,881,1094,10,1154,783,28,8,157,1810,1127,53,9,31,51,88,45,571,28,216,110,14,1607,229,853,860,22,11,1458,62,455,67,1908,77,81,822,54,821,24,93,3,1902,73,167,35,0,64,1709
3099,337,241,579,681,420,483,208,128,22,1621,1478,0,2133,866,100,51,784,2264,1484,8,74,63,250,178,55,987,56,262,287,0,2494,345,1163,1477,51,63,2577,123,399,171,2928,178,121,959,214,1434,51,102,40,3040,59,329,120,37,140,2473
5242,703,864,561,785,717,846,454,247,65,2697,2545,0,3113,1911,218,13,755,4474,3022,113,164,290,259,259,98,1037,81,739,1191,39,3192,356,2220,2455,85,126,3725,130,1387,330,4912,131,200,2107,161,2285,105,232,21,4519,723,382,279,876,357,3348
3837,470,564,451,673,558,607,279,203,32,1995,1842,18,2141,1643,35,52,531,3254,2221,15,124,143,82,81,108,1063,107,490,732,6,2502,305,1868,1554,50,60,2970,184,683,173,3664,107,92,1768,135,1599,97,28,11,3690,147,1107,226,137,241,2126
7251,1181,1039,862,1139,1039,784,747,335,125,3524,3727,4,4106,2944,197,51,776,6424,4320,114,637,338,403,381,150,908,137,1013,2154,73,3874,348,2852,3852,81,118,5180,213,1858,509,6742,194,174,3097,153,2980,234,353,66,5673,1578,1069,529,1579,355,3719
4018,508,351,626,826,535,543,558,61,10,2041,1977,0,2602,1235,181,184,705,3129,2239,48,422,80,290,225,50,664,71,862,1209,24,1852,307,1752,1825,83,51,3242,150,626,367,3651,152,101,1450,137,1794,78,252,54,3256,762,555,410,457,133,2463
4172,733,330,1020,760,450,327,307,154,91,1871,2301,0,2453,1607,112,134,895,3143,2675,27,127,122,171,178,97,775,162,304,1807,39,1860,320,1406,2320,33,93,3418,54,700,298,3874,126,100,1765,97,1954,33,92,5,3628,544,1317,501,497,23,1834
6725,1430,710,983,1555,1049,508,314,108,68,3627,3098,0,3724,2811,190,313,2072,4340,3986,115,290,508,666,221,234,705,42,945,2501,12,3225,425,2463,3562,91,184,4969,211,1545,282,6443,225,234,2967,158,2742,116,212,71,5494,1231,1160,1028,1213,171,3153
2439,361,124,424,711,511,114,126,63,5,1195,1244,0,1567,820,52,129,654,1656,1174,14,0,33,225,142,128,723,34,272,851,0,1282,80,1174,1041,67,77,2036,169,234,105,2334,108,49,875,72,1227,34,48,26,2279,160,1198,443,83,24,691
3658,588,297,657,910,682,325,121,47,31,1619,2039,35,2155,1326,142,97,1165,2396,1786,0,33,194,220,190,193,1042,36,614,848,0,2160,199,1646,1760,23,30,2855,94,709,136,3522,251,96,1501,213,1443,74,61,19,3477,181,1705,471,93,161,1228
3771,900,385,210,791,616,484,118,132,135,1794,1977,0,1679,1961,131,78,875,2818,2492,22,89,197,87,192,73,619,53,740,938,14,2026,286,1545,1725,83,132,2591,219,961,339,3432,99,98,2060,106,1295,25,62,26,3261,510,1754,715,155,48,1099
3014,636,345,307,805,619,93,127,69,13,1560,1454,7,1556,1423,28,80,839,2095,1790,0,23,100,222,186,70,623,116,521,898,0,1479,182,1335,1423,19,55,2111,178,725,160,2854,142,93,1432,102,1169,41,21,14,2920,94,1396,294,0,242,1082
5442,615,1004,555,513,853,1169,529,190,14,2740,2702,12,3185,2217,28,99,615,4728,3051,12,69,44,189,187,78,1812,142,1286,417,9,3588,80,3058,2219,23,62,3728,188,1526,234,5208,490,177,2232,339,1916,169,98,21,5359,83,2098,120,71,262,2891
5413,677,858,480,498,803,1072,624,290,111,2663,2750,0,2670,2663,80,31,371,5011,3523,9,53,40,131,164,48,1445,93,564,351,0,4405,188,2791,2200,50,184,3824,279,1310,335,5078,290,225,2734,207,1595,165,163,34,5292,121,1055,175,23,220,3940
1147,148,141,88,87,165,229,215,59,15,611,536,0,617,503,27,15,62,1070,700,0,8,29,49,21,18,322,22,148,91,0,886,45,699,384,8,11,891,70,186,36,1111,87,48,538,68,338,35,22,11,1130,17,227,169,0,29,722
6351,942,864,1064,932,850,829,514,280,76,3111,3240,15,3547,2496,293,34,915,5402,3667,108,364,491,407,258,100,956,105,1354,1262,12,3618,457,2291,3362,100,141,4609,234,1508,438,5913,295,112,2809,427,2429,131,106,42,5322,1029,515,1515,465,170,3686
7172,988,610,673,1145,999,896,899,555,407,3284,3888,20,3768,3131,253,89,897,6186,4309,28,76,91,474,272,205,1717,145,868,309,0,5850,657,3257,3070,15,173,5687,357,1128,691,6481,366,322,3492,242,2479,124,111,36,6958,214,833,635,18,642,5044
2253,198,290,132,149,345,397,392,275,75,1119,1134,13,1130,1064,46,2,174,2077,1517,6,7,8,53,21,30,611,86,259,18,8,1882,87,1197,894,10,65,1671,95,487,201,2052,79,51,1155,106,641,104,108,9,2181,72,205,115,0,76,1857
3282,364,556,227,211,437,604,501,336,46,1627,1655,0,1600,1625,57,18,173,3091,2125,7,14,23,38,70,20,985,54,315,48,4,2861,134,1865,1234,7,42,2253,265,764,136,3146,164,47,1620,138,1049,118,136,10,3163,119,294,0,0,73,2915
6256,638,1268,504,459,830,1026,987,423,121,3231,3025,30,3115,3050,61,10,466,5780,4241,29,88,54,155,211,135,1343,125,874,136,31,5090,189,3402,2505,29,131,4333,324,1599,378,5878,274,188,3130,299,1735,339,258,33,6148,108,1055,136,5,254,4806
4816,740,607,697,830,824,579,232,230,77,2199,2617,18,2689,2087,22,81,1064,3671,2921,19,42,82,249,205,154,1144,128,585,1009,10,3084,386,1949,2404,25,52,3327,340,1149,216,4600,330,196,2137,205,1627,127,151,43,4526,290,1312,300,253,231,2720
6285,730,739,1190,648,769,798,827,286,298,3015,3270,15,3524,2590,156,79,1349,4857,3964,32,80,121,304,272,37,1475,259,689,259,124,4954,477,2411,3100,69,228,4585,452,1248,733,5552,367,99,2705,336,2453,136,189,0,6058,227,551,814,120,244,4556
4815,628,578,298,543,702,798,877,300,91,2352,2463,0,2550,2117,148,60,325,4430,2968,0,4,119,130,81,110,1403,84,636,121,49,3925,370,2583,1757,9,96,3557,302,956,268,4547,292,154,2214,235,1413,248,238,21,4721,94,561,161,52,165,3876
3275,325,148,395,405,491,584,553,257,117,1387,1888,0,1935,1239,101,62,467,2746,1777,12,12,62,58,289,174,891,89,320,178,17,2671,507,1427,1093,104,144,2785,155,335,227,3048,236,115,1348,174,1101,132,162,7,3217,58,372,110,10,117,2666
3602,571,327,537,466,521,574,344,157,105,1762,1840,0,1975,1576,51,0,532,3070,2202,0,158,173,170,238,104,557,123,515,551,10,2403,327,1592,1499,73,111,2756,144,702,282,3320,143,85,1612,123,1244,91,241,63,3029,573,286,587,69,471,2189
2403,321,220,468,513,265,244,249,105,18,1180,1223,16,1396,924,67,76,657,1670,1488,8,97,134,73,152,60,391,42,322,516,0,1523,287,837,1174,61,44,1832,35,536,276,2127,67,89,960,152,1008,38,77,12,2018,385,299,278,150,196,1480
3769,271,212,514,965,574,375,436,233,189,1728,2041,0,2472,1278,19,30,866,2873,1936,0,26,86,195,240,136,1150,92,490,469,20,2698,367,1596,1539,131,136,3184,133,452,372,3397,197,106,1307,249,1747,43,120,0,3636,133,420,185,51,135,2978
4306,345,175,627,820,591,514,654,327,253,2121,2185,50,2608,1638,10,145,1367,2794,2035,0,38,66,178,178,242,1569,51,629,227,0,3399,408,1953,1686,91,168,3835,178,293,349,3957,228,94,1582,147,1885,205,151,14,4147,159,403,182,4,49,3668
4821,589,307,444,656,790,662,607,571,195,2215,2606,50,2855,1847,69,41,539,4241,2624,45,56,109,190,113,280,1404,85,775,359,8,3594,574,2112,1811,0,324,3822,281,718,217,4604,424,167,1998,205,1712,93,188,34,4679,142,486,108,55,331,3841
4615,803,553,793,959,656,442,255,127,27,2306,2309,0,2623,1836,156,182,853,3580,2823,0,292,314,291,283,112,500,78,1001,926,61,2549,453,1525,2404,116,117,3248,199,1168,155,4460,160,127,1941,221,1954,12,176,24,3837,778,430,1362,237,146,2440
3489,320,246,373,655,469,494,478,323,131,1654,1835,10,2145,1317,17,20,569,2900,1883,5,29,46,124,330,108,964,29,283,106,8,3063,446,1431,1404,49,159,2764,82,643,224,3265,260,154,1347,150,1204,94,161,119,3440,49,247,105,72,181,2884
2292,355,306,111,152,423,381,317,195,52,1155,1137,0,1153,1080,59,17,146,2129,1454,11,9,22,38,66,45,647,55,292,77,0,1868,59,1311,857,14,51,1623,135,534,161,2131,131,55,1109,118,687,73,104,15,2261,31,266,20,17,78,1911
10229,1839,1032,1858,2395,1573,816,582,111,23,5275,4954,93,6018,3825,293,162,3009,7058,5137,9,370,311,821,741,418,2422,138,1827,2791,115,5358,543,4070,5244,167,205,7653,584,1992,513,9716,495,127,4241,690,4250,194,148,84,9199,1030,4036,2121,106,206,3760
2941,300,507,281,464,396,542,325,103,23,1505,1436,7,1714,1182,38,0,191,2750,1659,19,19,87,72,115,72,898,115,460,389,0,1977,156,1596,1128,36,25,2100,108,733,107,2834,131,116,1168,197,1180,34,84,31,2874,67,635,16,24,113,2153
4882,595,860,450,359,1049,854,552,109,54,2419,2463,22,2585,2140,135,26,333,4523,2892,16,59,90,197,178,154,1296,90,870,546,18,3358,172,2516,2017,41,136,3298,218,1366,319,4563,252,193,2296,216,1712,127,57,29,4750,132,1457,119,66,228,3012
5191,518,914,472,364,829,1148,643,227,76,2558,2633,13,2807,2205,166,0,432,4759,3021,43,27,80,72,308,108,1532,119,908,237,0,3927,169,2846,1975,24,177,3708,199,1284,254,4937,368,155,2332,271,1754,156,134,21,5008,183,1181,136,44,342,3488
7371,955,1091,726,1035,1327,1267,719,251,0,3631,3740,52,4219,2738,362,0,546,6825,4203,50,189,130,261,335,141,2062,51,1580,528,0,5212,415,3328,3381,125,122,4989,316,2066,519,6852,335,281,3210,517,2615,218,162,33,6857,514,2371,294,90,106,4510
7548,971,1301,668,504,1556,1183,788,403,174,3890,3658,0,3845,3516,187,0,316,7232,4729,35,20,133,177,187,86,2181,73,1834,466,9,5166,356,3857,2969,113,253,5152,344,2052,289,7259,363,162,3664,349,2538,193,239,40,7318,230,3028,452,88,495,3485
5543,578,736,730,633,762,966,706,216,216,2698,2845,31,3074,2240,198,57,520,4966,3320,55,238,156,225,343,101,1105,160,1011,605,34,3733,389,2544,2413,34,163,4074,198,1271,674,4869,245,282,2461,236,2032,118,136,33,4985,558,1266,547,107,215,3408
6355,1140,822,649,875,980,1003,609,157,120,3226,3129,21,3504,2689,141,40,525,5790,3864,34,347,380,364,201,177,988,149,874,1149,32,4151,557,2302,3206,69,221,4463,408,1484,499,5856,169,375,2873,164,2397,156,188,33,5471,884,525,334,621,386,4489
3231,420,308,702,429,645,441,169,82,35,1720,1511,0,2030,1140,61,32,803,2396,1711,17,153,209,187,240,120,594,136,606,543,0,1946,426,1289,1418,33,65,2430,68,733,301,2930,179,182,1245,230,1271,47,77,0,2942,289,806,478,171,240,1536
6495,768,740,689,488,1091,1161,724,486,348,3141,3354,17,3271,3062,145,30,224,6241,3897,7,64,111,214,289,78,1835,97,1546,471,0,4381,306,3497,2278,0,414,4783,344,1368,595,5900,406,87,3204,295,2079,165,146,113,6145,350,1384,414,95,278,4324
1815,201,364,148,111,229,424,265,52,21,831,984,16,923,842,34,5,113,1697,1173,0,18,49,35,58,22,460,4,204,37,0,1570,35,994,742,15,29,1268,90,457,93,1722,87,45,899,113,481,60,125,5,1761,54,270,48,0,86,1411
3782,437,703,306,381,478,737,573,104,63,1866,1916,50,1886,1820,26,14,87,3681,2479,34,10,33,106,67,52,1001,151,422,220,0,2989,119,2077,1507,16,63,2693,204,885,197,3585,163,81,1949,117,1263,132,55,22,3662,120,627,35,0,115,3005
3338,411,426,348,465,437,577,388,225,61,1787,1551,20,1892,1349,77,52,141,3145,1883,3,52,50,331,169,48,802,113,554,284,13,2374,263,1759,1223,3,90,2433,191,714,214,3124,148,151,1451,87,1337,90,52,22,3115,223,414,58,124,98,2644
6313,1310,596,780,1311,959,623,515,174,45,3094,3219,18,3415,2691,189,90,986,5237,3772,8,138,224,532,532,156,951,110,1065,897,28,4213,451,2430,3255,96,81,4816,124,1373,355,5958,239,217,2808,319,2524,68,61,77,5636,677,1543,1137,117,450,3066
6549,1022,674,1003,1300,1218,680,506,70,76,3205,3344,78,3821,2408,242,17,683,5849,3709,25,242,312,467,488,214,1092,125,1422,746,0,4256,459,2669,3165,147,109,4819,380,1350,310,6239,335,264,2708,450,2400,118,214,60,5730,819,1725,383,177,452,3812
1633,130,176,357,419,233,173,109,24,12,863,770,26,1066,488,53,30,756,847,854,5,39,83,169,146,53,284,64,323,314,4,928,98,630,795,75,35,1255,19,359,129,1504,47,94,617,105,695,7,29,39,1326,307,544,248,94,177,570
7511,923,1411,794,1097,1230,1196,545,185,130,3815,3696,0,4149,3242,120,0,903,6608,4741,8,126,386,425,506,190,1129,54,1615,1513,16,4313,221,3216,3639,130,305,5219,278,2014,354,7157,397,422,3270,343,2774,175,91,39,6323,1188,2213,765,302,116,4115
3551,478,339,745,532,435,671,245,72,34,1663,1888,38,2167,1250,96,17,531,3003,1858,53,168,193,216,204,69,790,81,610,688,0,2172,257,1419,1746,34,95,2567,202,782,242,3309,132,145,1381,176,1463,97,110,47,3194,357,1196,407,87,184,1677
4554,680,506,667,905,727,484,347,178,60,2272,2282,0,2758,1683,113,169,564,3821,2737,4,172,267,280,344,94,656,53,1171,1325,12,1993,306,1768,2211,33,236,3570,64,920,330,4224,112,231,1750,223,2035,65,121,17,3712,842,1567,677,253,202,1855
5027,796,419,478,890,992,927,269,228,28,2343,2684,10,2774,2151,92,42,1145,3840,2669,11,142,293,274,460,173,1005,62,822,907,10,3226,413,2277,2112,64,161,3793,165,1069,428,4599,295,296,2187,178,1722,71,164,114,4658,369,1425,359,581,609,2053
4803,814,455,690,1024,688,625,282,187,38,2167,2636,15,2549,2077,162,80,368,4355,2839,21,228,209,306,336,200,664,95,1219,1033,40,2416,139,2348,2214,30,72,3580,123,1100,341,4462,131,214,2241,175,1773,73,161,35,4235,568,1734,227,173,169,2500
3847,486,630,326,349,590,829,440,120,77,1900,1947,40,1901,1832,74,40,520,3287,2404,0,46,61,83,88,85,1080,109,529,150,20,3039,166,2044,1543,23,71,2543,199,1105,211,3636,235,209,1940,206,1003,93,103,58,3651,196,767,70,98,218,2694
3920,407,751,395,519,635,807,249,157,0,2009,1911,13,2456,1428,23,87,203,3630,2109,29,116,162,194,339,156,815,39,767,639,0,2475,278,1802,1764,16,60,2587,65,1268,165,3755,123,235,1510,220,1626,0,99,107,3867,53,1225,443,52,162,2038
2867,340,519,204,183,473,565,463,102,18,1505,1362,24,1465,1330,48,10,257,2600,1722,17,56,30,72,53,62,855,87,424,46,0,2310,48,1603,1158,0,58,2014,159,694,155,2712,194,154,1399,154,733,100,112,21,2754,113,547,63,11,97,2149
7292,970,916,1027,1248,1111,876,770,172,202,3373,3919,0,4266,2902,124,186,1062,6044,4022,15,203,150,313,424,334,1831,68,2376,1416,55,3377,409,3700,3128,14,41,5338,110,1844,337,6955,544,172,3168,240,2618,309,165,76,6665,627,4266,398,153,159,2316
7095,618,1294,514,471,1330,1566,844,377,81,3660,3435,0,3792,3148,155,3,216,6876,4501,11,118,66,108,245,142,1904,47,1489,456,19,5084,216,3814,2855,3,207,4916,477,1702,402,6693,406,338,3251,317,2323,160,248,52,7021,74,2058,498,44,254,4241
5162,912,642,775,826,661,713,388,239,6,2471,2691,25,2691,2263,183,31,669,4462,3133,42,230,256,382,290,171,658,108,953,1297,0,2804,279,2308,2452,70,53,3565,426,1171,308,4854,75,61,2430,153,2204,69,110,60,4479,683,1661,454,162,231,2654
5856,835,708,772,732,853,1030,638,245,43,2966,2890,12,3094,2466,284,114,563,5179,3660,104,309,235,343,440,102,663,69,1579,1262,0,2946,280,2501,2716,23,336,4310,120,1426,384,5472,252,240,2728,152,2159,122,157,46,5274,582,2206,318,179,257,2896
4098,590,262,600,977,549,486,327,118,189,1780,2318,0,2362,1661,75,156,910,3032,2115,8,97,109,95,332,213,1129,108,616,714,0,2660,349,1745,1864,26,114,3206,211,681,252,3846,325,183,1728,199,1453,110,74,26,3713,385,886,537,8,260,2407
7538,907,809,1886,1432,995,794,464,179,72,3925,3613,79,4816,2526,117,374,1967,5197,3930,49,123,142,719,697,302,1576,139,1152,1310,123,4814,290,3087,3860,142,159,5461,316,1761,324,7214,265,339,2673,368,3332,277,157,127,6770,768,1820,658,152,372,4536
4701,444,324,1190,1173,692,624,167,87,0,2371,2330,67,3298,1307,29,15,1742,2944,2111,0,157,225,286,335,279,1308,142,663,779,27,3090,428,1640,2381,170,82,3443,107,1151,210,4491,476,250,1384,240,2054,50,130,117,4319,382,1076,554,145,25,2901
4851,513,494,1306,925,712,523,286,0,92,2401,2450,48,3102,1591,110,210,1211,3430,2559,0,139,139,254,395,172,1193,109,853,992,65,2832,348,1738,2502,113,150,3455,266,1130,157,4694,331,273,1766,168,2059,73,127,54,4534,317,1431,340,65,303,2712
3457,415,609,296,460,612,535,309,186,35,1639,1818,0,1817,1581,59,6,368,3083,2044,57,63,81,176,105,121,810,51,1366,339,0,1701,150,1743,1442,61,61,2374,211,872,195,3262,151,90,1655,215,1008,130,164,44,3312,145,1833,81,3,173,1367
2539,287,228,539,610,389,225,191,52,18,1349,1190,34,1739,744,22,50,506,1983,1152,12,48,162,354,264,120,427,37,464,330,0,1708,279,806,1329,37,88,1991,106,442,116,2423,163,111,797,125,1143,26,109,65,2273,266,679,418,145,96,1201
3022,420,360,418,516,414,285,358,203,48,1479,1543,0,1608,1390,24,24,523,2475,1706,18,50,91,143,113,121,780,73,316,367,0,2266,214,1354,1266,48,140,2221,122,679,281,2741,159,83,1428,133,1030,16,108,65,2840,182,664,119,0,113,2126
6934,855,1035,793,996,1093,1033,642,373,114,3382,3552,0,3597,3197,140,91,1228,5615,4187,39,94,177,360,492,344,1241,116,1021,1207,0,4590,472,2979,3106,142,235,5196,225,1513,356,6578,344,308,3337,247,2314,115,196,73,6254,680,2109,549,35,499,3742
6660,606,1039,683,344,872,1301,946,403,466,3399,3261,26,3460,3024,150,53,515,6092,4381,0,44,65,184,197,70,1719,152,642,138,0,5728,137,3525,2684,60,254,4989,478,1193,661,5999,467,209,3225,233,1855,178,331,162,6375,285,632,313,139,260,5316
6192,733,835,403,423,638,1029,1379,553,199,3024,3168,7,2905,3107,173,27,511,5654,3973,3,120,34,167,262,86,1547,182,559,134,0,5317,158,3423,2239,50,322,4480,356,1356,369,5823,451,186,3121,278,1579,258,242,77,6038,154,508,244,26,183,5231
3023,379,376,200,404,306,480,539,256,83,1476,1547,26,1568,1388,41,20,238,2765,1741,0,16,42,123,99,18,984,55,453,49,8,2458,100,1800,1024,1,98,2325,177,521,219,2804,218,88,1481,56,904,127,112,37,2900,123,286,99,6,121,2511
6576,564,1281,582,442,950,1084,1075,468,130,3083,3493,79,3339,3024,134,34,553,5989,4066,11,69,193,105,189,86,1857,324,1203,306,0,4743,242,3592,2571,19,152,4625,251,1700,403,6173,648,261,3204,314,1751,304,72,22,6202,374,1012,788,30,146,4600
4035,489,560,456,320,372,910,705,140,83,1945,2090,52,2082,1773,128,9,167,3859,2507,0,50,31,93,156,50,1148,88,419,0,58,3470,125,2194,1638,17,61,2812,321,902,201,3834,492,211,1862,142,885,247,179,17,3890,145,350,227,0,192,3266
3436,447,680,344,474,516,485,308,174,8,1731,1705,49,1723,1643,21,56,214,3166,2082,15,70,128,117,290,84,650,94,611,146,28,2557,181,1647,1514,29,65,2390,153,893,82,3354,236,265,1693,167,871,63,131,10,3208,228,370,258,76,260,2472
4628,558,532,630,733,824,673,494,128,56,2323,2305,87,2656,1822,63,34,669,3925,2446,39,87,164,434,236,246,976,68,767,599,14,3180,387,1982,2124,24,111,3426,134,1068,179,4449,312,298,1978,351,1403,32,190,64,4167,461,729,537,349,247,2766
4080,309,589,274,421,384,744,814,407,138,2090,1990,9,2094,1891,86,0,249,3831,2495,22,46,69,150,148,114,1036,43,424,39,0,3574,119,2341,1502,10,108,3015,177,888,206,3874,174,101,1949,276,1174,251,135,20,3972,108,286,29,5,134,3626
