"COL0","COL1","COL2","COL3","COL4","COL5","COL6","COL7","COL8","COL9","COL10","COL11","COL12","COL13","COL14","COL15","COL16","COL17","COL18"
"9330000.00",960895.00,282360.00,160060.00,513895.00,20530.00,93415.00,156440.00,242200.00,1305.00,4580.00,960890.00,275455.00,300170.00,153090.00,139180.00,93005.00,2426235.00,2.50
"9330001.01",2310.00,195.00,5.00,2120.00,35.00,1675.00,60.00,350.00,0.00,0.00,2315.00,525.00,695.00,455.00,430.00,205.00,6135.00,2.60
"9330001.02",2085.00,140.00,65.00,1885.00,0.00,1165.00,75.00,650.00,0.00,0.00,2090.00,445.00,735.00,425.00,350.00,135.00,5310.00,2.50
"9330002.01",2510.00,615.00,640.00,1250.00,0.00,315.00,320.00,610.00,0.00,0.00,2510.00,765.00,775.00,440.00,345.00,185.00,6090.00,2.40
"9330002.03",1295.00,350.00,0.00,945.00,0.00,0.00,745.00,190.00,5.00,0.00,1295.00,200.00,360.00,230.00,255.00,250.00,4075.00,3.10
"9330002.04",1560.00,345.00,0.00,1215.00,10.00,280.00,415.00,510.00,0.00,0.00,1560.00,395.00,460.00,265.00,255.00,190.00,4230.00,2.70
"9330003.01",1080.00,185.00,0.00,900.00,5.00,5.00,730.00,165.00,0.00,0.00,1080.00,150.00,245.00,175.00,230.00,275.00,3705.00,3.40
"9330003.02",1315.00,135.00,0.00,1180.00,5.00,10.00,835.00,320.00,5.00,0.00,1315.00,260.00,265.00,225.00,240.00,320.00,4390.00,3.30
"9330004.01",1930.00,400.00,540.00,985.00,30.00,115.00,525.00,310.00,0.00,0.00,1930.00,645.00,540.00,305.00,260.00,180.00,4720.00,2.40
"9330004.02",1690.00,210.00,0.00,1480.00,25.00,0.00,1040.00,410.00,0.00,0.00,1690.00,335.00,340.00,310.00,320.00,385.00,5525.00,3.30
"9330005.00",4325.00,30.00,130.00,4165.00,40.00,145.00,30.00,3945.00,10.00,5.00,4325.00,2415.00,1225.00,395.00,225.00,65.00,7300.00,1.70
"9330006.01",1690.00,660.00,0.00,1025.00,280.00,0.00,400.00,330.00,5.00,0.00,1685.00,355.00,455.00,400.00,290.00,185.00,4670.00,2.80
"9330006.02",1825.00,675.00,90.00,1060.00,235.00,95.00,390.00,340.00,5.00,0.00,1830.00,405.00,510.00,380.00,330.00,200.00,5060.00,2.80
"9330007.01",2155.00,995.00,230.00,930.00,5.00,30.00,285.00,590.00,25.00,0.00,2155.00,590.00,625.00,385.00,365.00,195.00,5540.00,2.60
"9330007.02",1155.00,890.00,5.00,260.00,5.00,25.00,140.00,85.00,0.00,0.00,1150.00,180.00,360.00,205.00,230.00,185.00,3455.00,3.00
"9330008.01",575.00,265.00,0.00,310.00,0.00,80.00,0.00,230.00,0.00,0.00,580.00,120.00,190.00,80.00,95.00,90.00,1655.00,2.90
"9330008.02",1495.00,1115.00,0.00,380.00,5.00,0.00,220.00,150.00,10.00,0.00,1495.00,275.00,475.00,275.00,305.00,170.00,4205.00,2.80
"9330009.00",3195.00,1025.00,605.00,1560.00,10.00,15.00,225.00,1320.00,0.00,0.00,3200.00,1180.00,1005.00,455.00,355.00,200.00,7085.00,2.20
"9330010.01",2210.00,705.00,605.00,900.00,15.00,185.00,70.00,635.00,5.00,0.00,2210.00,710.00,665.00,355.00,295.00,180.00,5355.00,2.40
"9330010.02",1645.00,805.00,335.00,505.00,5.00,70.00,130.00,300.00,0.00,0.00,1650.00,350.00,490.00,295.00,300.00,215.00,4640.00,2.80
"9330011.00",2310.00,315.00,0.00,2000.00,5.00,65.00,1110.00,765.00,45.00,0.00,2310.00,565.00,615.00,380.00,385.00,370.00,6615.00,2.90
"9330012.00",2905.00,835.00,15.00,2060.00,105.00,55.00,1285.00,595.00,20.00,0.00,2905.00,660.00,855.00,490.00,530.00,370.00,8080.00,2.80
"9330013.01",2155.00,470.00,0.00,1685.00,5.00,80.00,1150.00,395.00,50.00,0.00,2155.00,455.00,540.00,405.00,375.00,370.00,6475.00,3.00
"9330013.03",1560.00,235.00,0.00,1325.00,35.00,30.00,920.00,345.00,0.00,0.00,1560.00,275.00,390.00,290.00,270.00,330.00,4980.00,3.20
"9330013.04",1100.00,275.00,0.00,825.00,0.00,0.00,615.00,210.00,0.00,0.00,1100.00,160.00,270.00,215.00,220.00,235.00,3635.00,3.30
"9330014.01",1015.00,290.00,0.00,730.00,10.00,0.00,435.00,280.00,5.00,0.00,1015.00,180.00,280.00,195.00,175.00,180.00,3075.00,3.00
"9330014.02",2055.00,390.00,0.00,1670.00,25.00,85.00,855.00,690.00,10.00,0.00,2055.00,480.00,535.00,375.00,335.00,330.00,5965.00,2.90
"9330015.01",1735.00,585.00,0.00,1145.00,0.00,0.00,1000.00,150.00,0.00,0.00,1735.00,270.00,455.00,340.00,360.00,305.00,5475.00,3.20
"9330015.02",2050.00,620.00,0.00,1430.00,5.00,0.00,880.00,550.00,0.00,0.00,2050.00,470.00,505.00,380.00,390.00,305.00,5925.00,2.90
"9330016.01",1765.00,190.00,75.00,1505.00,10.00,125.00,840.00,520.00,5.00,0.00,1770.00,415.00,435.00,310.00,305.00,300.00,5175.00,2.90
"9330016.04",2620.00,490.00,280.00,1845.00,30.00,30.00,950.00,835.00,5.00,0.00,2625.00,580.00,760.00,550.00,370.00,355.00,7345.00,2.80
"9330016.05",1815.00,130.00,355.00,1330.00,0.00,30.00,750.00,485.00,60.00,0.00,1815.00,525.00,500.00,295.00,280.00,220.00,4760.00,2.60
"9330016.06",2445.00,0.00,1980.00,470.00,0.00,0.00,0.00,470.00,0.00,0.00,2450.00,975.00,855.00,380.00,165.00,75.00,4890.00,2.00
"9330017.01",2645.00,465.00,385.00,1800.00,15.00,100.00,1335.00,325.00,25.00,0.00,2645.00,585.00,725.00,525.00,435.00,380.00,7525.00,2.80
"9330017.02",2290.00,475.00,100.00,1720.00,10.00,45.00,1120.00,540.00,5.00,0.00,2290.00,510.00,590.00,450.00,410.00,330.00,6580.00,2.90
"9330018.01",2300.00,395.00,0.00,1905.00,5.00,0.00,1370.00,490.00,45.00,0.00,2300.00,415.00,615.00,470.00,430.00,365.00,6910.00,3.00
"9330018.02",2400.00,475.00,5.00,1920.00,10.00,0.00,1550.00,360.00,0.00,0.00,2400.00,495.00,645.00,460.00,475.00,325.00,6925.00,2.90
"9330019.00",1925.00,580.00,140.00,1205.00,55.00,0.00,800.00,345.00,0.00,0.00,1920.00,595.00,540.00,330.00,305.00,155.00,4755.00,2.50
"9330020.00",840.00,420.00,65.00,350.00,10.00,145.00,70.00,125.00,0.00,0.00,845.00,180.00,270.00,170.00,130.00,90.00,2285.00,2.70
"9330021.00",1230.00,1025.00,0.00,200.00,5.00,0.00,115.00,75.00,5.00,0.00,1230.00,185.00,375.00,240.00,235.00,190.00,3670.00,3.00
"9330022.00",1680.00,85.00,960.00,635.00,20.00,30.00,45.00,540.00,0.00,0.00,1680.00,840.00,505.00,180.00,115.00,40.00,3060.00,1.80
"9330023.00",1365.00,925.00,0.00,445.00,0.00,5.00,400.00,30.00,0.00,0.00,1370.00,180.00,405.00,285.00,325.00,170.00,4065.00,3.00
"9330024.00",1985.00,1370.00,5.00,610.00,5.00,0.00,530.00,75.00,0.00,0.00,1990.00,330.00,575.00,375.00,460.00,240.00,5785.00,2.90
"9330025.00",2690.00,1400.00,0.00,1290.00,0.00,0.00,980.00,305.00,5.00,0.00,2695.00,560.00,785.00,535.00,565.00,245.00,7315.00,2.70
"9330026.00",1760.00,1165.00,0.00,595.00,20.00,0.00,345.00,230.00,0.00,0.00,1760.00,420.00,495.00,365.00,330.00,155.00,4675.00,2.70
"9330027.01",1430.00,755.00,230.00,450.00,0.00,185.00,210.00,55.00,0.00,0.00,1435.00,335.00,375.00,270.00,300.00,145.00,3960.00,2.80
"9330027.02",1385.00,460.00,255.00,665.00,0.00,50.00,150.00,465.00,0.00,0.00,1385.00,300.00,440.00,290.00,245.00,110.00,3630.00,2.60
"9330028.00",1165.00,625.00,0.00,540.00,0.00,35.00,140.00,360.00,0.00,0.00,1160.00,290.00,395.00,160.00,180.00,140.00,3050.00,2.60
"9330029.00",2780.00,660.00,215.00,1900.00,60.00,35.00,685.00,1120.00,5.00,0.00,2780.00,885.00,945.00,385.00,380.00,190.00,6495.00,2.30
"9330030.00",2585.00,805.00,0.00,1785.00,15.00,90.00,1030.00,640.00,5.00,0.00,2585.00,590.00,870.00,400.00,455.00,275.00,6865.00,2.70
"9330031.01",2545.00,545.00,90.00,1915.00,30.00,80.00,895.00,905.00,10.00,0.00,2545.00,745.00,835.00,405.00,365.00,195.00,6135.00,2.40
"9330031.02",1780.00,290.00,0.00,1485.00,65.00,15.00,715.00,690.00,5.00,0.00,1780.00,430.00,595.00,315.00,270.00,170.00,4610.00,2.60
"9330032.00",3615.00,575.00,550.00,2500.00,105.00,120.00,1155.00,1065.00,40.00,0.00,3620.00,980.00,1130.00,680.00,555.00,280.00,9085.00,2.50
"9330033.01",1915.00,380.00,0.00,1535.00,10.00,60.00,930.00,530.00,0.00,0.00,1915.00,445.00,590.00,360.00,310.00,205.00,5170.00,2.70
"9330033.02",1020.00,165.00,0.00,855.00,40.00,20.00,660.00,140.00,0.00,0.00,1020.00,185.00,270.00,185.00,205.00,175.00,3135.00,3.10
"9330034.01",1785.00,365.00,0.00,1415.00,25.00,0.00,955.00,425.00,10.00,0.00,1780.00,385.00,495.00,315.00,310.00,285.00,5195.00,2.90
"9330034.02",2485.00,530.00,70.00,1890.00,85.00,210.00,1080.00,500.00,10.00,0.00,2485.00,540.00,720.00,485.00,405.00,340.00,7025.00,2.80
"9330035.01",1535.00,315.00,0.00,1220.00,10.00,35.00,955.00,225.00,0.00,0.00,1535.00,345.00,455.00,265.00,265.00,205.00,4295.00,2.80
"9330035.02",2635.00,530.00,130.00,1970.00,40.00,45.00,970.00,915.00,0.00,0.00,2635.00,700.00,760.00,490.00,425.00,265.00,6905.00,2.60
"9330036.01",2085.00,665.00,0.00,1420.00,0.00,0.00,1115.00,305.00,5.00,0.00,2085.00,410.00,595.00,400.00,365.00,320.00,6120.00,2.90
"9330036.02",2045.00,770.00,0.00,1280.00,5.00,0.00,1070.00,210.00,0.00,0.00,2045.00,375.00,550.00,415.00,390.00,310.00,6115.00,3.00
"9330037.01",2020.00,160.00,0.00,1860.00,260.00,20.00,605.00,965.00,0.00,0.00,2015.00,560.00,675.00,355.00,300.00,130.00,4905.00,2.40
"9330037.02",1600.00,110.00,0.00,1490.00,190.00,10.00,400.00,885.00,0.00,0.00,1600.00,575.00,475.00,285.00,165.00,100.00,3625.00,2.30
"9330038.00",2900.00,50.00,415.00,2435.00,55.00,120.00,225.00,2025.00,5.00,0.00,2900.00,1290.00,1050.00,305.00,175.00,75.00,5435.00,1.90
"9330039.01",3370.00,105.00,235.00,3030.00,85.00,55.00,185.00,2710.00,5.00,0.00,3370.00,1635.00,1205.00,315.00,175.00,35.00,5880.00,1.70
"9330039.02",2990.00,20.00,770.00,2190.00,25.00,90.00,30.00,2030.00,20.00,0.00,2985.00,1385.00,1045.00,325.00,200.00,35.00,5420.00,1.80
"9330040.01",2840.00,0.00,750.00,2090.00,10.00,35.00,5.00,2040.00,0.00,0.00,2845.00,1810.00,860.00,135.00,40.00,5.00,4110.00,1.40
"9330040.02",2955.00,20.00,735.00,2200.00,20.00,15.00,10.00,2155.00,0.00,0.00,2950.00,1725.00,995.00,170.00,60.00,10.00,4495.00,1.50
"9330041.01",2775.00,10.00,760.00,2005.00,55.00,10.00,5.00,1940.00,0.00,0.00,2770.00,1515.00,1035.00,155.00,60.00,10.00,4335.00,1.60
"9330041.02",3700.00,200.00,655.00,2840.00,220.00,95.00,365.00,2160.00,0.00,0.00,3700.00,1535.00,1295.00,500.00,290.00,75.00,7205.00,1.90
"9330042.00",2640.00,620.00,0.00,2015.00,45.00,15.00,1140.00,810.00,5.00,0.00,2640.00,705.00,875.00,455.00,415.00,185.00,6485.00,2.50
"9330043.01",1675.00,515.00,255.00,895.00,25.00,15.00,525.00,330.00,0.00,0.00,1670.00,495.00,530.00,270.00,265.00,115.00,4040.00,2.40
"9330043.02",1600.00,810.00,0.00,785.00,0.00,0.00,545.00,240.00,0.00,0.00,1595.00,295.00,545.00,285.00,315.00,155.00,4325.00,2.70
"9330044.00",2110.00,845.00,165.00,1095.00,35.00,45.00,330.00,690.00,5.00,0.00,2110.00,755.00,725.00,260.00,235.00,135.00,4685.00,2.20
"9330045.01",2360.00,190.00,0.00,2175.00,270.00,75.00,380.00,1440.00,5.00,0.00,2360.00,840.00,980.00,285.00,215.00,45.00,4765.00,2.00
"9330045.02",2780.00,170.00,35.00,2575.00,385.00,15.00,635.00,1535.00,5.00,0.00,2780.00,970.00,1025.00,420.00,280.00,90.00,5855.00,2.10
"9330046.00",3055.00,75.00,20.00,2965.00,70.00,100.00,115.00,2675.00,5.00,0.00,3060.00,1600.00,1025.00,280.00,125.00,30.00,5145.00,1.70
"9330047.01",2265.00,20.00,450.00,1795.00,80.00,25.00,15.00,1670.00,5.00,0.00,2265.00,1275.00,800.00,130.00,50.00,5.00,3505.00,1.50
"9330047.02",2680.00,15.00,90.00,2580.00,10.00,65.00,15.00,2480.00,10.00,0.00,2680.00,1540.00,945.00,135.00,50.00,15.00,4105.00,1.50
"9330048.00",4775.00,95.00,1445.00,3235.00,190.00,165.00,120.00,2735.00,20.00,0.00,4775.00,2510.00,1680.00,380.00,175.00,30.00,7870.00,1.60
"9330049.01",7725.00,40.00,4375.00,3305.00,100.00,545.00,25.00,2630.00,0.00,0.00,7725.00,3445.00,3135.00,775.00,320.00,55.00,13595.00,1.80
"9330049.02",3140.00,0.00,1590.00,1540.00,0.00,200.00,0.00,1335.00,0.00,10.00,3140.00,1365.00,1205.00,345.00,190.00,35.00,5765.00,1.80
"9330050.02",3475.00,150.00,270.00,3050.00,115.00,70.00,300.00,2565.00,10.00,0.00,3475.00,1715.00,1160.00,330.00,190.00,80.00,6220.00,1.80
"9330050.03",3680.00,40.00,1010.00,2630.00,10.00,105.00,45.00,2470.00,5.00,0.00,3680.00,2040.00,1245.00,265.00,105.00,20.00,5860.00,1.60
"9330050.04",1875.00,15.00,280.00,1580.00,10.00,10.00,40.00,1510.00,10.00,0.00,1875.00,1060.00,545.00,160.00,90.00,25.00,3110.00,1.70
"9330051.01",1310.00,370.00,0.00,945.00,140.00,10.00,635.00,160.00,0.00,0.00,1310.00,315.00,410.00,260.00,215.00,110.00,3380.00,2.60
"9330051.02",1740.00,545.00,80.00,1120.00,0.00,35.00,680.00,400.00,0.00,0.00,1740.00,475.00,490.00,305.00,260.00,200.00,4590.00,2.60
"9330052.01",2225.00,500.00,65.00,1660.00,0.00,135.00,1100.00,425.00,5.00,0.00,2220.00,630.00,585.00,380.00,335.00,295.00,6005.00,2.70
"9330052.02",2220.00,735.00,0.00,1480.00,45.00,210.00,825.00,405.00,0.00,0.00,2215.00,525.00,615.00,410.00,395.00,275.00,6140.00,2.80
"9330053.01",2460.00,820.00,0.00,1640.00,0.00,45.00,1150.00,440.00,5.00,0.00,2460.00,625.00,740.00,460.00,365.00,275.00,6535.00,2.70
"9330053.02",1395.00,485.00,45.00,855.00,10.00,0.00,575.00,275.00,0.00,0.00,1395.00,405.00,465.00,195.00,200.00,125.00,3445.00,2.50
"9330054.01",1620.00,375.00,0.00,1240.00,110.00,0.00,765.00,360.00,5.00,5.00,1620.00,410.00,565.00,305.00,235.00,110.00,3995.00,2.50
"9330054.02",1575.00,645.00,0.00,930.00,15.00,0.00,790.00,115.00,5.00,0.00,1575.00,315.00,470.00,300.00,295.00,200.00,4475.00,2.80
"9330055.01",2615.00,285.00,0.00,2320.00,40.00,70.00,540.00,1650.00,20.00,0.00,2610.00,1105.00,820.00,325.00,225.00,135.00,5380.00,2.10
"9330055.02",2435.00,175.00,0.00,2260.00,15.00,15.00,250.00,1980.00,0.00,0.00,2435.00,1245.00,800.00,210.00,110.00,70.00,4325.00,1.80
"9330056.01",2400.00,55.00,325.00,2020.00,35.00,30.00,90.00,1865.00,5.00,0.00,2400.00,1290.00,720.00,240.00,105.00,45.00,4110.00,1.70
"9330056.02",2300.00,155.00,95.00,2050.00,95.00,115.00,300.00,1535.00,5.00,0.00,2295.00,960.00,800.00,285.00,195.00,60.00,4515.00,2.00
"9330057.01",1475.00,45.00,765.00,675.00,15.00,135.00,20.00,500.00,0.00,0.00,1475.00,830.00,410.00,95.00,85.00,60.00,2600.00,1.80
"9330057.02",2225.00,260.00,475.00,1495.00,95.00,145.00,330.00,925.00,0.00,0.00,2225.00,1025.00,650.00,265.00,180.00,110.00,4475.00,2.00
"9330058.00",2090.00,20.00,1005.00,1065.00,5.00,0.00,20.00,1030.00,10.00,0.00,2090.00,1690.00,295.00,50.00,25.00,20.00,2680.00,1.30
"9330059.06",4375.00,0.00,3535.00,840.00,0.00,30.00,0.00,805.00,5.00,0.00,4375.00,3245.00,930.00,140.00,45.00,10.00,5775.00,1.30
"9330059.07",2670.00,0.00,2550.00,115.00,0.00,115.00,0.00,5.00,0.00,0.00,2670.00,1080.00,1155.00,265.00,145.00,25.00,4890.00,1.80
"9330059.08",3450.00,0.00,3215.00,235.00,0.00,185.00,5.00,50.00,0.00,0.00,3450.00,1315.00,1315.00,480.00,265.00,80.00,6850.00,2.00
"9330059.09",4510.00,5.00,4355.00,150.00,0.00,90.00,10.00,50.00,0.00,0.00,4510.00,2845.00,1365.00,220.00,70.00,15.00,6580.00,1.50
"9330059.1",3920.00,0.00,3720.00,205.00,0.00,95.00,0.00,105.00,0.00,0.00,3925.00,2295.00,1275.00,245.00,90.00,15.00,6035.00,1.50
"9330059.11",4255.00,5.00,4170.00,80.00,0.00,45.00,0.00,40.00,0.00,0.00,4255.00,2305.00,1515.00,315.00,105.00,20.00,6805.00,1.60
"9330059.13",2600.00,0.00,2535.00,65.00,0.00,60.00,0.00,0.00,0.00,0.00,2595.00,1115.00,1100.00,280.00,85.00,10.00,4565.00,1.80
"9330059.14",4860.00,0.00,4660.00,195.00,0.00,130.00,0.00,70.00,0.00,0.00,4860.00,2110.00,1970.00,515.00,215.00,55.00,8730.00,1.80
"9330060.01",2055.00,5.00,1680.00,375.00,0.00,10.00,0.00,365.00,0.00,0.00,2055.00,1165.00,755.00,105.00,25.00,5.00,3125.00,1.50
"9330060.02",3990.00,0.00,3050.00,940.00,0.00,0.00,20.00,905.00,5.00,0.00,3990.00,2355.00,1360.00,195.00,60.00,15.00,5985.00,1.50
"9330061.00",3510.00,0.00,2965.00,540.00,0.00,10.00,0.00,530.00,0.00,0.00,3510.00,2150.00,1175.00,135.00,45.00,5.00,5115.00,1.50
"9330062.00",2355.00,0.00,2000.00,350.00,0.00,0.00,0.00,350.00,0.00,0.00,2355.00,1445.00,785.00,95.00,35.00,0.00,3430.00,1.50
"9330063.00",2550.00,10.00,1665.00,875.00,5.00,40.00,0.00,825.00,5.00,0.00,2545.00,1495.00,845.00,150.00,50.00,10.00,3885.00,1.50
"9330064.00",3085.00,0.00,2115.00,970.00,0.00,15.00,5.00,945.00,5.00,0.00,3085.00,1830.00,1035.00,165.00,50.00,5.00,4630.00,1.50
"9330065.00",4515.00,0.00,3565.00,950.00,0.00,5.00,5.00,935.00,5.00,0.00,4515.00,2565.00,1570.00,280.00,85.00,15.00,6970.00,1.50
"9330066.00",4595.00,0.00,4435.00,165.00,5.00,110.00,5.00,55.00,0.00,0.00,4600.00,1945.00,1745.00,565.00,275.00,70.00,8605.00,1.90
"9330067.01",2545.00,15.00,1660.00,875.00,0.00,15.00,10.00,850.00,0.00,0.00,2540.00,1585.00,755.00,145.00,45.00,10.00,3770.00,1.50
"9330067.02",2585.00,0.00,2350.00,230.00,0.00,60.00,0.00,170.00,5.00,0.00,2585.00,1070.00,1075.00,275.00,125.00,35.00,4755.00,1.80
"9330068.00",3490.00,5.00,2720.00,775.00,0.00,15.00,0.00,755.00,5.00,0.00,3495.00,2205.00,1075.00,150.00,50.00,15.00,5080.00,1.50
"9330069.01",3880.00,350.00,1070.00,2465.00,50.00,470.00,50.00,1895.00,0.00,0.00,3880.00,1125.00,1300.00,765.00,525.00,170.00,9035.00,2.30
"9330069.02",2130.00,5.00,1165.00,965.00,15.00,155.00,0.00,795.00,0.00,0.00,2130.00,650.00,605.00,470.00,310.00,85.00,4990.00,2.30
"9330100.01",1605.00,350.00,30.00,1220.00,190.00,195.00,340.00,495.00,5.00,5.00,1605.00,460.00,480.00,280.00,280.00,100.00,3935.00,2.50
"9330100.02",3220.00,485.00,175.00,2555.00,230.00,330.00,645.00,1350.00,10.00,0.00,3215.00,1100.00,1045.00,495.00,390.00,185.00,7280.00,2.30
"9330101.03",3255.00,0.00,1375.00,1875.00,5.00,30.00,5.00,1840.00,0.00,0.00,3255.00,1755.00,1065.00,300.00,120.00,15.00,5365.00,1.60
"9330101.04",2475.00,0.00,1575.00,900.00,0.00,55.00,5.00,845.00,0.00,0.00,2475.00,1190.00,855.00,280.00,120.00,35.00,4390.00,1.80
"9330101.05",2335.00,150.00,55.00,2130.00,180.00,335.00,90.00,1520.00,5.00,0.00,2340.00,890.00,770.00,345.00,250.00,80.00,4900.00,2.10
"9330101.06",2870.00,5.00,2015.00,825.00,5.00,50.00,0.00,765.00,0.00,25.00,2870.00,1465.00,1060.00,240.00,80.00,25.00,4750.00,1.70
"9330102.01",160.00,35.00,0.00,115.00,0.00,35.00,70.00,5.00,0.00,10.00,160.00,25.00,35.00,20.00,30.00,55.00,580.00,3.60
"9330102.02",2415.00,415.00,100.00,1900.00,40.00,555.00,345.00,960.00,0.00,0.00,2420.00,550.00,760.00,525.00,420.00,160.00,6185.00,2.60
"9330103.00",3660.00,470.00,360.00,2830.00,75.00,140.00,615.00,2000.00,0.00,0.00,3660.00,1425.00,1190.00,535.00,365.00,150.00,7690.00,2.10
"9330104.00",2805.00,1070.00,0.00,1730.00,175.00,260.00,860.00,435.00,0.00,0.00,2805.00,555.00,830.00,575.00,575.00,265.00,7700.00,2.70
"9330110.02",1085.00,595.00,0.00,485.00,35.00,145.00,225.00,75.00,0.00,0.00,1085.00,165.00,380.00,180.00,235.00,120.00,3065.00,2.80
"9330110.03",1215.00,680.00,15.00,520.00,75.00,130.00,160.00,160.00,0.00,0.00,1215.00,260.00,440.00,200.00,230.00,90.00,3130.00,2.60
"9330110.04",1445.00,875.00,65.00,500.00,15.00,245.00,180.00,65.00,0.00,0.00,1440.00,200.00,410.00,315.00,380.00,140.00,4230.00,2.90
"9330111.02",2750.00,1525.00,30.00,1195.00,85.00,230.00,365.00,515.00,0.00,0.00,2750.00,490.00,925.00,510.00,595.00,240.00,7550.00,2.70
"9330111.04",920.00,80.00,755.00,85.00,55.00,0.00,15.00,15.00,0.00,0.00,920.00,365.00,340.00,115.00,65.00,35.00,1855.00,2.00
"9330111.05",1720.00,565.00,65.00,1085.00,45.00,520.00,210.00,305.00,0.00,0.00,1725.00,325.00,560.00,335.00,360.00,135.00,4655.00,2.70
"9330111.06",35.00,15.00,0.00,15.00,0.00,0.00,15.00,0.00,0.00,5.00,40.00,5.00,10.00,5.00,5.00,5.00,125.00,3.60
"9330111.07",1675.00,220.00,185.00,1275.00,105.00,540.00,190.00,440.00,5.00,0.00,1675.00,395.00,545.00,320.00,295.00,120.00,4280.00,2.50
"9330112.00",1100.00,525.00,180.00,385.00,5.00,0.00,380.00,5.00,0.00,0.00,1095.00,300.00,345.00,180.00,195.00,85.00,2755.00,2.50
"9330113.00",2975.00,1105.00,310.00,1555.00,30.00,225.00,410.00,890.00,0.00,0.00,2975.00,760.00,880.00,545.00,585.00,205.00,7610.00,2.60
"9330114.01",960.00,630.00,0.00,330.00,0.00,110.00,220.00,0.00,0.00,0.00,960.00,130.00,250.00,180.00,280.00,115.00,2910.00,3.00
"9330114.02",1790.00,1060.00,0.00,730.00,5.00,0.00,625.00,100.00,0.00,0.00,1790.00,260.00,545.00,325.00,425.00,230.00,5265.00,2.90
"9330115.00",1990.00,895.00,0.00,1100.00,10.00,210.00,525.00,355.00,0.00,0.00,1990.00,405.00,575.00,390.00,415.00,210.00,5515.00,2.80
"9330116.00",1795.00,1170.00,0.00,630.00,5.00,75.00,450.00,105.00,0.00,0.00,1795.00,255.00,575.00,340.00,425.00,210.00,5240.00,2.90
"9330117.00",2145.00,1380.00,0.00,760.00,5.00,50.00,485.00,225.00,0.00,0.00,2140.00,385.00,715.00,375.00,455.00,210.00,5895.00,2.80
"9330118.00",3495.00,1220.00,1160.00,1105.00,35.00,55.00,430.00,580.00,0.00,5.00,3495.00,1115.00,1090.00,620.00,480.00,185.00,8065.00,2.30
"9330119.00",825.00,530.00,0.00,290.00,0.00,65.00,110.00,115.00,0.00,0.00,825.00,175.00,255.00,145.00,155.00,100.00,2270.00,2.80
"9330120.00",1355.00,900.00,0.00,455.00,55.00,195.00,110.00,100.00,0.00,0.00,1355.00,230.00,440.00,240.00,305.00,140.00,3800.00,2.80
"9330121.00",1440.00,1235.00,0.00,210.00,0.00,0.00,205.00,0.00,0.00,0.00,1440.00,150.00,420.00,260.00,415.00,195.00,4495.00,3.10
"9330122.00",1360.00,1080.00,0.00,280.00,20.00,30.00,225.00,0.00,0.00,0.00,1355.00,145.00,405.00,250.00,390.00,165.00,4155.00,3.10
"9330130.01",2640.00,190.00,1830.00,620.00,105.00,45.00,90.00,375.00,5.00,0.00,2640.00,1410.00,895.00,185.00,120.00,25.00,4385.00,1.70
"9330130.03",2450.00,300.00,1500.00,640.00,15.00,65.00,210.00,350.00,0.00,5.00,2450.00,1165.00,765.00,270.00,195.00,60.00,4600.00,1.90
"9330130.04",1310.00,290.00,875.00,50.00,10.00,0.00,35.00,0.00,0.00,95.00,1310.00,510.00,385.00,190.00,130.00,95.00,2915.00,2.20
"9330131.00",2580.00,1685.00,0.00,890.00,10.00,40.00,440.00,410.00,0.00,0.00,2580.00,625.00,780.00,450.00,470.00,255.00,6790.00,2.60
"9330132.00",1260.00,1105.00,0.00,150.00,10.00,0.00,130.00,15.00,0.00,0.00,1260.00,185.00,420.00,225.00,275.00,160.00,3650.00,2.90
"9330133.01",1430.00,1080.00,45.00,305.00,110.00,0.00,115.00,80.00,0.00,0.00,1430.00,300.00,520.00,240.00,270.00,95.00,3670.00,2.60
"9330133.02",2245.00,1670.00,150.00,425.00,100.00,200.00,120.00,0.00,0.00,0.00,2245.00,280.00,915.00,400.00,425.00,225.00,6210.00,2.80
"9330134.00",2695.00,1880.00,0.00,815.00,115.00,35.00,245.00,415.00,0.00,0.00,2690.00,475.00,895.00,520.00,515.00,280.00,7450.00,2.80
"9330135.00",1640.00,1440.00,0.00,200.00,30.00,10.00,155.00,0.00,0.00,5.00,1640.00,210.00,525.00,315.00,370.00,220.00,4910.00,3.00
"9330140.02",3010.00,1195.00,0.00,1815.00,75.00,595.00,70.00,1080.00,0.00,5.00,3010.00,820.00,1030.00,500.00,450.00,205.00,7320.00,2.40
"9330140.03",1520.00,525.00,0.00,995.00,0.00,430.00,170.00,400.00,5.00,5.00,1520.00,365.00,435.00,245.00,240.00,235.00,4290.00,2.80
"9330140.04",1610.00,770.00,0.00,795.00,15.00,595.00,160.00,25.00,0.00,40.00,1610.00,200.00,390.00,345.00,395.00,275.00,5185.00,3.20
"9330141.01",3295.00,1445.00,0.00,1850.00,70.00,785.00,150.00,845.00,0.00,0.00,3290.00,815.00,1035.00,600.00,605.00,230.00,8355.00,2.50
"9330141.02",400.00,45.00,0.00,350.00,0.00,45.00,0.00,310.00,0.00,0.00,400.00,155.00,150.00,50.00,35.00,10.00,785.00,2.00
"9330142.01",2050.00,1240.00,0.00,810.00,50.00,325.00,210.00,220.00,0.00,5.00,2050.00,290.00,625.00,440.00,445.00,255.00,6030.00,2.90
"9330142.02",1795.00,1025.00,140.00,630.00,10.00,515.00,95.00,15.00,5.00,0.00,1795.00,300.00,535.00,400.00,380.00,180.00,5115.00,2.80
"9330142.03",2295.00,1075.00,0.00,1220.00,45.00,20.00,190.00,960.00,0.00,0.00,2295.00,580.00,645.00,440.00,395.00,240.00,6090.00,2.70
"9330143.01",1650.00,1260.00,0.00,385.00,65.00,105.00,205.00,10.00,0.00,0.00,1650.00,160.00,500.00,380.00,390.00,215.00,5090.00,3.10
"9330143.02",1610.00,795.00,170.00,650.00,55.00,410.00,115.00,80.00,0.00,0.00,1610.00,345.00,465.00,320.00,285.00,195.00,4525.00,2.80
"9330143.03",1645.00,940.00,0.00,700.00,15.00,240.00,65.00,380.00,0.00,0.00,1645.00,315.00,495.00,300.00,290.00,245.00,4785.00,2.90
"9330143.04",1800.00,1450.00,0.00,355.00,100.00,165.00,30.00,60.00,0.00,0.00,1800.00,215.00,520.00,405.00,375.00,290.00,5665.00,3.10
"9330144.03",790.00,435.00,0.00,355.00,5.00,115.00,210.00,25.00,5.00,0.00,790.00,125.00,205.00,165.00,155.00,145.00,2505.00,3.20
"9330144.04",2035.00,730.00,0.00,1310.00,75.00,250.00,155.00,830.00,0.00,0.00,2040.00,510.00,560.00,375.00,335.00,260.00,5560.00,2.70
"9330144.05",930.00,450.00,0.00,485.00,5.00,265.00,165.00,40.00,0.00,0.00,930.00,130.00,270.00,220.00,175.00,135.00,2815.00,3.00
"9330144.06",1750.00,905.00,0.00,840.00,35.00,320.00,330.00,155.00,5.00,0.00,1750.00,265.00,445.00,400.00,345.00,300.00,5440.00,3.10
"9330145.01",1435.00,765.00,0.00,670.00,140.00,305.00,110.00,110.00,5.00,0.00,1435.00,205.00,390.00,340.00,285.00,210.00,4390.00,3.10
"9330145.02",1020.00,775.00,0.00,250.00,25.00,165.00,55.00,0.00,0.00,0.00,1020.00,110.00,305.00,225.00,200.00,180.00,3230.00,3.20
"9330146.00",2365.00,960.00,0.00,1400.00,35.00,610.00,505.00,245.00,5.00,0.00,2365.00,450.00,675.00,475.00,365.00,405.00,7060.00,3.00
"9330147.01",4095.00,325.00,905.00,2865.00,145.00,2255.00,80.00,385.00,0.00,0.00,4095.00,850.00,1255.00,1005.00,660.00,325.00,10875.00,2.70
"9330147.04",2420.00,10.00,205.00,2205.00,20.00,695.00,5.00,1485.00,0.00,0.00,2415.00,815.00,815.00,420.00,250.00,120.00,5365.00,2.20
"9330147.05",1825.00,10.00,360.00,1455.00,10.00,415.00,5.00,1025.00,0.00,0.00,1830.00,450.00,585.00,405.00,265.00,120.00,4555.00,2.50
"9330147.07",2770.00,5.00,2025.00,730.00,10.00,85.00,0.00,635.00,0.00,0.00,2765.00,1015.00,985.00,455.00,220.00,90.00,5710.00,2.10
"9330147.08",3530.00,85.00,350.00,3095.00,10.00,410.00,45.00,2625.00,0.00,0.00,3535.00,1165.00,1160.00,655.00,375.00,175.00,7955.00,2.30
"9330147.09",1605.00,5.00,155.00,1445.00,0.00,420.00,0.00,1025.00,0.00,0.00,1605.00,500.00,470.00,320.00,215.00,100.00,3795.00,2.40
"9330147.1",1940.00,45.00,225.00,1675.00,45.00,415.00,5.00,1210.00,0.00,0.00,1940.00,615.00,645.00,375.00,240.00,75.00,4355.00,2.20
"9330148.00",5330.00,445.00,4120.00,760.00,0.00,50.00,170.00,540.00,0.00,5.00,5330.00,1900.00,1965.00,805.00,425.00,235.00,11300.00,2.10
"9330149.02",1550.00,920.00,0.00,630.00,135.00,145.00,240.00,110.00,0.00,0.00,1550.00,215.00,465.00,320.00,325.00,230.00,4725.00,3.00
"9330149.05",675.00,510.00,0.00,160.00,5.00,95.00,40.00,15.00,0.00,0.00,670.00,65.00,185.00,155.00,140.00,125.00,2175.00,3.20
"9330149.06",1735.00,745.00,0.00,990.00,40.00,905.00,5.00,35.00,0.00,0.00,1735.00,230.00,540.00,470.00,350.00,150.00,4945.00,2.90
"9330149.07",845.00,670.00,5.00,170.00,35.00,0.00,130.00,10.00,0.00,0.00,845.00,115.00,220.00,180.00,180.00,155.00,2665.00,3.20
"9330149.08",1810.00,590.00,100.00,1120.00,10.00,330.00,10.00,770.00,0.00,0.00,1810.00,465.00,525.00,375.00,295.00,155.00,4670.00,2.60
"9330149.09",1035.00,340.00,0.00,690.00,30.00,370.00,80.00,215.00,0.00,0.00,1030.00,195.00,275.00,240.00,195.00,130.00,2980.00,2.90
"9330150.00",300.00,245.00,0.00,55.00,5.00,0.00,50.00,0.00,0.00,0.00,300.00,55.00,100.00,60.00,55.00,25.00,815.00,2.70
"9330151.03",975.00,480.00,155.00,335.00,20.00,140.00,100.00,75.00,0.00,0.00,975.00,175.00,275.00,185.00,165.00,175.00,3010.00,3.10
"9330151.05",1155.00,375.00,0.00,775.00,40.00,230.00,225.00,280.00,5.00,0.00,1155.00,200.00,300.00,200.00,225.00,220.00,3685.00,3.20
"9330151.06",1510.00,590.00,5.00,925.00,30.00,565.00,305.00,20.00,5.00,0.00,1510.00,130.00,370.00,330.00,335.00,345.00,5240.00,3.50
"9330151.07",1540.00,125.00,965.00,445.00,20.00,5.00,65.00,345.00,0.00,5.00,1540.00,560.00,575.00,240.00,105.00,55.00,3175.00,2.10
"9330151.08",3800.00,1005.00,500.00,2295.00,230.00,800.00,130.00,1135.00,0.00,0.00,3800.00,735.00,1210.00,845.00,605.00,405.00,10435.00,2.70
"9330160.01",1660.00,1470.00,0.00,190.00,45.00,15.00,120.00,10.00,5.00,5.00,1660.00,245.00,620.00,280.00,350.00,160.00,4605.00,2.80
"9330160.02",3120.00,1770.00,100.00,1255.00,165.00,110.00,90.00,890.00,0.00,0.00,3120.00,915.00,1260.00,400.00,410.00,130.00,6985.00,2.20
"9330160.03",2050.00,1495.00,0.00,550.00,20.00,50.00,210.00,270.00,0.00,0.00,2045.00,385.00,745.00,345.00,390.00,185.00,5450.00,2.70
"9330160.04",1810.00,835.00,70.00,900.00,0.00,0.00,95.00,805.00,0.00,5.00,1810.00,615.00,695.00,250.00,170.00,85.00,3880.00,2.10
"9330161.02",2365.00,1010.00,5.00,1315.00,60.00,150.00,340.00,755.00,10.00,40.00,2370.00,750.00,735.00,360.00,340.00,175.00,5645.00,2.40
"9330161.03",2490.00,1410.00,0.00,1070.00,175.00,225.00,250.00,420.00,5.00,0.00,2485.00,575.00,855.00,375.00,440.00,235.00,6485.00,2.60
"9330161.05",2040.00,1170.00,0.00,865.00,55.00,320.00,335.00,155.00,0.00,0.00,2040.00,365.00,685.00,370.00,405.00,215.00,5655.00,2.80
"9330161.06",1760.00,1180.00,35.00,540.00,135.00,105.00,70.00,230.00,5.00,0.00,1760.00,385.00,735.00,230.00,295.00,115.00,4325.00,2.50
"9330161.07",,,,,,,,,,,,,,,,,,
"9330161.08",325.00,220.00,0.00,100.00,0.00,5.00,5.00,85.00,0.00,5.00,325.00,75.00,145.00,50.00,35.00,20.00,750.00,2.40
"9330161.09",800.00,525.00,0.00,150.00,30.00,0.00,45.00,75.00,5.00,125.00,795.00,195.00,345.00,100.00,95.00,60.00,1980.00,2.50
"9330162.01",1830.00,1160.00,0.00,670.00,5.00,225.00,410.00,25.00,0.00,0.00,1830.00,210.00,565.00,380.00,400.00,285.00,5640.00,3.10
"9330162.02",2000.00,1440.00,0.00,560.00,15.00,0.00,520.00,25.00,0.00,0.00,2000.00,210.00,605.00,375.00,440.00,375.00,6505.00,3.30
"9330162.03",2340.00,640.00,120.00,1585.00,40.00,55.00,1215.00,275.00,5.00,5.00,2345.00,465.00,525.00,350.00,445.00,560.00,7680.00,3.30
"9330162.04",1875.00,1760.00,0.00,115.00,10.00,15.00,90.00,0.00,0.00,0.00,1875.00,185.00,610.00,370.00,450.00,260.00,5755.00,3.10
"9330163.01",1870.00,1100.00,0.00,775.00,140.00,295.00,325.00,5.00,0.00,0.00,1875.00,190.00,545.00,425.00,420.00,290.00,5875.00,3.10
"9330163.04",1825.00,1380.00,0.00,445.00,10.00,70.00,360.00,5.00,0.00,5.00,1825.00,200.00,550.00,370.00,430.00,270.00,5655.00,3.10
"9330163.05",1810.00,670.00,0.00,1140.00,15.00,25.00,650.00,450.00,0.00,0.00,1815.00,445.00,420.00,255.00,310.00,375.00,5515.00,3.00
"9330163.06",1355.00,470.00,0.00,885.00,20.00,75.00,555.00,225.00,0.00,0.00,1355.00,240.00,325.00,255.00,270.00,265.00,4330.00,3.20
"9330163.07",1490.00,650.00,110.00,740.00,25.00,125.00,485.00,105.00,0.00,0.00,1490.00,225.00,390.00,260.00,305.00,315.00,4855.00,3.30
"9330163.08",1265.00,795.00,0.00,465.00,30.00,30.00,380.00,25.00,0.00,0.00,1265.00,160.00,355.00,260.00,255.00,235.00,4030.00,3.20
"9330170.03",2590.00,45.00,615.00,1925.00,5.00,60.00,100.00,1760.00,5.00,0.00,2590.00,1550.00,850.00,115.00,45.00,20.00,3905.00,1.50
"9330170.04",2295.00,1045.00,120.00,1130.00,20.00,55.00,580.00,470.00,0.00,0.00,2300.00,760.00,880.00,300.00,230.00,130.00,5050.00,2.20
"9330170.05",1805.00,15.00,390.00,1395.00,5.00,10.00,10.00,1370.00,0.00,5.00,1810.00,1135.00,560.00,80.00,25.00,5.00,2625.00,1.50
"9330170.07",1550.00,820.00,135.00,590.00,35.00,20.00,390.00,140.00,5.00,0.00,1555.00,455.00,520.00,245.00,225.00,115.00,3745.00,2.40
"9330170.08",1760.00,610.00,0.00,1150.00,20.00,15.00,640.00,465.00,10.00,0.00,1760.00,580.00,710.00,220.00,165.00,80.00,3785.00,2.20
"9330180.01",2705.00,1290.00,0.00,1420.00,220.00,770.00,95.00,335.00,0.00,0.00,2710.00,460.00,970.00,465.00,585.00,225.00,7360.00,2.70
"9330180.03",3125.00,1970.00,0.00,1145.00,55.00,605.00,470.00,10.00,5.00,10.00,3125.00,515.00,1140.00,575.00,540.00,365.00,8760.00,2.80
"9330180.04",3680.00,785.00,40.00,2860.00,275.00,1785.00,25.00,775.00,0.00,0.00,3675.00,735.00,1315.00,785.00,625.00,215.00,9390.00,2.60
"9330181.03",1995.00,1555.00,75.00,360.00,40.00,0.00,135.00,185.00,5.00,0.00,1990.00,470.00,660.00,310.00,350.00,205.00,5210.00,2.60
"9330181.05",3490.00,1490.00,0.00,2000.00,65.00,335.00,205.00,1390.00,5.00,0.00,3490.00,1280.00,1335.00,415.00,315.00,145.00,7270.00,2.10
"9330181.07",1295.00,1110.00,0.00,190.00,20.00,35.00,85.00,50.00,5.00,0.00,1295.00,180.00,505.00,215.00,255.00,130.00,3580.00,2.80
"9330181.08",925.00,800.00,0.00,125.00,20.00,5.00,95.00,5.00,0.00,0.00,925.00,130.00,370.00,175.00,170.00,85.00,2530.00,2.70
"9330181.09",2225.00,1750.00,0.00,475.00,75.00,165.00,55.00,180.00,0.00,0.00,2225.00,400.00,800.00,365.00,440.00,225.00,6065.00,2.70
"9330181.1",2170.00,1480.00,0.00,695.00,170.00,175.00,40.00,315.00,0.00,0.00,2175.00,535.00,855.00,340.00,325.00,115.00,5215.00,2.40
"9330181.11",1395.00,275.00,0.00,1115.00,70.00,80.00,10.00,960.00,0.00,0.00,1390.00,610.00,540.00,140.00,75.00,35.00,2575.00,1.80
"9330181.12",950.00,760.00,0.00,190.00,10.00,110.00,25.00,50.00,0.00,0.00,955.00,115.00,340.00,190.00,180.00,130.00,2780.00,2.90
"9330181.13",1490.00,535.00,0.00,955.00,125.00,620.00,205.00,0.00,0.00,0.00,1490.00,345.00,635.00,200.00,200.00,100.00,3600.00,2.40
"9330181.14",1595.00,295.00,0.00,1295.00,200.00,680.00,35.00,370.00,5.00,0.00,1590.00,465.00,615.00,260.00,175.00,75.00,3590.00,2.20
"9330181.15",60.00,50.00,0.00,0.00,0.00,0.00,0.00,0.00,0.00,5.00,60.00,20.00,20.00,10.00,5.00,0.00,120.00,2.20
"9330181.16",2100.00,1595.00,0.00,480.00,45.00,215.00,185.00,35.00,0.00,20.00,2095.00,530.00,860.00,285.00,295.00,130.00,4985.00,2.40
"9330182.01",1535.00,965.00,0.00,365.00,5.00,0.00,340.00,20.00,0.00,200.00,1530.00,305.00,450.00,210.00,230.00,335.00,4915.00,3.20
"9330182.02",2020.00,1055.00,50.00,920.00,60.00,355.00,365.00,135.00,0.00,0.00,2025.00,245.00,430.00,350.00,545.00,445.00,6945.00,3.40
"9330182.03",1180.00,690.00,0.00,495.00,70.00,0.00,355.00,70.00,0.00,0.00,1180.00,135.00,325.00,210.00,245.00,270.00,3960.00,3.40
"9330182.04",540.00,455.00,0.00,80.00,0.00,0.00,75.00,5.00,0.00,0.00,540.00,45.00,170.00,95.00,125.00,105.00,1780.00,3.30
"9330182.05",2310.00,975.00,0.00,1330.00,80.00,495.00,535.00,220.00,5.00,0.00,2305.00,315.00,775.00,340.00,415.00,465.00,7325.00,3.20
"9330182.06",395.00,310.00,0.00,80.00,0.00,0.00,75.00,5.00,5.00,5.00,395.00,65.00,140.00,60.00,65.00,60.00,1170.00,3.00
"9330183.01",2020.00,1275.00,0.00,745.00,30.00,150.00,530.00,35.00,0.00,0.00,2020.00,255.00,610.00,365.00,445.00,335.00,6260.00,3.10
"9330183.03",2495.00,995.00,0.00,1500.00,55.00,185.00,375.00,880.00,5.00,0.00,2495.00,810.00,760.00,335.00,360.00,225.00,6065.00,2.40
"9330183.05",3560.00,1830.00,75.00,1655.00,265.00,945.00,405.00,35.00,0.00,0.00,3560.00,430.00,970.00,645.00,940.00,570.00,11295.00,3.20
"9330183.06",975.00,345.00,30.00,605.00,0.00,395.00,105.00,105.00,0.00,0.00,975.00,260.00,360.00,160.00,130.00,65.00,2370.00,2.40
"9330183.07",2275.00,1715.00,0.00,560.00,5.00,0.00,545.00,10.00,0.00,0.00,2275.00,290.00,835.00,395.00,440.00,310.00,6675.00,2.90
"9330183.08",3285.00,980.00,140.00,2175.00,55.00,1180.00,320.00,615.00,0.00,0.00,3290.00,940.00,980.00,555.00,540.00,280.00,8250.00,2.50
"9330183.09",4375.00,1395.00,0.00,2970.00,50.00,1530.00,1025.00,345.00,20.00,5.00,4375.00,965.00,1245.00,820.00,835.00,515.00,12130.00,2.80
"9330184.02",2985.00,485.00,0.00,2055.00,10.00,850.00,210.00,990.00,0.00,445.00,2985.00,880.00,845.00,480.00,445.00,335.00,7715.00,2.60
"9330184.06",3030.00,505.00,0.00,2525.00,70.00,100.00,1900.00,435.00,20.00,0.00,3030.00,585.00,495.00,445.00,610.00,895.00,10900.00,3.60
"9330184.07",1915.00,255.00,0.00,1665.00,50.00,610.00,355.00,655.00,0.00,0.00,1915.00,510.00,570.00,275.00,240.00,330.00,5360.00,2.80
"9330184.08",1565.00,370.00,0.00,1195.00,25.00,520.00,505.00,135.00,10.00,0.00,1570.00,215.00,325.00,290.00,345.00,395.00,5525.00,3.50
"9330184.09",1305.00,695.00,0.00,615.00,0.00,0.00,440.00,165.00,0.00,0.00,1305.00,140.00,290.00,250.00,265.00,360.00,4730.00,3.60
"9330184.1",1465.00,240.00,0.00,1225.00,5.00,0.00,820.00,405.00,0.00,0.00,1460.00,245.00,285.00,220.00,270.00,435.00,5190.00,3.50
"9330184.11",2605.00,790.00,0.00,1820.00,20.00,125.00,1335.00,335.00,0.00,0.00,2610.00,410.00,460.00,390.00,555.00,795.00,9575.00,3.70
"9330184.12",2440.00,485.00,5.00,1915.00,25.00,880.00,935.00,75.00,0.00,40.00,2445.00,365.00,480.00,470.00,610.00,525.00,8245.00,3.40
"9330184.13",1540.00,580.00,0.00,965.00,5.00,310.00,510.00,145.00,0.00,0.00,1545.00,210.00,380.00,275.00,345.00,340.00,5170.00,3.30
"9330184.14",3020.00,830.00,0.00,2195.00,15.00,1580.00,575.00,5.00,10.00,0.00,3025.00,530.00,805.00,585.00,710.00,395.00,8940.00,3.00
"9330184.15",870.00,520.00,0.00,350.00,0.00,0.00,225.00,120.00,0.00,0.00,870.00,75.00,165.00,140.00,210.00,280.00,3360.00,3.90
"9330184.16",1595.00,825.00,0.00,775.00,5.00,0.00,665.00,100.00,0.00,0.00,1595.00,205.00,355.00,245.00,335.00,465.00,5835.00,3.70
"9330185.05",1765.00,285.00,0.00,1475.00,75.00,235.00,405.00,765.00,0.00,0.00,1765.00,345.00,380.00,290.00,295.00,450.00,5920.00,3.40
"9330185.07",2585.00,1170.00,0.00,1420.00,0.00,0.00,1280.00,135.00,10.00,0.00,2585.00,310.00,510.00,435.00,565.00,765.00,9620.00,3.70
"9330185.08",425.00,355.00,0.00,65.00,5.00,0.00,65.00,0.00,0.00,0.00,425.00,35.00,135.00,70.00,80.00,110.00,1485.00,3.50
"9330185.09",1775.00,235.00,0.00,1540.00,5.00,425.00,280.00,835.00,0.00,0.00,1775.00,460.00,490.00,240.00,275.00,310.00,5115.00,2.90
"9330185.1",1495.00,300.00,0.00,1195.00,5.00,90.00,375.00,735.00,0.00,0.00,1495.00,185.00,275.00,225.00,295.00,520.00,5885.00,3.90
"9330185.11",2365.00,240.00,115.00,2010.00,20.00,430.00,525.00,1030.00,0.00,0.00,2365.00,485.00,525.00,370.00,395.00,590.00,7845.00,3.30
"9330185.12",1730.00,905.00,0.00,825.00,5.00,35.00,625.00,155.00,0.00,5.00,1735.00,175.00,335.00,285.00,390.00,555.00,6680.00,3.90
"9330185.15",1610.00,315.00,0.00,1135.00,10.00,110.00,580.00,435.00,0.00,155.00,1610.00,235.00,340.00,255.00,320.00,460.00,5850.00,3.60
"9330185.16",1265.00,405.00,0.00,860.00,35.00,0.00,565.00,265.00,0.00,0.00,1260.00,125.00,215.00,220.00,280.00,425.00,4960.00,3.90
"9330185.17",1315.00,560.00,0.00,755.00,80.00,295.00,195.00,190.00,0.00,0.00,1315.00,260.00,520.00,195.00,190.00,150.00,3515.00,2.70
"9330185.18",1460.00,565.00,0.00,895.00,10.00,205.00,545.00,140.00,5.00,0.00,1460.00,195.00,310.00,255.00,290.00,405.00,5295.00,3.60
"9330185.19",1895.00,125.00,0.00,1765.00,80.00,645.00,190.00,855.00,0.00,0.00,1895.00,370.00,440.00,330.00,385.00,365.00,5965.00,3.10
"9330185.2",1340.00,140.00,0.00,1200.00,5.00,320.00,630.00,240.00,5.00,0.00,1340.00,165.00,220.00,225.00,295.00,435.00,5165.00,3.90
"9330185.21",1270.00,45.00,0.00,1225.00,80.00,195.00,135.00,805.00,10.00,0.00,1265.00,255.00,350.00,220.00,215.00,225.00,3845.00,3.00
"9330185.22",950.00,35.00,0.00,915.00,0.00,0.00,250.00,665.00,0.00,0.00,950.00,110.00,140.00,175.00,200.00,325.00,3775.00,4.00
"9330186.01",2300.00,800.00,0.00,1505.00,30.00,40.00,1025.00,405.00,5.00,0.00,2300.00,430.00,555.00,420.00,395.00,495.00,7470.00,3.20
"9330186.02",1965.00,795.00,0.00,1170.00,15.00,0.00,755.00,390.00,0.00,0.00,1965.00,460.00,485.00,305.00,320.00,395.00,6065.00,3.10
"9330186.05",2250.00,360.00,80.00,1805.00,75.00,420.00,755.00,560.00,0.00,0.00,2245.00,415.00,495.00,355.00,420.00,560.00,7595.00,3.40
"9330186.06",1095.00,205.00,0.00,850.00,0.00,90.00,540.00,215.00,0.00,45.00,1095.00,135.00,190.00,185.00,240.00,345.00,4205.00,3.80
"9330186.07",1485.00,395.00,0.00,1090.00,10.00,10.00,650.00,420.00,0.00,0.00,1485.00,140.00,295.00,245.00,295.00,505.00,5845.00,3.90
"9330186.08",1925.00,395.00,0.00,1495.00,45.00,500.00,575.00,385.00,0.00,25.00,1925.00,295.00,430.00,325.00,360.00,515.00,6610.00,3.40
"9330187.03",2260.00,1035.00,0.00,1230.00,70.00,160.00,875.00,125.00,0.00,0.00,2265.00,330.00,550.00,390.00,445.00,545.00,7765.00,3.40
"9330187.04",435.00,115.00,0.00,320.00,0.00,0.00,285.00,30.00,0.00,0.00,435.00,50.00,100.00,65.00,80.00,140.00,1580.00,3.60
"9330187.05",1955.00,455.00,0.00,1495.00,10.00,65.00,975.00,440.00,10.00,5.00,1955.00,275.00,365.00,295.00,390.00,635.00,7410.00,3.80
"9330187.06",2065.00,1035.00,10.00,1020.00,40.00,0.00,625.00,350.00,0.00,0.00,2065.00,375.00,500.00,325.00,430.00,435.00,6655.00,3.20
"9330187.07",580.00,405.00,0.00,175.00,0.00,0.00,170.00,5.00,0.00,0.00,575.00,55.00,130.00,115.00,140.00,140.00,2010.00,3.50
"9330187.11",2205.00,260.00,105.00,1810.00,50.00,1415.00,130.00,215.00,0.00,30.00,2205.00,390.00,570.00,465.00,480.00,305.00,6570.00,3.00
"9330187.12",1360.00,640.00,0.00,725.00,0.00,340.00,295.00,85.00,0.00,0.00,1360.00,245.00,390.00,220.00,260.00,250.00,4230.00,3.10
"9330187.13",1165.00,525.00,0.00,640.00,10.00,25.00,480.00,130.00,0.00,0.00,1165.00,185.00,265.00,215.00,230.00,275.00,3910.00,3.40
"9330187.14",1375.00,40.00,0.00,1100.00,35.00,725.00,10.00,330.00,0.00,235.00,1375.00,365.00,400.00,230.00,235.00,135.00,3555.00,2.60
"9330187.15",1170.00,225.00,0.00,950.00,5.00,480.00,345.00,120.00,0.00,0.00,1175.00,175.00,290.00,225.00,245.00,240.00,3825.00,3.30
"9330187.16",910.00,355.00,5.00,550.00,30.00,280.00,205.00,35.00,0.00,0.00,910.00,95.00,205.00,190.00,220.00,195.00,3080.00,3.40
"9330188.01",880.00,690.00,0.00,180.00,0.00,0.00,180.00,5.00,0.00,0.00,875.00,65.00,185.00,185.00,245.00,195.00,3095.00,3.50
"9330188.02",850.00,505.00,0.00,350.00,0.00,0.00,325.00,20.00,0.00,0.00,850.00,85.00,165.00,185.00,205.00,210.00,3030.00,3.60
"9330188.04",1165.00,505.00,0.00,575.00,0.00,0.00,535.00,50.00,0.00,75.00,1160.00,165.00,265.00,215.00,240.00,280.00,3990.00,3.40
"9330188.05",785.00,565.00,0.00,215.00,30.00,0.00,180.00,5.00,0.00,0.00,780.00,65.00,210.00,130.00,195.00,180.00,2725.00,3.50
"9330188.06",460.00,240.00,0.00,215.00,0.00,80.00,140.00,0.00,0.00,0.00,460.00,60.00,130.00,85.00,85.00,90.00,1480.00,3.20
"9330188.07",1215.00,990.00,0.00,225.00,0.00,0.00,220.00,5.00,0.00,5.00,1215.00,70.00,300.00,235.00,345.00,270.00,4310.00,3.50
"9330188.08",1145.00,1030.00,0.00,115.00,0.00,0.00,115.00,0.00,0.00,0.00,1150.00,85.00,305.00,245.00,330.00,195.00,3835.00,3.30
"9330189.03",1095.00,585.00,0.00,515.00,0.00,95.00,380.00,40.00,0.00,0.00,1100.00,175.00,305.00,215.00,225.00,175.00,3385.00,3.10
"9330189.05",3535.00,435.00,635.00,2465.00,0.00,410.00,235.00,1820.00,0.00,0.00,3535.00,1205.00,1150.00,495.00,385.00,300.00,8225.00,2.30
"9330189.06",1015.00,310.00,0.00,705.00,25.00,195.00,305.00,180.00,0.00,0.00,1010.00,165.00,275.00,190.00,180.00,205.00,3210.00,3.20
"9330189.07",1270.00,70.00,45.00,1155.00,0.00,530.00,95.00,525.00,0.00,0.00,1265.00,320.00,370.00,235.00,180.00,160.00,3400.00,2.70
"9330189.08",2825.00,5.00,5.00,2815.00,0.00,115.00,5.00,2700.00,0.00,0.00,2825.00,825.00,850.00,505.00,340.00,305.00,7060.00,2.50
"9330189.09",1390.00,750.00,0.00,640.00,5.00,85.00,390.00,165.00,0.00,0.00,1390.00,190.00,360.00,280.00,310.00,245.00,4460.00,3.20
"9330189.1",2280.00,325.00,0.00,1950.00,10.00,695.00,145.00,1095.00,0.00,0.00,2280.00,360.00,630.00,500.00,465.00,325.00,6750.00,3.00
"9330190.01",3865.00,220.00,1335.00,2305.00,25.00,505.00,145.00,1630.00,0.00,5.00,3860.00,1410.00,1345.00,555.00,310.00,235.00,8410.00,2.20
"9330190.03",2475.00,325.00,480.00,1670.00,55.00,235.00,570.00,815.00,5.00,0.00,2475.00,710.00,680.00,375.00,365.00,345.00,6675.00,2.70
"9330190.04",2225.00,1300.00,5.00,920.00,55.00,0.00,750.00,120.00,0.00,5.00,2225.00,420.00,595.00,370.00,400.00,440.00,6950.00,3.10
"9330190.05",645.00,290.00,0.00,355.00,20.00,0.00,155.00,180.00,0.00,0.00,645.00,175.00,180.00,100.00,90.00,100.00,1785.00,2.80
"9330191.03",1615.00,555.00,0.00,1060.00,40.00,0.00,735.00,285.00,0.00,0.00,1620.00,250.00,385.00,255.00,310.00,415.00,5560.00,3.40
"9330191.04",3250.00,170.00,1410.00,1670.00,75.00,185.00,300.00,1100.00,5.00,0.00,3250.00,1470.00,895.00,380.00,260.00,245.00,6870.00,2.10
"9330191.05",1245.00,505.00,0.00,745.00,15.00,0.00,470.00,260.00,0.00,0.00,1245.00,245.00,310.00,205.00,200.00,285.00,4020.00,3.20
"9330191.06",1135.00,130.00,500.00,500.00,20.00,70.00,110.00,305.00,0.00,0.00,1135.00,425.00,360.00,160.00,115.00,75.00,2485.00,2.20
"9330191.07",2055.00,60.00,900.00,1095.00,5.00,40.00,55.00,995.00,0.00,0.00,2050.00,975.00,640.00,230.00,140.00,70.00,3895.00,1.90
"9330192.00",1345.00,655.00,0.00,665.00,15.00,60.00,480.00,105.00,5.00,30.00,1345.00,285.00,395.00,215.00,210.00,245.00,4030.00,3.00
"9330200.00",2865.00,755.00,0.00,2095.00,85.00,580.00,615.00,810.00,0.00,15.00,2870.00,470.00,825.00,580.00,535.00,460.00,8700.00,3.00
"9330201.00",600.00,240.00,0.00,360.00,5.00,0.00,260.00,100.00,0.00,0.00,595.00,135.00,150.00,110.00,95.00,105.00,1755.00,2.90
"9330202.00",4635.00,55.00,3060.00,1525.00,10.00,260.00,110.00,1145.00,0.00,0.00,4640.00,1735.00,2000.00,570.00,235.00,100.00,8905.00,1.90
"9330203.00",1710.00,750.00,45.00,920.00,10.00,45.00,620.00,220.00,15.00,0.00,1710.00,385.00,465.00,295.00,355.00,205.00,4815.00,2.80
"9330204.01",2415.00,145.00,475.00,1790.00,10.00,155.00,85.00,1545.00,0.00,0.00,2415.00,1090.00,840.00,285.00,140.00,65.00,4535.00,1.90
"9330204.02",2685.00,275.00,395.00,2015.00,5.00,0.00,275.00,1730.00,10.00,5.00,2685.00,1235.00,795.00,305.00,230.00,120.00,5345.00,2.00
"9330205.01",2430.00,140.00,455.00,1835.00,5.00,130.00,95.00,1605.00,0.00,0.00,2430.00,1285.00,705.00,255.00,130.00,50.00,4265.00,1.80
"9330205.02",3060.00,130.00,2195.00,730.00,0.00,0.00,100.00,630.00,0.00,0.00,3060.00,1570.00,930.00,320.00,185.00,55.00,5405.00,1.80
"9330206.00",1695.00,5.00,1250.00,445.00,0.00,5.00,5.00,435.00,5.00,0.00,1695.00,780.00,650.00,185.00,60.00,20.00,2995.00,1.80
"9330207.00",1435.00,15.00,660.00,755.00,10.00,10.00,20.00,720.00,0.00,0.00,1435.00,725.00,545.00,110.00,40.00,10.00,2380.00,1.70
"9330208.00",2715.00,895.00,445.00,1380.00,15.00,15.00,420.00,930.00,0.00,0.00,2720.00,1050.00,740.00,360.00,390.00,175.00,6140.00,2.30
"9330209.00",3950.00,930.00,1090.00,1935.00,5.00,375.00,405.00,1150.00,0.00,0.00,3950.00,1180.00,1495.00,610.00,450.00,220.00,8965.00,2.30
"9330210.00",2515.00,670.00,425.00,1420.00,35.00,20.00,465.00,895.00,15.00,0.00,2515.00,885.00,770.00,405.00,295.00,160.00,5710.00,2.30
"9330220.00",435.00,150.00,0.00,280.00,15.00,85.00,165.00,15.00,0.00,0.00,435.00,70.00,120.00,100.00,80.00,60.00,1305.00,3.00
"9330221.01",615.00,425.00,0.00,185.00,25.00,0.00,150.00,10.00,5.00,0.00,615.00,105.00,185.00,125.00,120.00,80.00,1775.00,2.90
"9330221.03",1235.00,670.00,0.00,570.00,20.00,0.00,425.00,110.00,5.00,0.00,1240.00,205.00,380.00,245.00,240.00,170.00,3650.00,3.00
"9330221.04",1705.00,575.00,0.00,1130.00,205.00,5.00,720.00,190.00,15.00,0.00,1705.00,330.00,425.00,340.00,325.00,285.00,5185.00,3.00
"9330222.01",2730.00,670.00,0.00,2060.00,120.00,135.00,670.00,1120.00,10.00,0.00,2730.00,600.00,800.00,575.00,440.00,315.00,7530.00,2.80
"9330222.02",2555.00,200.00,1205.00,1145.00,15.00,490.00,95.00,545.00,0.00,0.00,2555.00,730.00,955.00,480.00,295.00,95.00,5765.00,2.30
"9330223.01",2985.00,180.00,455.00,2350.00,125.00,660.00,445.00,1110.00,5.00,0.00,2985.00,685.00,905.00,635.00,460.00,305.00,7960.00,2.70
"9330223.02",1575.00,220.00,50.00,1300.00,85.00,195.00,480.00,545.00,0.00,0.00,1575.00,315.00,430.00,290.00,295.00,240.00,4640.00,2.90
"9330224.01",3200.00,75.00,1685.00,1435.00,20.00,105.00,100.00,1190.00,10.00,0.00,3200.00,1370.00,985.00,460.00,255.00,120.00,6450.00,2.00
"9330224.02",1965.00,350.00,680.00,935.00,40.00,10.00,275.00,605.00,0.00,0.00,1965.00,795.00,515.00,270.00,210.00,180.00,4505.00,2.30
"9330225.01",1840.00,830.00,0.00,1010.00,180.00,0.00,670.00,150.00,15.00,0.00,1840.00,260.00,500.00,380.00,360.00,335.00,5835.00,3.20
"9330225.02",2790.00,105.00,525.00,2160.00,35.00,695.00,125.00,1295.00,15.00,0.00,2790.00,930.00,950.00,485.00,310.00,115.00,6155.00,2.20
"9330226.02",1410.00,305.00,0.00,1105.00,75.00,10.00,705.00,305.00,10.00,0.00,1410.00,295.00,445.00,260.00,225.00,185.00,3895.00,2.80
"9330226.03",3840.00,10.00,3565.00,265.00,0.00,15.00,10.00,240.00,5.00,0.00,3840.00,1480.00,1405.00,595.00,275.00,85.00,7640.00,2.00
"9330226.04",1230.00,15.00,130.00,1085.00,5.00,75.00,5.00,995.00,0.00,0.00,1225.00,475.00,375.00,200.00,140.00,40.00,2600.00,2.10
"9330227.01",2565.00,0.00,750.00,1815.00,0.00,25.00,10.00,1780.00,0.00,0.00,2570.00,935.00,945.00,385.00,215.00,85.00,5290.00,2.10
"9330227.02",2765.00,0.00,1910.00,850.00,0.00,25.00,0.00,825.00,0.00,0.00,2765.00,1190.00,985.00,390.00,160.00,40.00,5180.00,1.90
"9330228.02",1195.00,485.00,0.00,710.00,75.00,55.00,455.00,110.00,10.00,0.00,1195.00,170.00,335.00,225.00,265.00,200.00,3730.00,3.10
"9330228.03",2215.00,10.00,1405.00,800.00,0.00,25.00,20.00,755.00,0.00,0.00,2215.00,785.00,790.00,410.00,180.00,45.00,4565.00,2.10
"9330228.04",2530.00,115.00,510.00,1905.00,65.00,240.00,290.00,1300.00,10.00,0.00,2530.00,935.00,770.00,405.00,275.00,140.00,5570.00,2.20
"9330229.00",2705.00,650.00,25.00,2030.00,110.00,295.00,640.00,965.00,15.00,0.00,2705.00,805.00,820.00,400.00,375.00,310.00,6945.00,2.60
"9330230.01",1930.00,640.00,105.00,1190.00,65.00,775.00,265.00,75.00,5.00,0.00,1930.00,355.00,645.00,360.00,355.00,225.00,5375.00,2.80
"9330230.02",1825.00,275.00,0.00,1550.00,400.00,5.00,680.00,430.00,30.00,0.00,1825.00,540.00,420.00,315.00,300.00,245.00,4935.00,2.70
"9330231.00",1315.00,720.00,0.00,600.00,185.00,0.00,320.00,95.00,5.00,0.00,1310.00,175.00,405.00,245.00,275.00,215.00,4035.00,3.10
"9330232.00",1040.00,545.00,0.00,495.00,65.00,0.00,315.00,105.00,5.00,0.00,1040.00,170.00,280.00,210.00,200.00,185.00,3230.00,3.10
"9330233.00",2350.00,745.00,0.00,1600.00,105.00,15.00,1120.00,355.00,10.00,0.00,2350.00,385.00,625.00,430.00,445.00,460.00,7475.00,3.20
"9330234.00",2210.00,860.00,0.00,1350.00,155.00,650.00,435.00,120.00,0.00,0.00,2210.00,245.00,650.00,455.00,495.00,355.00,6970.00,3.20
"9330235.02",1740.00,325.00,0.00,1410.00,0.00,840.00,130.00,445.00,0.00,0.00,1740.00,350.00,510.00,385.00,350.00,145.00,4690.00,2.70
"9330235.03",2205.00,0.00,1875.00,330.00,0.00,0.00,0.00,330.00,0.00,0.00,2205.00,1035.00,735.00,285.00,120.00,30.00,4005.00,1.80
"9330235.04",3000.00,0.00,1390.00,1615.00,0.00,380.00,0.00,1230.00,0.00,0.00,3000.00,940.00,1095.00,535.00,330.00,105.00,6600.00,2.20
"9330236.00",1160.00,875.00,0.00,285.00,0.00,0.00,285.00,5.00,0.00,5.00,1160.00,140.00,360.00,235.00,230.00,195.00,3605.00,3.10
"9330237.00",2955.00,825.00,545.00,1590.00,10.00,525.00,365.00,695.00,0.00,0.00,2955.00,800.00,830.00,545.00,540.00,245.00,7635.00,2.60
"9330238.01",1285.00,565.00,300.00,420.00,0.00,80.00,240.00,90.00,0.00,0.00,1280.00,240.00,410.00,250.00,260.00,130.00,3580.00,2.80
"9330238.02",2395.00,1090.00,5.00,1300.00,120.00,25.00,735.00,400.00,25.00,0.00,2395.00,455.00,660.00,475.00,480.00,330.00,6980.00,2.90
"9330239.01",2010.00,1055.00,0.00,960.00,10.00,10.00,760.00,175.00,0.00,0.00,2015.00,380.00,605.00,390.00,375.00,260.00,5725.00,2.80
"9330239.02",2620.00,10.00,1375.00,1240.00,0.00,80.00,0.00,1160.00,0.00,0.00,2620.00,945.00,1025.00,415.00,195.00,40.00,5235.00,2.00
"9330240.01",4250.00,425.00,2910.00,915.00,15.00,150.00,430.00,315.00,10.00,0.00,4250.00,1520.00,1620.00,605.00,335.00,165.00,8870.00,2.10
"9330240.02",2120.00,585.00,150.00,1390.00,15.00,55.00,890.00,420.00,10.00,0.00,2120.00,565.00,655.00,360.00,345.00,195.00,5440.00,2.60
"9330241.00",3010.00,1055.00,340.00,1620.00,35.00,15.00,725.00,820.00,15.00,0.00,3010.00,905.00,920.00,500.00,440.00,240.00,7320.00,2.40
"9330242.00",2950.00,1240.00,0.00,1710.00,45.00,70.00,885.00,705.00,5.00,0.00,2950.00,835.00,895.00,520.00,455.00,255.00,7390.00,2.50
"9330243.01",2205.00,820.00,0.00,1380.00,140.00,145.00,660.00,430.00,5.00,0.00,2205.00,415.00,695.00,465.00,385.00,250.00,6100.00,2.80
"9330243.02",3535.00,435.00,995.00,2105.00,80.00,1490.00,115.00,415.00,0.00,0.00,3535.00,895.00,1190.00,690.00,555.00,210.00,8700.00,2.50
"9330250.01",1495.00,1335.00,0.00,140.00,0.00,5.00,60.00,70.00,0.00,15.00,1495.00,340.00,610.00,210.00,245.00,95.00,3670.00,2.50
"9330250.02",1490.00,1205.00,0.00,205.00,35.00,20.00,140.00,5.00,0.00,75.00,1490.00,180.00,560.00,255.00,315.00,180.00,4300.00,2.90
"9330251.01",,,,,,,,,,,,,,,,,,
"9330251.02",45.00,30.00,0.00,0.00,0.00,0.00,0.00,0.00,0.00,10.00,45.00,10.00,15.00,5.00,10.00,5.00,125.00,2.80
"9330260.04",1340.00,480.00,0.00,860.00,45.00,380.00,170.00,260.00,0.00,0.00,1340.00,195.00,405.00,295.00,295.00,140.00,3845.00,2.90
"9330260.05",1500.00,625.00,0.00,875.00,10.00,350.00,110.00,410.00,0.00,0.00,1495.00,300.00,455.00,295.00,335.00,120.00,4040.00,2.70
"9330260.06",1415.00,785.00,0.00,635.00,180.00,145.00,295.00,10.00,0.00,0.00,1415.00,205.00,495.00,280.00,300.00,140.00,3990.00,2.80
"9330260.07",2175.00,330.00,815.00,1035.00,0.00,530.00,45.00,455.00,0.00,0.00,2175.00,670.00,745.00,360.00,315.00,80.00,4935.00,2.30
"9330260.08",2350.00,1230.00,0.00,1125.00,125.00,730.00,220.00,45.00,0.00,0.00,2350.00,210.00,570.00,545.00,740.00,280.00,7500.00,3.20
"9330260.1",1980.00,0.00,1030.00,955.00,0.00,160.00,0.00,790.00,0.00,0.00,1985.00,685.00,800.00,305.00,160.00,30.00,3985.00,2.00
"9330260.11",75.00,45.00,0.00,30.00,15.00,0.00,10.00,5.00,0.00,0.00,75.00,15.00,30.00,15.00,15.00,0.00,190.00,2.50
"9330260.12",2140.00,435.00,65.00,1625.00,30.00,340.00,255.00,1000.00,5.00,10.00,2140.00,695.00,685.00,365.00,250.00,150.00,4970.00,2.30
"9330270.00",,,,,,,,,,,,,,,,,,
"9330280.01",20.00,5.00,0.00,15.00,0.00,10.00,5.00,0.00,0.00,5.00,20.00,10.00,0.00,0.00,5.00,0.00,55.00,2.00
"9330280.02",1070.00,785.00,0.00,280.00,0.00,100.00,150.00,30.00,0.00,0.00,1070.00,120.00,345.00,210.00,270.00,135.00,3230.00,3.00
"9330281.01",2115.00,1255.00,0.00,860.00,115.00,100.00,540.00,100.00,0.00,5.00,2110.00,310.00,640.00,410.00,465.00,290.00,6300.00,3.00
"9330281.02",2385.00,1285.00,5.00,1095.00,45.00,190.00,600.00,260.00,5.00,0.00,2385.00,575.00,755.00,425.00,390.00,245.00,6320.00,2.60
"9330282.01",1605.00,375.00,0.00,1235.00,225.00,15.00,380.00,610.00,0.00,0.00,1605.00,410.00,495.00,305.00,235.00,160.00,4210.00,2.60
"9330282.02",1765.00,195.00,0.00,1390.00,75.00,355.00,245.00,715.00,0.00,175.00,1765.00,495.00,585.00,320.00,250.00,120.00,4295.00,2.40
"9330283.00",3245.00,690.00,890.00,1665.00,145.00,150.00,455.00,920.00,0.00,0.00,3245.00,1065.00,1030.00,495.00,450.00,210.00,7600.00,2.30
"9330284.01",2870.00,665.00,235.00,1975.00,20.00,115.00,265.00,1575.00,0.00,0.00,2870.00,765.00,955.00,500.00,395.00,250.00,7150.00,2.50
"9330284.02",3015.00,965.00,135.00,1915.00,185.00,155.00,485.00,1085.00,0.00,0.00,3020.00,745.00,1000.00,550.00,455.00,265.00,7715.00,2.60
"9330285.01",1850.00,135.00,120.00,1595.00,20.00,85.00,40.00,1455.00,0.00,0.00,1855.00,985.00,520.00,185.00,120.00,50.00,3330.00,1.80
"9330285.02",1855.00,1345.00,0.00,510.00,15.00,0.00,440.00,55.00,0.00,0.00,1855.00,290.00,510.00,380.00,420.00,265.00,5615.00,3.00
"9330286.01",1920.00,1345.00,0.00,575.00,15.00,0.00,520.00,40.00,0.00,0.00,1920.00,270.00,550.00,380.00,450.00,270.00,5830.00,3.00
"9330286.02",2665.00,1635.00,0.00,1035.00,50.00,365.00,595.00,20.00,0.00,0.00,2665.00,340.00,810.00,580.00,625.00,310.00,7930.00,3.00
"9330286.03",1345.00,1035.00,0.00,240.00,5.00,0.00,235.00,0.00,0.00,70.00,1345.00,190.00,440.00,220.00,315.00,175.00,3965.00,2.90
"9330287.01",3140.00,1285.00,165.00,1690.00,5.00,455.00,445.00,790.00,0.00,0.00,3135.00,545.00,920.00,670.00,660.00,345.00,8910.00,2.80
"9330287.02",3765.00,2195.00,0.00,1570.00,240.00,780.00,540.00,5.00,0.00,5.00,3765.00,335.00,900.00,970.00,1005.00,555.00,12110.00,3.20
"9330287.06",1620.00,615.00,0.00,1010.00,45.00,265.00,225.00,475.00,0.00,0.00,1625.00,420.00,465.00,310.00,265.00,165.00,4255.00,2.60
"9330287.09",3165.00,10.00,2385.00,765.00,0.00,5.00,0.00,765.00,0.00,0.00,3160.00,1260.00,1080.00,515.00,270.00,50.00,6275.00,2.00
"9330287.1",845.00,590.00,0.00,250.00,15.00,110.00,130.00,0.00,0.00,0.00,845.00,65.00,200.00,205.00,240.00,135.00,2805.00,3.30
"9330287.11",1770.00,855.00,0.00,915.00,50.00,595.00,145.00,130.00,0.00,0.00,1765.00,220.00,545.00,390.00,400.00,220.00,5285.00,3.00
"9330287.12",1350.00,460.00,145.00,745.00,150.00,265.00,135.00,195.00,0.00,0.00,1350.00,185.00,400.00,315.00,290.00,160.00,4020.00,3.00
"9330287.13",2915.00,880.00,550.00,1490.00,55.00,445.00,505.00,480.00,0.00,0.00,2915.00,450.00,770.00,690.00,665.00,335.00,8620.00,3.00
"9330287.14",1375.00,745.00,0.00,625.00,125.00,135.00,295.00,70.00,0.00,0.00,1375.00,150.00,365.00,310.00,340.00,210.00,4330.00,3.20
"9330287.15",1680.00,435.00,80.00,1165.00,5.00,220.00,115.00,830.00,0.00,0.00,1675.00,520.00,520.00,285.00,255.00,100.00,3985.00,2.40
"9330287.16",2005.00,15.00,1200.00,790.00,0.00,0.00,5.00,780.00,0.00,0.00,2000.00,730.00,780.00,290.00,165.00,40.00,4020.00,2.00
"9330290.02",4265.00,130.00,65.00,4070.00,5.00,310.00,180.00,3575.00,0.00,0.00,4270.00,1820.00,1385.00,595.00,330.00,130.00,8410.00,2.00
"9330290.04",2505.00,1320.00,0.00,1190.00,185.00,660.00,340.00,5.00,0.00,0.00,2505.00,295.00,840.00,545.00,580.00,250.00,7295.00,2.90
"9330290.05",1145.00,675.00,0.00,470.00,30.00,55.00,345.00,45.00,0.00,0.00,1145.00,150.00,330.00,250.00,270.00,140.00,3405.00,3.00
"9330290.06",,,,,,,,,,,,,,,,,,
"9330290.07",2130.00,955.00,0.00,1170.00,20.00,455.00,590.00,110.00,0.00,0.00,2130.00,325.00,620.00,425.00,495.00,260.00,6290.00,3.00
"9330291.01",3085.00,955.00,160.00,1975.00,70.00,380.00,560.00,960.00,0.00,0.00,3085.00,940.00,915.00,535.00,435.00,260.00,7605.00,2.50
"9330291.02",2950.00,1280.00,0.00,1675.00,150.00,175.00,770.00,570.00,5.00,0.00,2955.00,565.00,930.00,570.00,535.00,345.00,8240.00,2.80
"9330292.01",1825.00,1235.00,0.00,595.00,25.00,175.00,385.00,15.00,0.00,0.00,1830.00,220.00,585.00,370.00,450.00,200.00,5385.00,2.90
"9330292.03",2070.00,1080.00,0.00,990.00,35.00,670.00,210.00,75.00,0.00,5.00,2070.00,225.00,535.00,485.00,555.00,260.00,6410.00,3.10
"9330292.04",1775.00,750.00,0.00,1020.00,155.00,525.00,245.00,95.00,0.00,5.00,1775.00,295.00,605.00,375.00,345.00,155.00,4860.00,2.70
"9330400.04",2265.00,1925.00,0.00,330.00,115.00,0.00,215.00,5.00,0.00,10.00,2260.00,220.00,610.00,465.00,600.00,365.00,7270.00,3.20
"9330400.05",2425.00,1010.00,0.00,1415.00,120.00,905.00,325.00,70.00,0.00,0.00,2425.00,325.00,775.00,510.00,550.00,265.00,7030.00,2.90
"9330400.06",1380.00,800.00,0.00,580.00,35.00,205.00,340.00,0.00,0.00,0.00,1375.00,190.00,310.00,250.00,375.00,250.00,4440.00,3.20
"9330400.07",,,,,,,,,,,,,,,,,,
"9330400.08",,,,,,,,,,,,,,,,,,
"9330400.09",1725.00,1505.00,0.00,215.00,20.00,0.00,180.00,10.00,5.00,5.00,1725.00,230.00,595.00,325.00,345.00,230.00,5065.00,2.90
"9330401.01",1300.00,505.00,210.00,560.00,10.00,75.00,115.00,360.00,0.00,30.00,1295.00,490.00,425.00,170.00,145.00,70.00,2800.00,2.20
"9330401.02",3870.00,640.00,465.00,2770.00,120.00,835.00,205.00,1610.00,0.00,0.00,3870.00,1640.00,1300.00,455.00,320.00,160.00,7770.00,2.00
"9330402.02",1955.00,1110.00,0.00,840.00,55.00,275.00,225.00,285.00,0.00,0.00,1955.00,415.00,690.00,355.00,340.00,155.00,5070.00,2.60
"9330402.03",2285.00,545.00,200.00,1535.00,10.00,60.00,235.00,1230.00,0.00,0.00,2285.00,965.00,745.00,275.00,200.00,105.00,4640.00,2.00
"9330402.04",1505.00,970.00,0.00,495.00,15.00,50.00,295.00,140.00,0.00,35.00,1505.00,300.00,490.00,280.00,290.00,140.00,4090.00,2.70
"9330403.01",1970.00,1075.00,0.00,805.00,105.00,320.00,275.00,105.00,0.00,90.00,1970.00,420.00,670.00,375.00,305.00,200.00,5220.00,2.60
"9330403.04",1630.00,1285.00,0.00,340.00,25.00,120.00,90.00,105.00,0.00,0.00,1625.00,295.00,515.00,310.00,330.00,175.00,4535.00,2.80
"9330403.05",1615.00,1045.00,0.00,570.00,20.00,180.00,230.00,135.00,0.00,0.00,1615.00,250.00,555.00,280.00,325.00,205.00,4655.00,2.90
"9330403.06",70.00,60.00,0.00,0.00,0.00,0.00,0.00,0.00,0.00,5.00,65.00,10.00,10.00,5.00,15.00,20.00,265.00,4.00
"9330403.07",1965.00,1195.00,0.00,765.00,60.00,220.00,335.00,155.00,5.00,5.00,1970.00,405.00,635.00,395.00,350.00,180.00,5270.00,2.70
"9330404.01",2230.00,1650.00,0.00,575.00,10.00,145.00,400.00,10.00,0.00,5.00,2230.00,320.00,770.00,425.00,405.00,310.00,6485.00,2.90
"9330404.02",2150.00,1565.00,0.00,545.00,55.00,235.00,240.00,5.00,0.00,40.00,2150.00,250.00,625.00,435.00,525.00,310.00,6670.00,3.10
"9330410.02",2985.00,750.00,140.00,2085.00,85.00,775.00,305.00,925.00,0.00,10.00,2985.00,840.00,1060.00,440.00,415.00,225.00,7210.00,2.40
"9330410.04",585.00,270.00,0.00,300.00,10.00,0.00,30.00,255.00,0.00,5.00,585.00,150.00,270.00,65.00,55.00,50.00,1380.00,2.40
"9330410.05",2010.00,920.00,5.00,925.00,55.00,235.00,195.00,445.00,0.00,155.00,2010.00,470.00,700.00,325.00,340.00,175.00,5150.00,2.60
"9330410.06",1615.00,1125.00,0.00,490.00,40.00,300.00,145.00,0.00,5.00,0.00,1610.00,165.00,545.00,380.00,375.00,150.00,4705.00,2.90
"9330500.01",285.00,20.00,0.00,0.00,0.00,0.00,5.00,0.00,0.00,265.00,285.00,115.00,165.00,5.00,0.00,5.00,475.00,1.70
"9330500.02",2190.00,1520.00,0.00,255.00,20.00,0.00,210.00,15.00,5.00,410.00,2185.00,480.00,870.00,285.00,270.00,285.00,5870.00,2.70
"9330501.01",1535.00,650.00,140.00,735.00,70.00,80.00,165.00,415.00,0.00,5.00,1535.00,515.00,510.00,180.00,160.00,170.00,3705.00,2.40
"9330501.02",1920.00,1710.00,0.00,165.00,20.00,10.00,120.00,10.00,5.00,50.00,1920.00,300.00,755.00,285.00,290.00,280.00,5445.00,2.80
"9330501.03",1095.00,865.00,0.00,195.00,15.00,0.00,170.00,10.00,5.00,35.00,1095.00,165.00,330.00,195.00,215.00,185.00,3375.00,3.10
"9330502.01",895.00,650.00,0.00,170.00,0.00,0.00,165.00,10.00,0.00,70.00,895.00,170.00,335.00,125.00,170.00,100.00,2440.00,2.70
"9330502.02",1595.00,890.00,0.00,145.00,5.00,0.00,125.00,10.00,0.00,560.00,1595.00,455.00,610.00,205.00,210.00,120.00,3795.00,2.40
"9330502.03",1650.00,1385.00,0.00,265.00,15.00,0.00,245.00,5.00,5.00,0.00,1655.00,210.00,590.00,295.00,340.00,215.00,4830.00,2.90
"9330502.05",1060.00,850.00,0.00,120.00,5.00,0.00,100.00,10.00,10.00,95.00,1065.00,205.00,370.00,180.00,165.00,145.00,2955.00,2.80
"9330502.06",960.00,710.00,0.00,255.00,0.00,0.00,245.00,10.00,0.00,0.00,960.00,115.00,315.00,150.00,200.00,180.00,3000.00,3.10
"9330502.07",2220.00,960.00,0.00,1260.00,30.00,580.00,230.00,405.00,15.00,0.00,2220.00,585.00,855.00,285.00,290.00,205.00,5465.00,2.50
"9330503.01",840.00,685.00,0.00,155.00,0.00,0.00,150.00,0.00,5.00,0.00,840.00,105.00,295.00,160.00,190.00,95.00,2445.00,2.90
"9330503.03",2460.00,1710.00,0.00,750.00,45.00,195.00,460.00,45.00,5.00,0.00,2460.00,405.00,805.00,465.00,490.00,290.00,6985.00,2.80
"9330503.06",2215.00,100.00,0.00,2120.00,15.00,240.00,120.00,1730.00,5.00,0.00,2220.00,955.00,775.00,250.00,140.00,95.00,4335.00,2.00
"9330503.07",2675.00,15.00,0.00,2660.00,5.00,260.00,5.00,2385.00,0.00,0.00,2675.00,1615.00,700.00,210.00,80.00,70.00,4365.00,1.60
"9330503.08",2430.00,210.00,0.00,2210.00,170.00,160.00,110.00,1765.00,0.00,5.00,2430.00,1055.00,850.00,310.00,140.00,80.00,4650.00,1.90
"9330503.09",1220.00,10.00,40.00,1170.00,75.00,230.00,0.00,870.00,5.00,0.00,1220.00,465.00,445.00,155.00,80.00,70.00,2530.00,2.10
"9330504.03",2145.00,1405.00,0.00,700.00,5.00,280.00,410.00,5.00,0.00,45.00,2150.00,290.00,720.00,360.00,510.00,270.00,6305.00,2.90
"9330504.05",2830.00,1285.00,275.00,1125.00,50.00,510.00,250.00,315.00,0.00,145.00,2835.00,595.00,965.00,470.00,580.00,225.00,7460.00,2.60
"9330504.07",1320.00,215.00,0.00,1100.00,265.00,735.00,30.00,70.00,0.00,0.00,1320.00,340.00,500.00,205.00,195.00,80.00,3165.00,2.40
"9330504.08",1545.00,800.00,0.00,745.00,170.00,425.00,65.00,85.00,0.00,0.00,1545.00,290.00,555.00,220.00,330.00,145.00,4170.00,2.70
"9330504.09",1585.00,895.00,0.00,685.00,110.00,120.00,455.00,5.00,0.00,0.00,1585.00,185.00,370.00,315.00,375.00,345.00,5375.00,3.40
"9330504.1",1575.00,595.00,0.00,980.00,0.00,275.00,235.00,465.00,0.00,0.00,1575.00,450.00,475.00,230.00,270.00,155.00,4030.00,2.60
"9330504.11",4695.00,1065.00,680.00,2935.00,20.00,1910.00,880.00,130.00,0.00,20.00,4695.00,810.00,1525.00,1010.00,845.00,505.00,13075.00,2.80
"9330504.12",1555.00,815.00,5.00,735.00,5.00,340.00,325.00,65.00,0.00,5.00,1555.00,185.00,370.00,325.00,400.00,280.00,5125.00,3.30
"9330504.13",1570.00,190.00,0.00,1380.00,0.00,975.00,65.00,335.00,0.00,0.00,1570.00,435.00,495.00,300.00,240.00,100.00,3840.00,2.40
"9330504.14",15.00,10.00,0.00,5.00,0.00,0.00,0.00,0.00,0.00,5.00,15.00,5.00,10.00,0.00,0.00,0.00,40.00,2.70
"9330504.15",725.00,260.00,0.00,445.00,45.00,0.00,145.00,260.00,0.00,15.00,725.00,160.00,290.00,85.00,120.00,75.00,1865.00,2.60
"9330505.01",1280.00,785.00,0.00,460.00,15.00,150.00,115.00,175.00,0.00,25.00,1280.00,250.00,500.00,185.00,230.00,115.00,3350.00,2.60
"9330505.03",35.00,25.00,0.00,5.00,0.00,5.00,0.00,0.00,0.00,0.00,30.00,0.00,15.00,0.00,5.00,5.00,90.00,3.00
"9330505.04",1890.00,1330.00,0.00,485.00,15.00,110.00,310.00,35.00,15.00,85.00,1895.00,260.00,565.00,325.00,410.00,330.00,5935.00,3.10
"9330506.01",1485.00,555.00,0.00,930.00,20.00,470.00,230.00,195.00,5.00,5.00,1485.00,330.00,430.00,275.00,270.00,175.00,4090.00,2.80
"9330506.02",2665.00,1295.00,0.00,1225.00,35.00,330.00,635.00,225.00,5.00,140.00,2665.00,665.00,805.00,460.00,395.00,335.00,7170.00,2.70
