"population","0_9","10_19","20_29","30_39","40_49","50_59","60_69","70_79","80_89","m","f","white","black.aa","a.ind..nat.ak","asian","nat.hi.pt.isl","other","two.","not.hisp.latino","hisp.latino"
1674,222,215,195,205,209,269,202,114,43,755,919,1337,47,11,99,1,143,36,1156,518
1090,115,153,107,133,146,167,156,79,34,553,537,1044,2,0,35,0,1,8,1047,43
2688,342,327,273,377,374,416,320,181,78,1275,1413,1776,193,5,528,5,21,160,2536,152
725,82,98,78,94,93,126,90,44,20,396,329,692,0,0,33,0,0,0,648,77
583,64,67,76,67,87,88,83,32,19,263,320,478,45,0,45,0,15,0,532,51
1494,160,197,170,201,187,228,205,108,38,739,755,1196,18,0,272,0,0,8,1383,111
1038,121,143,105,120,140,179,126,73,31,498,540,912,48,0,26,0,37,15,882,156
2003,253,288,202,281,281,291,243,103,61,1115,888,795,79,0,1005,1,6,117,1990,13
1872,225,259,203,264,297,246,226,109,43,946,926,1024,197,0,465,1,59,126,1579,293
2534,293,328,278,334,358,378,343,160,62,1275,1259,1805,108,4,317,4,189,107,1936,598
1937,209,221,148,244,290,324,268,172,61,995,942,1801,2,0,134,0,0,0,1937,0
1004,120,123,118,131,148,149,135,58,22,496,508,650,53,1,151,1,98,50,884,120
3116,402,420,347,440,424,453,358,211,61,1565,1551,2069,85,8,600,1,94,259,2436,680
755,107,105,76,108,95,107,86,54,17,362,393,414,116,0,130,0,15,80,678,77
1396,159,204,134,183,196,223,161,102,34,1023,373,804,60,0,381,3,106,42,1208,188
3428,384,436,347,463,552,518,420,226,82,1594,1834,1653,185,3,1331,2,52,202,3248,180
2785,405,387,338,383,359,381,297,180,55,1396,1389,1673,150,10,413,6,418,115,1683,1102
1673,192,234,158,238,268,231,213,101,38,960,713,881,446,2,256,2,28,58,1526,147
1480,189,210,147,212,200,220,181,87,34,674,806,751,120,1,460,1,22,125,1359,121
2264,261,318,265,314,301,336,288,123,58,1022,1242,1525,175,0,404,0,48,112,1761,503
1365,158,192,112,164,187,215,201,109,27,654,711,1029,63,0,191,0,1,81,1343,22
1508,181,217,147,215,229,213,172,97,37,688,820,1051,202,2,106,0,11,136,1408,100
583,63,74,58,80,96,72,74,43,23,360,223,181,11,0,374,0,2,15,564,19
2391,279,283,242,298,331,376,331,174,77,1167,1224,1528,376,13,320,2,43,109,2220,171
2867,340,357,289,378,388,453,368,212,82,1531,1336,2137,61,0,541,1,14,113,2735,132
1422,181,173,165,186,191,196,197,106,27,728,694,901,121,3,260,3,51,83,1255,167
1109,141,149,136,150,169,158,113,68,25,548,561,679,17,1,315,0,12,85,1025,84
3085,372,384,329,418,461,467,370,208,76,1390,1695,1592,460,11,751,4,93,174,2606,479
1433,167,194,156,182,167,215,185,105,62,669,764,1201,8,0,133,0,26,65,1309,124
650,64,83,68,71,92,104,91,57,20,302,348,641,9,0,0,0,0,0,629,21
1685,210,221,196,225,237,245,220,94,37,745,940,974,296,1,179,1,111,123,1413,272
1289,147,173,108,150,186,209,193,91,32,473,816,991,93,0,191,0,2,12,1128,161
1506,184,191,160,197,182,234,187,112,59,691,815,1333,35,0,114,0,1,23,1213,293
1469,195,209,147,171,188,234,193,101,31,675,794,958,94,2,258,0,44,113,1260,209
854,104,122,86,94,110,142,106,61,29,445,409,755,8,1,55,0,21,14,734,120
1771,211,214,194,259,253,258,227,110,45,724,1047,1089,151,3,414,0,47,67,1507,264
2787,351,356,325,420,416,403,299,156,61,1529,1258,1434,470,14,561,1,215,92,1975,812
3208,432,428,341,440,454,465,384,195,69,1503,1705,1733,372,3,659,2,134,305,2762,446
812,118,109,86,105,106,107,116,47,18,486,326,352,145,0,222,0,11,82,762,50
1276,168,176,126,180,192,170,145,96,23,699,577,533,67,0,507,1,26,142,1260,16
917,118,96,87,134,123,133,126,76,24,381,536,459,50,0,293,3,42,70,839,78
1999,204,237,224,261,275,336,240,175,47,1015,984,1396,36,5,515,0,17,30,1904,95
1680,195,192,194,236,258,249,191,113,52,784,896,784,363,0,486,1,21,25,1583,97
1170,126,158,134,157,166,168,146,74,41,747,423,642,99,2,378,2,13,34,1119,51
3221,417,426,344,456,453,435,397,219,74,1367,1854,1800,622,3,407,9,105,275,2749,472
1203,147,163,125,160,184,177,159,60,28,508,695,848,77,1,115,0,43,119,907,296
1744,190,209,174,220,239,271,251,136,54,792,952,1137,80,0,403,1,47,76,1609,135
2143,242,275,221,265,313,330,272,159,66,1095,1048,1604,122,0,350,0,1,66,1900,243
2032,270,295,278,306,265,261,209,105,43,1099,933,1097,78,6,362,3,350,136,1112,920
1189,167,149,128,150,183,169,131,86,26,567,622,439,114,0,506,0,3,127,1162,27
1996,222,269,193,254,313,338,222,137,48,966,1030,1259,17,2,548,0,29,141,1792,204
1883,232,250,203,239,254,286,241,129,49,1138,745,1346,189,0,215,4,28,101,1777,106
1214,124,140,127,150,169,202,180,90,32,652,562,1027,67,0,93,0,13,14,1170,44
1920,189,248,185,237,253,316,268,155,69,879,1041,1612,33,0,226,0,29,20,1757,163
1970,266,287,240,281,267,272,216,109,32,943,1027,1056,106,4,345,3,398,58,996,974
2107,241,272,218,283,333,342,242,119,57,1152,955,1303,12,4,576,1,187,24,1414,693
963,111,138,93,117,147,138,135,59,25,511,452,545,39,3,324,0,42,10,770,193
1760,210,201,186,243,256,260,227,131,46,914,846,1305,42,0,340,0,1,72,1638,122
2976,326,385,320,432,440,431,378,197,67,1488,1488,1598,526,4,634,1,106,107,2514,462
2596,335,375,305,373,336,404,276,144,48,1365,1231,1508,341,3,323,4,138,279,1672,924
1466,183,195,155,195,215,228,157,102,36,783,683,1059,151,2,183,1,57,13,1240,226
671,82,87,82,95,96,90,81,39,19,393,278,351,62,2,204,0,3,49,619,52
1439,188,199,158,178,185,230,181,91,29,816,623,1009,212,2,62,2,31,121,1287,152
1120,112,151,115,121,158,188,149,89,37,521,599,950,0,0,162,0,0,8,1101,19
824,88,101,68,143,106,130,114,51,23,380,444,776,24,0,5,0,5,14,755,69
3022,388,384,360,413,458,454,340,166,59,1490,1532,1884,167,18,411,9,413,120,1865,1157
2016,245,265,212,263,329,313,244,103,42,1087,929,1056,163,9,528,2,215,43,1309,707
1770,250,229,215,240,246,239,218,100,33,842,928,593,527,1,350,0,85,214,1489,281
1275,173,196,139,184,165,176,142,70,30,651,624,874,129,0,96,0,69,107,1115,160
2210,272,321,296,311,324,285,252,107,42,1082,1128,1057,128,5,476,3,399,142,1321,889
793,107,98,76,106,99,111,106,64,26,376,417,652,12,0,76,0,0,53,737,56
1579,185,224,177,189,201,256,207,97,43,805,774,1239,52,0,151,0,20,117,1444,135
1489,176,192,182,194,217,215,171,106,36,605,884,956,218,5,112,1,41,156,1223,266
1696,218,199,179,250,234,258,207,113,38,807,889,1065,354,1,123,1,67,85,1402,294
0,0,0,0,0,0,0,0,0,0,0,0,0,0,0,0,0,0,0,0,0
844,112,131,69,105,109,127,99,63,29,454,390,612,44,7,101,3,14,63,776,68
2452,275,329,228,310,406,394,299,158,53,1395,1057,1233,345,0,771,1,58,44,2388,64
1740,208,208,184,208,263,251,234,123,61,865,875,1457,15,1,171,1,13,82,1641,99
1281,194,211,142,155,175,172,119,81,32,682,599,703,154,10,154,2,98,160,1090,191
1289,159,146,135,199,201,171,157,90,31,531,758,468,397,2,376,6,16,24,1231,58
1694,191,191,158,221,222,309,217,132,53,786,908,1524,0,0,114,0,13,43,1584,110
1739,212,235,187,220,257,254,207,125,42,725,1014,855,172,0,624,0,14,74,1686,53
4793,649,655,576,643,655,689,554,281,91,2417,2376,2818,698,23,682,4,215,353,3722,1071
1374,175,157,136,184,191,208,179,96,48,627,747,599,173,4,526,1,5,66,1333,41
2062,231,261,206,256,289,351,290,131,47,1040,1022,1737,9,1,181,1,3,130,1960,102
2516,323,330,228,330,343,392,304,181,85,1251,1265,1899,203,3,183,2,106,120,2048,468
956,128,124,96,115,147,150,106,68,22,410,546,566,103,30,165,11,3,78,920,36
1768,225,229,201,255,232,274,234,93,25,855,913,587,1025,1,33,0,32,90,1553,215
2577,283,308,251,312,378,411,342,217,75,1196,1381,1921,94,1,372,2,32,155,2528,49
1003,116,119,98,139,131,169,134,73,24,470,533,782,80,0,79,0,9,53,944,59
1293,161,164,141,182,180,192,161,84,28,636,657,831,260,0,83,1,35,83,1124,169
999,104,132,97,125,145,145,154,74,23,580,419,380,11,0,567,0,5,36,954,45
2633,354,380,301,382,349,348,295,170,54,1431,1202,1290,421,3,372,2,222,323,2090,543
3661,480,466,417,531,502,510,445,228,82,1804,1857,1773,1053,6,459,6,205,159,3114,547
1763,196,224,178,227,258,272,229,138,41,896,867,1312,58,0,333,3,5,52,1548,215
2574,324,321,286,336,382,376,317,168,64,1330,1244,1544,43,3,689,1,144,150,2103,471
1991,230,230,232,284,264,321,243,125,62,1179,812,1653,255,2,25,0,26,30,1818,173
2793,379,341,308,375,412,442,324,154,58,1304,1489,1190,272,6,1047,2,101,175,2250,543
2029,272,270,211,335,269,292,213,116,51,1117,912,1057,368,13,382,1,111,97,1658,371
3103,353,391,322,437,492,468,331,231,78,1597,1506,1400,126,7,1309,1,154,106,2645,458
1815,211,196,196,228,250,271,262,149,52,913,902,1668,43,5,70,0,10,19,1677,138
1800,211,226,211,257,245,246,248,113,43,891,909,1023,286,1,400,1,66,23,1566,234
1114,158,169,134,147,148,148,133,56,21,582,532,700,102,0,97,1,179,35,764,350
2065,273,289,229,285,294,299,214,124,58,1110,955,1044,24,2,808,0,153,34,1439,626
730,97,108,69,93,104,104,86,48,21,318,412,274,21,0,299,0,0,136,730,0
1108,126,152,123,140,164,168,125,73,37,546,562,444,2,0,637,0,9,16,1060,48
2439,275,328,233,350,382,347,297,161,66,1206,1233,876,390,7,1056,2,57,51,2336,103
968,87,113,106,124,141,157,131,78,31,332,636,708,52,0,176,1,10,21,896,72
2753,337,358,306,373,417,401,340,167,54,1374,1379,1747,214,1,573,0,66,152,2054,699
1420,195,195,133,188,212,210,180,81,26,804,616,848,126,4,277,2,117,46,1064,356
1358,172,199,154,170,178,231,163,70,21,673,685,743,294,4,97,12,52,156,1208,150
2892,305,377,336,437,432,421,336,182,66,1337,1555,1478,340,6,817,2,180,69,2152,740
2137,241,270,199,259,302,337,298,162,69,985,1152,1609,10,0,424,0,0,94,2113,24
1483,152,197,164,209,199,238,190,101,33,699,784,1049,141,7,177,3,56,50,1075,408
773,89,119,85,98,101,109,104,51,17,360,413,537,43,0,168,0,15,10,679,94
1657,218,226,167,273,217,233,204,92,27,736,921,768,451,1,255,1,47,134,1400,257
1177,142,147,100,138,160,187,164,97,42,607,570,1066,50,0,35,0,0,26,1115,62
1214,155,159,131,152,181,160,170,74,32,644,570,909,9,0,230,3,5,58,1148,66
1422,185,224,175,196,214,208,144,51,25,677,745,864,125,22,122,5,193,91,726,696
662,70,82,68,69,109,120,79,49,16,312,350,543,7,0,89,0,20,3,612,50
3384,482,447,389,456,495,482,357,197,79,1623,1761,1936,454,3,362,1,288,340,2496,888
973,105,126,99,112,140,151,127,91,22,420,553,664,20,0,267,0,0,22,956,17
1775,220,240,164,234,285,237,221,116,58,993,782,744,1,1,950,0,9,70,1711,64
1038,114,129,104,118,154,161,128,89,41,330,708,789,18,0,161,1,9,60,1009,29
1721,243,201,177,197,241,261,230,132,39,998,723,1587,4,2,81,0,19,28,1265,456
1221,140,151,140,148,162,204,149,89,38,578,643,722,145,1,226,2,68,57,1118,103
953,99,120,84,120,114,167,138,88,23,422,531,855,19,0,68,0,0,11,915,38
1434,160,199,138,166,215,215,188,108,45,714,720,1115,0,0,272,0,0,47,1363,71
2631,321,334,247,300,368,387,400,202,72,1364,1267,2104,106,2,182,2,65,170,2393,238
847,96,111,82,122,119,119,110,66,22,439,408,546,45,0,179,1,48,28,692,155
1412,215,253,169,221,175,175,116,69,19,826,586,757,52,6,103,1,160,333,665,747
1962,261,283,239,278,292,252,207,106,44,956,1006,642,276,3,709,4,130,198,1377,585
2297,310,304,202,318,341,357,254,143,68,1187,1110,1435,25,0,661,0,21,155,2151,146
909,115,110,86,103,106,155,123,76,35,454,455,842,5,1,25,4,21,11,810,99
1946,207,252,192,247,265,330,229,168,56,991,955,1347,47,0,493,2,26,31,1823,123
2918,329,348,310,403,411,447,360,214,96,1414,1504,1873,21,7,871,1,49,96,2731,187
1221,138,172,159,161,188,149,153,74,27,656,565,647,26,1,427,0,108,12,943,278
2516,278,322,283,311,359,393,318,175,77,1182,1334,1808,316,0,165,1,80,146,2094,422
1881,230,241,234,275,275,259,229,105,33,884,997,618,592,4,463,3,155,46,1323,558
3471,410,417,377,456,514,505,448,242,102,1617,1854,1777,210,6,1320,14,23,121,3391,80
1299,155,174,134,178,188,205,147,86,32,678,621,593,168,0,353,1,149,35,984,315
2215,263,266,233,307,302,353,279,158,54,1250,965,1363,239,1,413,1,51,147,1913,302
1734,200,213,171,230,247,286,217,119,51,833,901,1345,52,3,207,1,51,75,1465,269
2299,272,302,249,312,337,337,296,135,59,1221,1078,1619,234,1,234,1,125,85,1646,653
1438,172,149,142,197,200,220,207,115,36,726,712,1260,49,1,106,0,9,13,1355,83
1804,198,236,180,241,234,283,243,135,54,880,924,1548,47,0,138,0,1,70,1568,236
3651,431,501,385,528,506,551,438,230,81,1787,1864,2032,125,4,1208,2,245,35,2919,732
1025,122,125,107,149,127,171,135,71,18,400,625,614,185,1,99,0,12,114,930,95
1706,190,240,207,225,227,250,213,106,48,933,773,1029,88,1,460,0,14,114,1609,97
2460,313,303,252,347,332,373,279,191,70,1197,1263,1631,210,3,353,5,63,195,2035,425
2015,221,256,212,255,296,300,277,157,41,992,1023,1529,232,3,174,0,17,60,1892,123
3092,402,371,313,391,454,464,417,196,84,1520,1572,2219,320,0,461,1,36,55,2899,193
1485,172,150,148,193,210,221,217,122,52,719,766,1288,1,0,169,0,0,27,1372,113
1566,157,196,165,203,220,259,201,120,45,772,794,1207,60,0,195,0,34,70,1317,249
865,93,102,78,125,125,124,111,71,36,404,461,669,7,0,174,0,0,15,821,44
2677,312,347,251,343,400,397,345,200,82,1347,1330,2144,29,0,368,1,3,132,2622,55
1409,181,208,161,226,197,181,149,80,26,689,720,706,164,2,148,1,307,81,935,474
1861,194,235,185,268,278,307,246,92,56,866,995,974,118,0,669,0,48,52,1572,289
1734,204,211,183,209,227,254,246,140,60,828,906,1581,25,1,63,0,17,47,1684,50
2863,365,384,307,393,429,424,315,173,73,1442,1421,1752,47,4,777,2,176,105,2154,709
1268,142,152,125,186,196,187,171,72,37,698,570,746,247,4,156,2,38,75,1117,151
2007,206,249,223,262,320,305,255,139,48,965,1042,1020,65,1,843,1,6,71,1994,13
907,123,126,98,139,138,122,107,45,9,334,573,507,63,0,152,0,76,109,582,325
1330,204,213,180,177,178,166,127,58,27,868,462,707,51,6,121,5,259,181,667,663
2619,380,364,309,378,342,337,310,148,51,1430,1189,1405,426,7,326,2,296,157,1807,812
1443,205,184,153,179,181,210,176,100,55,712,731,1223,37,2,91,1,51,38,1275,168
1299,162,165,143,170,167,195,162,98,37,754,545,1015,69,1,81,0,24,109,1136,163
2195,275,300,261,305,280,339,243,139,53,1124,1071,1592,188,3,284,0,57,71,1410,785
1939,237,251,193,252,280,292,229,144,61,1000,939,1668,121,0,57,0,0,93,1868,71
2330,281,309,205,309,315,363,296,177,75,1209,1121,1793,146,1,233,3,45,109,2303,27
1603,220,244,201,234,195,224,159,98,28,867,736,847,373,1,112,1,129,140,1017,586
1283,172,168,150,170,184,165,148,88,38,549,734,680,64,0,393,1,65,80,1112,171
2261,272,324,283,331,319,314,245,123,50,1036,1225,1095,609,4,322,2,148,81,1498,763
1541,217,213,213,233,213,219,154,60,19,783,758,659,455,3,150,1,206,67,795,746
735,92,87,71,72,111,119,100,56,27,412,323,633,94,0,0,0,0,8,734,1
1683,223,237,197,236,217,251,206,85,31,813,870,728,519,12,151,2,46,225,1447,236
1336,164,180,145,183,177,213,148,92,34,677,659,918,33,0,274,0,14,97,1293,43
1898,232,220,202,233,257,280,282,134,58,946,952,1262,397,2,150,1,36,50,1682,216
1985,233,233,202,276,265,308,256,150,62,937,1048,1286,68,1,478,0,37,115,1816,169
1482,147,205,164,156,225,236,201,111,37,729,753,1083,40,2,313,0,1,43,1460,22
2335,329,315,230,339,334,335,275,127,51,1264,1071,1067,474,7,396,0,73,318,1991,344
1124,143,151,128,174,167,168,113,56,24,611,513,418,194,0,364,0,16,132,1047,77
2099,260,274,200,261,329,316,245,154,60,942,1157,1528,107,1,268,1,73,121,1890,209
924,100,127,105,147,145,134,104,44,18,486,438,183,248,1,436,0,10,46,862,62
1488,173,189,155,227,189,216,202,107,30,644,844,679,448,0,266,0,46,49,1380,108
1641,200,211,144,216,207,249,210,146,58,882,759,1258,21,5,335,1,8,13,1570,71
2426,308,330,202,304,324,400,317,170,71,996,1430,1761,44,0,294,1,4,322,2415,11
1031,148,127,105,127,150,144,143,61,26,440,591,549,83,0,268,1,3,127,1002,29
978,144,140,114,135,126,129,116,48,26,625,353,421,132,0,202,0,16,207,910,68
2747,342,407,324,397,345,394,305,177,56,1456,1291,1544,447,8,339,3,293,113,1905,842
1397,161,156,145,184,180,225,181,118,47,668,729,1298,93,0,5,0,1,0,1242,155
662,76,78,66,89,87,103,92,51,20,245,417,638,0,0,0,0,0,24,626,36
1934,233,258,243,302,271,252,233,98,44,831,1103,1267,217,3,111,1,293,42,1077,857
1476,172,170,145,195,209,258,181,110,36,775,701,1075,205,5,125,0,18,48,1465,11
1085,126,128,98,139,148,202,141,71,32,559,526,779,37,0,203,0,25,41,957,128
660,72,75,69,69,99,107,100,47,22,223,437,498,81,0,32,1,10,38,614,46
1890,200,272,198,240,312,264,239,124,41,912,978,543,107,1,1217,0,21,1,1796,94
1757,240,236,223,275,253,258,147,103,22,709,1048,1031,141,7,186,3,332,57,872,885
1372,164,172,134,203,196,209,172,90,32,600,772,705,262,0,316,0,0,89,1370,2
1229,138,177,124,180,171,174,144,98,23,578,651,649,228,0,210,1,106,35,1011,218
1956,234,261,165,276,247,330,248,139,56,1095,861,1592,58,0,240,0,34,32,1812,144
1645,189,206,173,210,229,247,221,114,56,847,798,1363,20,0,224,0,2,36,1532,113
1193,139,152,115,157,177,179,155,91,28,535,658,726,46,0,380,0,0,41,1193,0
2508,302,327,259,362,366,360,292,179,61,1168,1340,1237,175,4,792,2,222,76,1976,532
1318,187,201,140,187,157,178,164,69,35,621,697,923,49,1,100,0,109,136,955,363
1971,229,261,216,291,273,297,248,126,30,953,1018,1219,145,3,405,0,50,149,1603,368
2236,246,287,238,310,336,344,270,148,57,995,1241,1299,61,2,714,0,76,84,1800,436
1091,132,153,127,115,161,158,140,74,31,553,538,876,1,3,187,1,16,7,813,278
2027,269,272,233,289,250,302,241,132,39,871,1156,1342,267,3,129,2,206,78,1305,722
1908,266,233,185,264,264,316,214,117,49,865,1043,1242,98,1,327,2,56,182,1425,483
1296,153,140,122,172,188,216,149,112,44,662,634,912,84,0,283,0,2,15,1267,29
2118,255,256,198,264,327,325,260,163,70,949,1169,1286,177,2,538,0,22,93,2005,113
2297,253,290,218,305,336,372,284,165,74,1117,1180,1815,115,0,269,6,62,30,2033,264
1815,213,241,179,247,233,289,236,111,66,852,963,1391,51,0,283,0,1,89,1768,47
2318,268,313,266,321,337,324,296,142,51,1121,1197,1352,493,5,244,3,151,70,1948,370
2297,301,285,246,328,324,342,289,133,49,1152,1145,1158,726,2,231,1,111,68,1743,554
2112,297,262,237,318,292,306,224,121,55,964,1148,1235,128,8,445,2,164,130,1653,459
2277,270,282,224,274,331,354,309,161,72,1298,979,1727,138,0,329,0,5,78,1978,299
2252,260,284,178,313,316,345,306,183,67,1135,1117,1963,62,0,179,1,19,28,2144,108
1827,256,244,161,256,254,275,231,109,41,1116,711,927,98,25,511,2,3,261,1808,19
601,70,82,51,81,80,99,71,51,16,327,274,540,32,0,23,0,0,6,538,63
977,105,113,101,126,114,165,141,80,32,505,472,935,0,0,33,0,0,9,977,0
1075,139,161,140,150,143,138,124,57,23,994,81,523,434,4,51,1,45,17,822,253
1333,165,169,136,157,180,199,190,90,47,544,789,1072,35,0,182,0,0,44,1217,116
2641,324,360,339,392,328,380,314,154,50,1426,1215,1558,442,7,310,2,227,95,1765,876
2596,282,304,249,348,392,386,359,195,81,1357,1239,1907,293,2,272,8,37,77,2424,172
1722,258,281,201,243,253,214,156,83,33,795,927,602,60,2,440,0,327,291,1118,604
1501,176,171,172,207,198,242,200,88,47,752,749,610,303,1,502,0,39,46,1409,92
1286,181,204,164,210,184,127,137,61,18,749,537,702,42,3,72,1,303,163,498,788
2401,305,313,267,353,339,333,305,149,37,1098,1303,1186,705,4,224,7,183,92,1750,651
1337,180,184,110,159,187,212,175,95,35,615,722,904,9,1,322,1,20,80,1213,124
1630,219,224,191,206,221,234,198,107,30,708,922,1108,75,1,208,2,150,86,1305,325
822,96,99,80,123,116,130,94,64,20,374,448,216,18,0,588,0,0,0,822,0
2200,271,262,263,276,319,323,292,136,58,960,1240,1408,94,3,541,0,56,98,1799,401
800,84,121,80,102,115,136,88,53,21,402,398,431,46,1,241,0,7,74,736,64
3147,375,375,319,460,471,448,414,202,83,1424,1723,1591,674,3,731,5,20,123,3098,49
1179,135,156,115,163,185,171,136,81,37,595,584,562,172,0,383,0,30,32,1054,125
740,115,121,117,93,119,84,57,28,6,478,262,442,2,0,0,0,293,3,13,727
1533,185,179,158,198,225,245,203,100,40,822,711,1080,156,2,196,0,40,59,1295,238
1299,157,155,125,169,153,221,179,100,40,643,656,1103,26,1,99,1,49,20,1166,133
1440,169,173,139,159,177,211,215,152,45,756,684,1115,38,0,256,1,7,23,1376,64
1684,192,220,178,205,267,239,198,125,60,869,815,800,325,0,453,0,18,88,1580,104
1523,235,269,189,238,174,171,157,70,20,745,778,464,485,8,167,1,55,343,1016,507
1497,155,184,136,185,232,235,205,123,42,602,895,1150,94,1,190,0,10,52,1454,43
2967,372,355,307,416,424,465,368,195,65,1373,1594,1550,218,2,1039,7,76,75,2634,333
1244,161,182,154,190,168,160,141,69,19,656,588,509,432,2,104,0,136,61,956,288
1063,117,134,82,144,133,168,166,86,33,507,556,954,53,0,51,0,0,5,1044,19
1394,154,175,128,169,192,199,227,111,39,671,723,1350,0,0,40,0,0,4,1365,29
1396,172,184,126,188,218,224,178,80,26,631,765,849,33,0,392,2,14,106,1306,90
815,102,92,74,107,116,135,100,70,19,424,391,632,8,0,116,0,10,49,781,34
2501,309,337,323,356,334,352,299,143,48,1162,1339,1439,340,8,271,3,316,124,1582,919
2175,258,276,232,231,287,352,309,168,62,1134,1041,1793,102,2,157,1,64,56,2143,32
1950,208,248,208,254,306,315,226,138,47,1007,943,840,313,0,703,3,29,62,1835,115
1267,175,176,134,160,166,162,157,107,30,613,654,834,70,2,168,1,12,180,1259,8
1857,224,223,216,255,272,281,239,109,38,915,942,1202,186,2,259,6,71,131,1400,457
1456,157,162,142,171,205,219,217,142,41,623,833,1170,0,0,275,0,0,11,1436,20
857,96,120,83,115,138,123,110,56,16,488,369,362,56,0,411,0,7,21,831,26
1609,258,239,183,230,226,209,170,68,26,939,670,475,402,1,314,0,135,282,1280,329
1388,167,200,152,175,176,200,174,100,44,693,695,963,75,0,226,0,14,110,1283,105
1613,182,218,154,251,237,235,185,102,49,829,784,709,123,2,742,0,23,14,1502,111
2126,256,274,214,300,321,303,255,150,53,995,1131,1034,209,0,755,2,108,18,1795,331
1227,158,178,130,159,156,181,140,97,28,586,641,854,10,0,167,0,5,191,1194,33
2391,290,293,220,294,371,358,321,181,63,1202,1189,1604,28,2,612,1,36,108,2228,163
2200,287,304,241,280,286,325,279,146,52,1163,1037,1712,98,3,244,0,29,114,1652,548
1183,135,169,126,167,173,184,123,83,23,621,562,609,92,2,343,0,20,117,1050,133
3195,380,392,393,418,451,476,391,211,83,1524,1671,1761,109,1,1041,1,43,239,2976,219
641,77,97,80,60,78,96,77,53,23,269,372,344,1,0,146,0,3,147,617,24
2260,254,268,236,295,327,360,302,161,57,1120,1140,1551,81,0,597,0,18,13,2122,138
578,79,63,59,98,74,73,74,43,15,309,269,445,122,0,0,0,8,3,461,117
3230,395,457,374,416,435,469,401,208,75,1689,1541,2157,207,5,390,2,347,122,2131,1099
1907,215,265,198,269,285,291,209,131,44,1143,764,975,84,0,756,0,38,54,1744,163
2577,323,348,330,353,372,343,313,140,55,1214,1363,1433,290,11,355,4,311,173,1659,918
1913,248,220,236,275,310,273,208,108,35,988,925,787,305,4,615,0,160,42,1264,649
946,134,115,86,130,113,144,127,77,20,447,499,827,18,0,101,0,0,0,924,22
1080,109,148,118,139,175,134,142,71,44,487,593,644,2,2,337,1,14,80,978,102
453,50,55,48,60,64,67,61,40,8,254,199,318,0,0,104,0,0,31,439,14
1879,230,251,239,279,265,240,235,108,32,970,909,1152,275,4,310,0,101,37,1326,553
898,129,128,84,132,119,115,120,54,17,451,447,482,140,0,176,1,16,83,803,95
1015,123,143,119,143,147,152,107,61,20,454,561,757,134,1,13,0,105,5,650,365
2066,281,265,230,279,265,327,248,124,47,934,1132,1419,144,1,320,1,44,137,1625,441
2974,367,367,323,375,367,467,391,240,77,1414,1560,2146,198,1,522,5,7,95,2879,95
2490,335,301,300,347,368,324,282,170,63,1260,1230,1679,185,1,436,1,47,141,1994,496
1652,234,265,169,244,263,202,175,73,27,998,654,891,61,6,278,2,342,72,781,871
2360,248,318,243,283,305,377,333,171,82,1116,1244,1938,2,0,302,0,27,91,2179,181
2392,297,309,252,331,370,313,339,131,50,1174,1218,988,524,16,665,1,50,148,2220,172
718,74,100,85,99,93,103,91,55,18,367,351,438,183,0,45,0,24,28,571,147
841,81,115,70,112,126,132,118,64,23,435,406,692,8,0,133,0,0,8,770,71
694,105,94,81,81,93,102,82,43,13,364,330,571,1,0,72,0,5,45,554,140
2017,225,277,193,255,277,304,272,161,53,973,1044,1682,23,0,197,0,22,93,1822,195
1110,132,137,97,165,152,190,132,72,33,545,565,729,86,0,267,2,13,13,1028,82
931,114,116,81,109,150,139,123,65,34,504,427,851,2,0,54,4,0,20,916,15
1160,162,167,113,158,145,183,135,67,30,554,606,640,195,0,173,1,21,130,1052,108
527,70,72,49,69,84,69,64,37,13,280,247,364,0,0,105,0,0,58,517,10
2852,391,368,288,416,390,428,333,169,69,1468,1384,1906,174,1,467,2,212,90,2066,786
2379,278,289,221,323,325,377,325,179,62,1211,1168,1433,478,0,412,1,31,24,2250,129
1288,159,169,143,153,167,209,164,104,20,516,772,1079,57,9,41,0,34,68,883,405
1578,189,180,171,224,221,246,213,105,29,705,873,1127,157,3,218,2,35,36,1309,269
1328,156,154,126,169,199,214,189,93,28,687,641,1112,84,0,82,0,3,47,1260,68
5299,636,662,513,718,785,807,681,336,161,2461,2838,3458,837,6,618,10,160,210,4873,426
3206,403,416,357,471,485,484,341,173,76,1522,1684,1712,235,5,836,3,285,130,2329,877
1261,145,153,138,163,183,171,178,92,38,639,622,939,64,0,141,1,8,108,1192,69
1038,132,139,85,127,131,168,165,70,21,531,507,913,91,0,11,0,0,23,1003,35
2126,238,284,233,274,297,330,261,138,71,1098,1028,1520,9,1,508,1,12,75,2026,100
2130,240,232,196,286,303,370,296,159,48,900,1230,1342,449,6,287,2,12,32,2076,54
2440,279,310,215,319,353,390,307,193,74,1195,1245,1921,169,0,338,0,2,10,2217,223
2063,216,262,226,300,330,307,225,132,65,926,1137,725,99,3,1145,1,14,76,1982,81
1278,156,146,153,179,163,221,159,76,25,566,712,1001,110,1,53,1,84,28,940,338
1098,146,148,122,128,155,161,138,77,23,573,525,862,1,0,183,0,11,41,968,130
2440,306,312,269,332,330,360,331,150,50,1035,1405,1880,152,5,209,0,36,158,2237,203
1019,119,141,95,135,135,170,114,84,26,491,528,779,52,5,88,2,43,50,893,126
2113,260,266,190,290,290,301,282,171,63,901,1212,1566,63,0,350,0,6,128,1895,218
2164,292,310,248,318,317,283,230,120,46,1282,882,1046,71,4,625,2,238,178,1463,701
1353,141,199,144,173,217,207,146,88,38,796,557,726,48,0,467,0,15,97,1308,45
2340,274,297,220,358,368,344,268,142,69,1194,1146,784,221,7,1250,0,29,49,2201,139
2535,303,334,250,325,332,398,334,201,58,1277,1258,1910,41,2,502,1,16,63,2332,203
842,105,119,84,100,108,142,103,60,21,343,499,687,13,1,45,0,9,87,774,68
5174,584,643,545,685,689,835,686,373,134,2098,3076,3404,697,3,787,4,66,213,4834,340
1150,127,133,135,160,182,161,139,80,33,507,643,632,74,3,311,1,68,61,1017,133
3265,423,437,349,433,452,493,428,193,57,1766,1499,2141,488,7,349,4,141,135,2340,925
1636,194,222,159,221,241,244,192,107,56,657,979,924,0,0,628,0,5,79,1618,18
1130,151,149,134,145,164,157,132,66,32,608,522,558,39,1,425,0,28,79,1025,105
2276,293,338,209,327,332,327,262,133,55,1095,1181,843,378,1,674,1,10,369,2235,41
2662,370,364,316,364,367,373,288,164,56,1296,1366,1569,324,5,232,5,285,242,1757,905
1913,256,273,210,276,269,263,226,96,44,874,1039,703,526,0,360,2,30,292,1773,140
1198,146,193,141,178,161,162,142,60,15,710,488,432,92,1,329,16,296,32,825,373
691,76,77,63,86,104,120,86,60,19,278,413,617,18,0,43,0,0,13,590,101
634,81,81,67,100,75,88,89,41,12,366,268,357,81,0,133,0,5,58,604,30
1530,168,181,144,213,241,230,195,112,46,825,705,934,4,0,558,0,10,24,1509,21
1846,236,272,170,258,250,265,214,125,56,1101,745,1247,314,0,91,0,76,118,1646,200
1538,181,186,169,203,209,245,203,98,44,766,772,1287,35,1,109,1,7,98,1441,97
1108,190,183,131,157,138,110,127,50,22,575,533,431,113,1,159,1,79,324,847,261
1523,192,172,161,218,205,240,201,91,43,661,862,529,584,2,341,1,13,53,1452,71
1129,120,150,103,156,158,166,149,89,38,534,595,701,6,0,385,0,13,24,1107,22
2478,315,304,318,371,354,376,263,117,60,1221,1257,1111,177,3,854,6,250,77,1777,701
1466,183,196,161,199,192,225,171,106,33,809,657,1034,124,0,129,0,49,130,1138,328
707,83,84,78,87,97,97,104,51,26,362,345,557,23,0,93,0,12,22,695,12
1586,235,240,188,224,218,201,164,84,32,973,613,945,78,0,155,4,354,50,1025,561
845,117,104,81,88,115,139,122,55,24,406,439,729,2,1,5,0,8,100,716,129
2465,287,307,240,300,343,381,340,199,68,1243,1222,1787,60,0,524,1,11,82,2351,114
1117,145,156,115,136,155,158,143,74,35,586,531,830,32,2,166,0,17,70,999,118
1967,273,256,218,270,285,253,248,125,39,937,1030,910,354,1,353,2,200,147,1589,378
1031,132,140,138,144,180,130,98,49,20,408,623,565,34,2,260,0,155,15,565,466
1021,133,125,90,136,124,164,132,81,36,497,524,758,55,0,178,0,0,30,991,30
883,115,116,87,99,130,129,105,74,28,486,397,883,0,0,0,0,0,0,824,59
1479,168,198,202,202,193,219,174,82,41,838,641,831,351,1,100,1,174,21,948,531
1177,124,148,132,171,177,159,145,94,27,575,602,685,76,1,342,1,27,45,1117,60
1843,234,247,232,269,260,264,212,96,29,838,1005,823,378,9,267,4,309,53,1072,771
2086,261,267,201,321,303,313,235,131,54,1134,952,712,434,0,752,0,21,167,2005,81
2392,283,300,228,304,348,383,300,175,71,1334,1058,1769,11,0,467,0,0,145,2392,0
1288,156,147,144,164,209,197,156,89,26,623,665,637,61,20,490,1,39,40,1140,148
879,96,112,96,123,120,130,117,60,25,501,378,654,47,0,134,0,9,35,773,106
1264,141,202,130,156,203,182,140,70,40,561,703,740,53,1,351,0,43,76,872,392
542,63,87,78,70,72,68,54,40,10,297,245,373,15,0,48,0,96,10,374,168
2342,284,327,275,342,330,343,255,141,45,1091,1251,1381,435,12,227,6,194,87,1489,853
1341,141,171,134,177,188,216,183,87,44,657,684,1039,73,2,170,2,34,21,1264,77
3734,429,467,391,469,540,603,429,289,117,1769,1965,2637,82,1,782,0,41,191,3627,107
2207,286,303,230,286,307,310,251,182,52,1018,1189,1328,114,4,496,1,176,88,1910,297
1838,243,252,228,250,251,264,203,110,37,889,949,719,220,2,593,1,123,180,1558,280
3270,410,416,349,442,454,494,387,232,86,1620,1650,2035,261,2,736,4,71,161,2933,337
1322,154,189,177,203,191,178,136,68,26,613,709,750,182,8,318,0,53,11,793,529
2159,281,300,268,307,327,296,211,138,31,833,1326,927,521,4,460,0,170,77,1588,571
2137,214,250,214,321,314,337,274,154,59,1130,1007,1073,297,0,746,0,19,2,2046,91
1843,228,236,174,245,225,289,237,138,71,933,910,1411,38,0,268,0,10,116,1753,90
2642,342,288,260,321,359,430,338,219,85,1346,1296,1968,103,5,479,0,5,82,2579,63
269,42,36,27,40,37,34,25,23,5,156,113,70,73,0,47,0,26,53,214,55
1006,116,118,117,120,144,155,128,71,37,480,526,796,81,0,96,0,8,25,917,89
390,42,64,49,43,54,58,50,21,9,179,211,205,12,0,117,1,37,18,346,44
3271,451,433,388,459,459,449,373,185,74,1692,1579,1983,154,11,621,4,365,133,2196,1075
2708,321,329,286,340,383,412,358,191,88,1309,1399,2289,51,4,126,1,50,187,2303,405
1684,246,246,203,264,232,224,159,86,24,737,947,824,399,5,106,2,230,118,948,736
867,117,131,93,101,122,120,96,61,26,403,464,514,68,1,128,2,93,61,737,130
1505,198,200,157,185,217,229,181,93,45,875,630,777,71,4,518,1,43,91,1282,223
1045,124,120,106,146,153,150,141,71,34,555,490,604,104,0,324,0,2,11,1031,14
1271,129,162,128,195,217,198,130,81,31,654,617,404,199,1,526,1,104,36,1178,93
2403,314,324,269,331,352,339,257,159,58,1215,1188,1478,292,3,299,0,148,183,1800,603
1698,219,229,165,228,273,228,210,106,40,809,889,908,87,0,555,0,46,102,1504,194
2398,292,301,256,336,366,349,304,133,61,1182,1216,1080,34,7,1098,0,20,159,2298,100
579,87,75,51,73,69,82,75,44,23,345,234,405,0,0,108,0,0,66,579,0
1962,237,251,248,276,284,286,224,115,41,890,1072,1156,183,2,437,2,54,128,1374,588
1666,210,229,186,242,229,252,184,87,47,757,909,827,469,2,182,1,85,100,1305,361
1593,197,214,174,240,226,258,172,84,28,741,852,556,470,21,357,2,65,122,1276,317
3129,387,429,372,450,445,454,365,153,74,1572,1557,1462,396,15,867,2,226,161,2361,768
3622,452,467,393,514,540,559,427,200,70,2080,1542,1863,236,4,1143,2,101,273,3054,568
1851,208,213,209,273,274,267,227,127,53,846,1005,1010,300,4,428,6,35,68,1786,65
418,51,55,46,48,67,62,51,29,9,182,236,280,79,0,28,0,1,30,403,15
1147,134,143,107,146,170,165,159,91,32,594,553,734,167,0,201,2,9,34,1094,53
2709,340,334,248,334,399,428,364,171,91,1325,1384,1958,135,4,471,3,49,89,2510,199
828,86,111,80,97,115,131,114,68,26,399,429,695,0,0,117,0,0,16,805,23
1665,220,226,175,245,219,223,194,112,51,890,775,788,289,1,347,4,164,72,1453,212
2224,288,319,240,321,309,327,234,140,46,1190,1034,1297,365,14,334,0,112,102,1547,677
1279,174,176,164,174,203,160,146,65,17,681,598,749,53,2,160,4,281,30,643,636
1340,180,178,145,183,162,185,176,93,38,581,759,764,297,0,136,1,18,124,1232,108
1054,115,127,98,140,149,170,127,85,43,494,560,900,75,0,79,0,0,0,1018,36
2389,312,325,232,297,302,346,330,174,71,1189,1200,1963,123,6,211,0,7,79,2145,244
2292,264,292,219,282,310,402,280,181,62,1140,1152,1926,21,0,261,0,11,73,2105,187
781,88,107,92,93,125,112,96,49,19,357,424,310,72,4,339,1,2,53,781,0
3507,513,513,389,463,460,479,415,203,72,1784,1723,1994,772,3,175,2,88,473,3061,446
1115,156,126,115,147,158,179,123,83,28,644,471,555,65,0,481,0,2,12,1095,20
1580,226,212,155,203,217,226,192,106,43,755,825,962,160,7,267,1,36,147,1391,189
1153,159,166,121,164,174,161,122,64,22,550,603,486,140,26,370,1,25,105,1047,106
1424,185,183,134,171,197,234,195,83,42,692,732,1149,33,2,179,1,17,43,1331,93
2259,249,280,240,286,317,356,308,165,58,1145,1114,1887,163,0,147,0,4,58,1966,293
1491,189,190,140,212,206,248,165,105,36,715,776,1003,120,0,185,1,107,75,1209,282
1176,177,169,175,173,172,149,105,41,15,487,689,545,21,0,71,2,334,203,372,804
752,90,82,75,99,103,100,118,56,29,381,371,499,142,1,78,0,16,16,680,72
1749,207,220,201,292,231,247,212,104,35,832,917,533,909,3,144,14,28,118,1697,52
1301,161,158,129,170,175,219,157,107,25,689,612,827,32,0,410,0,5,27,1268,33
2356,272,299,280,365,324,340,295,137,44,1236,1120,1131,740,3,285,2,119,76,1810,546
1568,205,198,154,214,204,261,200,87,45,862,706,1091,71,2,277,0,18,109,1433,135
2676,300,351,304,378,408,381,302,188,64,1287,1389,1346,208,1,926,0,81,114,2250,426
2516,301,338,268,315,373,373,318,151,79,1230,1286,1630,24,1,680,0,51,130,2278,238
1908,251,253,178,238,256,304,229,146,53,945,963,1493,31,2,158,0,59,165,1679,229
1571,201,187,168,209,248,233,211,83,31,815,756,775,329,1,381,0,23,62,1459,112
1257,144,160,103,170,184,190,158,105,43,642,615,976,1,0,252,0,22,6,1101,156
2080,256,286,240,309,283,311,234,129,32,1047,1033,1319,285,9,277,2,96,92,1601,479
2454,302,321,268,332,411,345,285,145,45,1327,1127,1012,170,5,1013,3,138,113,2214,240
711,78,95,79,112,96,99,80,55,17,330,381,448,29,0,133,0,84,17,581,130
2763,333,374,275,338,359,456,356,195,77,1368,1395,1991,128,2,540,3,61,38,2233,530
2358,289,314,269,358,308,335,280,158,47,1113,1245,1097,547,0,393,2,32,287,2172,186
4238,538,528,489,605,645,570,504,257,102,2123,2115,2371,601,8,748,7,341,162,3254,984
3600,419,470,404,531,546,517,392,233,88,1786,1814,1789,140,5,1417,3,127,119,2967,633
1418,179,184,161,207,194,216,170,83,24,591,827,881,91,2,267,5,52,120,986,432
2569,297,334,243,331,375,382,334,192,81,1341,1228,1890,3,1,497,0,48,130,2353,216
1886,204,237,178,246,281,295,243,149,53,894,992,1581,11,0,276,0,4,14,1858,28
1969,225,271,199,247,263,326,261,127,50,981,988,1428,46,0,386,0,16,93,1811,158
550,75,74,53,70,73,85,72,28,20,290,260,403,29,0,56,0,2,60,524,26
1294,158,189,105,180,176,181,184,89,32,582,712,959,8,0,196,0,14,117,1171,123
1081,150,152,121,131,161,138,132,77,19,461,620,771,40,1,111,0,103,55,790,291
863,108,98,97,117,119,133,106,61,24,433,430,527,57,0,173,0,47,59,672,191
1257,154,156,119,171,163,185,182,82,45,577,680,1145,13,0,45,0,0,54,1191,66
1647,200,193,163,249,208,270,216,106,42,800,847,962,93,0,452,1,22,117,1520,127
2218,302,310,288,313,315,304,207,134,45,945,1273,1204,129,6,444,2,340,93,1308,910
3044,321,351,313,409,415,483,429,236,87,1472,1572,2464,164,5,363,1,36,11,2500,544
967,95,113,96,131,140,154,128,71,39,478,489,834,14,0,119,0,0,0,927,40
1396,207,192,181,204,208,162,150,65,27,719,677,535,115,1,310,1,310,124,883,513
903,113,124,83,120,117,131,106,85,24,410,493,598,103,0,152,0,0,50,903,0
1849,236,249,169,230,261,274,252,131,47,892,957,1392,52,1,265,0,28,111,1779,70
2057,231,260,204,231,274,356,278,158,65,1010,1047,1836,65,0,73,0,8,75,1987,70
2432,300,315,275,358,374,340,280,147,43,1123,1309,1103,563,7,527,0,153,79,1924,508
2619,352,355,292,382,349,390,294,144,61,1293,1326,1306,145,17,700,10,326,115,1708,911
2009,235,248,190,252,278,294,315,138,59,943,1066,1729,2,0,165,0,4,109,1961,48
1005,129,138,109,125,143,137,120,71,33,542,463,769,9,1,135,0,16,75,867,138
1617,213,235,150,203,235,248,199,91,43,780,837,1020,87,2,341,2,95,70,1419,198
1776,210,223,194,244,266,243,245,103,48,876,900,941,473,1,254,0,40,67,1567,209
874,109,117,114,119,112,131,94,60,18,542,332,536,42,0,91,0,130,75,655,219
1975,260,263,209,266,256,286,258,125,52,1017,958,1272,467,0,62,1,46,127,1774,201
1029,117,130,101,138,148,158,142,73,22,485,544,797,117,0,70,0,44,1,874,155
2000,248,269,212,260,240,306,272,147,46,912,1088,1351,73,5,421,0,44,106,1852,148
2155,274,301,227,268,295,309,255,160,66,1094,1061,1461,262,2,263,1,47,119,1829,326
1043,115,139,109,151,128,149,149,70,33,502,541,703,44,0,229,1,41,25,975,68
3457,432,440,362,460,499,524,437,198,105,1649,1808,1682,171,3,1378,3,46,174,3308,149
3075,356,392,297,395,438,481,405,230,81,1560,1515,2252,141,0,539,0,27,116,2829,246
2287,289,303,248,316,314,359,263,143,52,1123,1164,1424,110,2,408,1,119,223,1705,582
3962,457,506,386,590,563,618,493,240,109,1899,2063,1929,625,3,1183,5,63,154,3686,276
1535,167,222,170,195,231,241,172,101,36,709,826,1047,134,3,284,1,36,30,1383,152
1129,130,137,119,136,133,184,165,98,27,529,600,1038,35,0,10,0,0,46,1074,55
1868,211,230,202,225,253,277,255,149,66,923,945,1337,55,3,419,0,26,28,1757,111
1771,185,207,174,223,266,262,237,159,58,896,875,1471,0,0,264,0,1,35,1716,55
1342,180,160,134,181,193,196,173,92,33,739,603,1064,19,2,108,0,49,100,1159,183
2477,313,312,277,322,308,361,312,198,74,1174,1303,1891,104,9,257,0,88,128,2226,251
550,62,68,49,67,77,89,74,40,24,201,349,497,12,0,17,0,0,24,522,28
1825,232,237,170,244,254,267,236,131,54,833,992,1215,140,1,392,1,28,48,1654,171
805,95,99,88,114,104,127,102,48,28,411,394,654,54,0,43,0,35,19,729,76
3103,388,398,293,381,478,495,361,212,97,1521,1582,2070,14,2,787,1,77,152,2542,561
3016,353,335,315,388,433,486,377,232,97,1565,1451,2198,94,1,609,0,36,78,2792,224
1108,112,132,116,156,157,179,140,81,35,532,576,684,44,3,341,0,27,9,979,129
1641,201,217,171,206,202,262,215,123,44,777,864,1361,26,0,191,0,1,62,1445,196
1516,179,219,168,202,210,208,183,114,33,710,806,1018,57,0,372,3,15,51,1399,117
3582,435,484,427,458,515,514,442,202,105,2003,1579,2554,288,3,380,1,228,128,2671,911
1797,209,208,183,221,268,274,241,148,45,932,865,1626,0,0,121,0,1,49,1678,119
5,1,0,1,1,1,0,1,0,0,0,5,5,0,0,0,0,0,0,4,1
964,156,127,149,153,142,106,77,43,11,548,416,457,42,2,65,2,376,20,358,606
992,118,110,84,112,131,166,158,79,34,486,506,949,18,0,16,0,8,1,944,48
4220,546,592,475,584,566,597,501,262,97,1987,2233,2604,445,6,614,6,365,180,3105,1115
796,96,92,89,97,125,129,94,55,19,337,459,606,28,7,88,0,38,29,723,73
1347,151,170,148,174,200,188,178,97,41,728,619,1008,76,0,178,0,29,56,1152,195
2096,247,267,198,278,274,341,270,163,58,921,1175,1596,96,1,249,1,43,110,1815,281
1902,265,275,215,262,244,246,214,118,63,1130,772,822,395,0,404,1,77,203,1678,224
1393,146,188,134,203,182,213,172,111,44,652,741,1152,20,0,186,0,4,31,1182,211
2751,339,346,279,342,421,413,381,168,62,1266,1485,1485,343,1,764,1,55,102,2681,70
2266,269,301,212,289,309,348,289,173,76,1183,1083,1629,21,1,478,0,6,131,2215,51
1745,183,260,176,209,202,278,240,132,65,834,911,1662,0,0,34,0,0,49,1745,0
1912,235,277,200,262,270,276,231,124,37,925,987,1020,103,3,617,1,62,106,1642,270
2066,233,254,226,302,254,317,275,149,56,1062,1004,1828,100,0,72,0,52,14,1680,386
1147,133,135,128,141,141,197,164,76,32,575,572,961,97,0,74,0,5,10,1094,53
1695,205,209,179,231,229,251,228,117,46,1016,679,1144,115,1,336,8,11,80,1626,69
870,98,114,74,108,122,157,106,59,32,419,451,759,15,3,63,1,21,8,826,44
761,101,98,87,100,93,111,101,56,14,401,360,480,1,0,162,0,19,99,596,165
2586,355,291,271,355,370,371,314,179,80,1263,1323,1971,133,0,277,1,29,175,2402,184
2834,364,387,330,394,414,383,325,182,55,1634,1200,1518,134,11,838,4,233,96,2142,692
1119,111,133,153,142,160,194,143,69,14,609,510,778,37,1,231,0,52,20,880,239
1331,167,165,122,183,168,211,192,95,28,694,637,1154,31,0,76,5,11,54,1260,71
1335,164,184,142,173,172,202,166,103,29,628,707,1147,29,0,117,0,20,22,1155,180
1418,144,160,147,158,211,236,208,114,40,638,780,1206,16,0,163,0,25,8,1393,25
2253,295,282,203,270,314,345,303,175,66,1111,1142,1893,99,0,196,0,1,64,2177,76
915,94,121,90,111,122,162,111,73,31,510,405,786,0,0,129,0,0,0,915,0
2186,251,266,221,260,312,364,292,160,60,1119,1067,1563,54,4,423,0,31,111,2142,44
2319,273,307,267,304,323,314,311,151,69,1126,1193,1429,142,0,619,1,49,79,2075,244
1799,217,207,181,242,278,284,223,124,43,848,951,907,310,1,439,1,15,126,1739,60
1300,161,150,148,194,143,203,164,105,32,508,792,773,395,0,89,0,22,21,1178,122
2066,239,282,204,282,309,303,253,133,61,1094,972,967,266,3,690,0,40,100,1982,84
1521,192,181,165,217,213,231,177,108,37,848,673,948,83,1,342,0,39,108,1283,238
839,101,111,96,107,103,124,115,63,19,422,417,527,228,0,1,0,5,78,784,55
2504,360,349,298,377,368,315,255,146,36,1395,1109,1247,296,9,437,4,351,160,1599,905
2384,284,331,254,317,342,343,297,164,52,1185,1199,1042,218,3,918,2,90,111,2012,372
2494,343,336,251,351,341,362,291,147,72,1191,1303,1354,510,0,317,2,163,148,1985,509
1956,219,261,176,252,277,311,252,159,49,1023,933,1285,143,1,458,2,8,59,1900,56
2374,271,340,240,367,378,321,277,135,45,1085,1289,992,305,5,871,8,56,137,2098,276
1776,238,222,186,231,239,256,231,139,34,1012,764,1250,176,6,175,4,54,111,1664,112
2710,398,357,297,377,375,421,299,135,51,1427,1283,1395,602,15,298,2,88,310,2130,580
2579,305,341,278,369,418,354,299,146,69,1283,1296,977,365,3,1062,0,35,137,2413,166
3106,365,416,309,396,447,468,394,234,77,1461,1645,1877,153,3,933,0,59,81,2835,271
1493,173,205,199,242,200,208,160,89,17,785,708,433,631,0,231,1,173,24,1061,432
877,104,113,86,104,111,147,121,66,25,396,481,761,78,0,22,0,10,6,840,37
1045,124,133,106,121,131,174,160,63,33,512,533,920,8,0,70,0,0,47,1015,30
2447,297,318,263,313,332,392,313,160,59,1129,1318,1725,416,4,218,2,63,19,2093,354
1576,185,194,163,226,212,236,205,116,39,825,751,1061,83,16,302,3,10,101,1527,49
1789,180,212,185,235,283,288,239,108,59,937,852,1278,25,3,443,1,30,9,1703,86
1527,188,207,151,199,199,232,200,110,41,614,913,905,241,2,264,1,29,85,1374,153
1908,207,240,167,248,277,302,281,134,52,1036,872,1609,122,0,87,2,39,49,1863,45
1483,183,198,167,206,212,189,194,102,32,665,818,1013,121,1,157,0,152,39,1049,434
1633,200,233,200,236,235,205,190,92,42,862,771,566,239,1,568,2,83,174,1398,235
1873,200,233,169,251,275,290,240,147,68,920,953,1228,148,0,426,0,8,63,1820,53
1795,257,210,172,229,248,260,245,129,45,997,798,1464,167,0,38,1,45,80,1661,134
2020,246,238,213,255,313,297,258,137,63,955,1065,1462,65,1,371,1,6,114,1927,93
2548,334,319,270,353,352,389,301,186,44,1214,1334,1503,246,12,436,4,203,144,2099,449
1983,273,275,247,255,281,286,215,119,32,1043,940,1055,181,7,276,3,387,74,1061,922
2210,274,271,228,250,302,370,300,155,60,1078,1132,1835,42,0,185,1,16,131,2111,99
799,102,122,68,93,75,138,101,75,25,350,449,655,12,0,132,0,0,0,778,21
2846,348,416,318,391,386,409,332,188,58,1446,1400,1848,165,2,462,1,269,99,2212,634
2245,253,292,229,271,332,357,298,160,53,1121,1124,1588,36,0,540,6,59,16,1936,309
1983,223,247,211,265,282,320,264,130,41,1056,927,1087,204,0,549,0,66,77,1780,203
2153,242,346,278,302,337,272,232,107,37,1069,1084,1356,227,1,338,0,210,21,1102,1051
1949,242,241,185,240,280,313,240,146,62,919,1030,991,109,0,726,0,32,91,1810,139
1005,117,140,122,144,167,146,105,45,19,471,534,427,30,2,213,1,310,22,611,394
1910,251,233,200,247,273,276,245,153,32,1005,905,1304,306,1,172,3,87,37,1615,295
2844,357,354,271,380,390,428,389,198,77,1432,1412,1917,376,2,390,2,50,107,2604,240
889,105,113,75,107,110,132,143,82,22,446,443,762,7,0,101,0,2,17,865,24
1306,181,173,149,180,189,191,143,76,24,676,630,904,33,1,214,0,129,25,842,464
3271,417,438,364,459,458,449,417,197,72,1769,1502,1939,576,8,375,5,186,182,2342,929
1792,208,220,184,243,265,266,223,134,49,875,917,1164,107,1,425,0,26,69,1701,91
2340,248,305,224,337,391,365,255,163,52,1142,1198,1014,3,0,1222,0,60,41,2241,99
2077,234,252,204,267,286,322,276,178,58,1019,1058,1732,2,0,241,0,17,85,1994,83
890,82,121,94,144,116,146,109,53,25,505,385,433,141,2,294,0,11,9,771,119
1381,180,183,139,184,188,204,164,101,38,693,688,719,101,1,482,0,15,63,1289,92
985,128,128,91,143,131,127,136,68,33,584,401,670,46,0,164,0,0,105,984,1
1515,190,220,145,222,209,227,187,84,31,723,792,771,595,5,42,0,36,66,1298,217
991,154,158,95,130,109,141,109,69,26,477,514,553,1,0,129,0,12,296,926,65
1778,234,229,152,210,240,285,225,145,58,780,998,1506,32,0,161,0,0,79,1740,38
1166,161,177,133,190,165,153,127,53,7,581,585,543,235,3,82,1,244,58,613,553
1434,159,175,123,175,174,258,205,119,46,780,654,1304,79,0,49,0,1,1,1351,83
1117,145,176,170,169,121,154,119,47,16,656,461,472,469,3,15,0,113,45,650,467
3938,447,517,473,553,534,570,498,270,76,2205,1733,2404,361,3,650,6,346,168,2923,1015
1507,192,230,129,195,242,224,173,83,39,721,786,710,12,1,633,0,6,145,1449,58
1916,237,267,166,230,295,297,249,135,40,810,1106,1343,55,6,379,3,54,76,1698,218
1792,210,227,155,229,253,285,248,131,54,950,842,1420,25,1,270,0,14,62,1742,50
3163,379,484,370,420,442,450,362,187,69,1826,1337,2081,172,10,441,9,308,142,2204,959
2771,312,351,277,331,375,417,388,234,86,1478,1293,2545,43,0,83,0,30,70,2583,188
0,0,0,0,0,0,0,0,0,0,0,0,0,0,0,0,0,0,0,0,0
841,109,107,107,125,121,120,95,42,15,452,389,285,249,2,224,0,34,47,604,237
718,83,86,94,105,96,92,107,42,13,389,329,432,136,0,79,0,37,34,611,107
2202,274,302,205,306,319,327,268,143,58,997,1205,1375,238,2,363,1,56,167,1903,299
2943,398,424,317,414,390,417,342,182,59,1415,1528,2165,54,18,224,1,79,402,2176,767
1996,230,253,179,250,280,310,271,159,64,904,1092,1327,94,1,402,12,11,149,1954,42
2248,298,305,261,339,309,311,252,115,58,1132,1116,1321,462,3,238,2,148,74,1387,861
1522,176,190,136,180,206,255,205,125,49,732,790,1372,11,0,128,3,7,1,1412,110
1539,190,203,160,209,226,199,200,110,42,713,826,1231,70,0,139,0,41,58,1356,183
1425,169,167,169,222,206,205,167,90,30,686,739,500,165,2,682,3,39,34,1173,252
1604,195,179,153,213,226,239,224,132,43,809,795,1213,0,1,318,0,2,70,1412,192
2146,251,284,255,361,292,279,255,126,43,1033,1113,835,780,1,304,1,170,55,1862,284
604,59,73,67,83,92,89,88,35,18,295,309,420,65,0,119,0,0,0,604,0
2079,274,248,229,237,255,331,286,156,63,1003,1076,1742,85,2,116,1,16,117,1787,292
2127,233,279,225,295,329,308,263,141,54,911,1216,1188,65,2,663,1,148,60,1729,398
2182,273,277,209,287,283,334,290,158,71,1183,999,1805,11,4,246,0,1,115,2136,46
2057,289,263,207,279,317,287,236,124,55,1143,914,1070,107,18,635,2,52,173,1781,276
1566,197,198,162,225,203,221,210,105,45,745,821,904,216,1,264,1,132,48,1308,258
2214,273,309,234,353,345,325,218,115,42,1146,1068,774,483,2,647,1,222,85,1730,484
2109,245,278,217,264,308,309,292,143,53,993,1116,1597,70,1,287,2,109,43,1742,367
1191,132,155,113,146,180,177,157,86,45,554,637,952,11,0,197,0,0,31,1144,47
1505,181,208,122,206,212,217,209,107,43,788,717,668,130,0,566,0,11,130,1434,71
1975,245,247,189,252,253,319,265,143,62,905,1070,1684,52,0,160,0,0,79,1853,122
2388,308,320,234,322,331,379,283,158,53,1041,1347,1510,241,0,403,2,135,97,2151,237
1413,181,163,120,203,185,219,191,109,42,688,725,1046,5,0,327,0,0,35,1395,18
2316,275,314,213,298,308,400,266,165,77,1145,1171,1525,393,8,309,0,38,43,2149,167
998,121,153,127,145,137,124,122,56,13,484,514,455,295,0,52,0,151,45,766,232
367,43,44,29,43,54,66,46,24,18,163,204,287,1,0,73,0,5,1,302,65
2251,301,333,279,351,314,313,199,119,42,1142,1109,1335,202,12,236,4,362,100,1249,1002
1325,144,168,145,184,159,212,166,100,47,636,689,1005,42,0,227,0,0,51,1240,85
2305,276,307,217,284,353,347,302,158,61,1289,1016,1527,0,0,696,0,17,65,2225,80
2453,304,285,249,297,361,366,326,187,78,1272,1181,1636,183,8,447,0,47,132,2058,395
2592,329,351,256,345,381,382,318,167,63,1317,1275,1776,28,1,564,2,27,194,2451,141
1778,229,268,169,235,270,254,201,119,33,864,914,882,38,0,706,0,11,141,1706,72
1913,214,270,214,261,272,292,226,119,45,864,1049,810,351,4,632,0,59,57,1543,370
2255,265,289,240,310,352,335,277,132,55,1217,1038,1236,77,1,851,0,51,39,1986,269
2597,311,317,239,287,350,438,353,208,94,1252,1345,2175,64,0,284,0,1,73,2444,153
1424,154,162,139,169,188,224,188,135,65,698,726,1416,0,0,3,4,1,0,1395,29
1827,269,273,179,198,263,268,213,122,42,967,860,1246,80,1,188,0,23,289,1660,167
1254,144,146,115,160,171,201,172,99,46,550,704,1096,0,0,150,0,0,8,1166,88
1513,207,214,175,201,203,219,179,81,34,805,708,972,35,0,218,0,80,208,1139,374
2521,309,321,234,318,333,407,338,189,72,1239,1282,2076,0,0,314,0,34,97,2355,166
2244,300,313,235,313,315,302,305,124,37,983,1261,1496,89,0,269,2,218,170,1634,610
2164,250,238,223,300,306,327,298,157,65,960,1204,1201,485,0,449,1,0,28,2148,16
735,92,106,94,95,85,103,91,44,25,424,311,336,102,1,212,31,23,30,604,131
2685,321,365,279,421,382,394,306,167,50,1567,1118,1674,347,10,318,3,250,83,1908,777
1388,177,218,166,210,188,201,139,70,19,767,621,737,276,12,76,1,261,25,647,741
1898,203,227,186,219,258,304,274,155,72,943,955,1835,20,0,43,0,0,0,1842,56
3003,341,375,273,387,462,467,381,220,97,1536,1467,1907,62,0,994,1,8,31,2944,59
897,115,119,75,120,109,143,120,63,33,429,468,810,24,9,12,0,19,23,846,51
2419,284,304,227,312,343,396,319,166,68,1101,1318,1855,113,2,303,0,61,85,2349,70
2037,243,304,278,287,272,284,213,120,36,1018,1019,1008,284,4,296,1,375,69,1169,868
842,101,116,77,84,125,130,121,62,26,370,472,634,0,0,139,0,0,69,842,0
755,95,93,83,88,102,119,96,56,23,393,362,667,43,0,23,2,13,7,646,109
2368,307,309,263,354,349,320,285,130,51,1029,1339,1494,37,4,521,1,133,178,1697,671
2937,387,401,269,416,433,414,344,187,86,1538,1399,1671,155,6,847,1,124,133,2454,483
1558,177,187,165,209,236,245,194,99,46,642,916,565,279,0,660,2,42,10,1340,218
3268,367,401,325,459,472,521,408,215,100,1448,1820,1568,418,2,1101,1,40,138,3167,101
967,100,110,98,125,133,173,125,75,28,493,474,625,0,0,321,0,3,18,942,25
1069,111,149,102,150,184,163,132,59,19,506,563,340,142,0,576,0,2,9,1039,30
1211,143,164,124,138,176,187,161,86,32,624,587,963,7,0,203,0,9,29,916,295
738,99,87,62,109,110,108,89,52,22,354,384,595,70,0,53,0,18,2,678,60
1263,142,171,140,152,193,182,160,82,41,596,667,802,11,0,383,0,22,45,1168,95
214,30,23,26,32,28,29,30,13,3,124,90,86,116,0,0,0,12,0,196,18
895,102,122,90,116,123,151,101,70,20,288,607,585,257,1,3,0,27,22,751,144
1068,164,148,157,161,151,128,94,49,16,508,560,652,148,0,117,0,130,21,324,744
3030,395,398,300,446,436,394,386,203,72,1509,1521,1379,427,2,875,2,58,287,2755,275
3061,381,404,312,387,449,448,406,216,58,1416,1645,1950,511,20,371,1,44,164,2885,176
1092,156,137,114,156,141,160,134,66,28,454,638,554,205,0,215,0,41,77,969,123
2128,275,276,245,307,285,320,260,117,43,764,1364,1196,435,2,215,2,200,78,1391,737
2936,326,390,297,409,411,447,394,183,79,1516,1420,1596,729,2,359,2,83,165,2674,262
1418,162,181,132,144,196,239,202,115,47,746,672,1184,89,0,82,0,1,62,1365,53
1347,143,166,139,171,207,208,176,100,37,644,703,1103,79,0,146,0,0,19,1233,114
2619,311,342,258,366,412,383,319,161,67,1311,1308,1516,229,2,586,1,48,237,2441,178
1005,115,134,99,122,150,148,125,80,32,471,534,715,65,0,181,1,7,36,944,61
903,104,109,93,120,115,147,123,70,22,515,388,498,227,1,139,0,7,31,859,44
2110,221,269,235,258,323,326,278,148,52,1090,1020,1403,282,1,380,0,29,15,1944,166
1832,219,234,189,236,240,287,245,131,51,967,865,1623,27,0,130,0,0,52,1746,86
1278,187,164,160,176,170,196,121,69,35,810,468,1007,14,3,113,0,106,35,620,658
873,94,104,87,96,144,138,126,64,20,364,509,669,38,0,142,0,16,8,793,80
1028,121,158,141,140,149,125,108,68,18,553,475,647,29,1,93,1,200,57,503,525
1688,196,200,195,225,224,262,218,127,41,806,882,1233,39,1,329,4,36,46,1479,209
1823,227,251,201,228,260,264,235,115,42,859,964,1607,36,0,128,0,0,52,1431,392
2549,332,303,235,364,400,388,292,163,72,1191,1358,1295,336,1,767,0,25,125,2442,107
3059,352,408,310,429,447,436,397,210,70,1542,1517,1748,855,5,252,0,150,49,2509,550
1948,215,252,178,262,253,287,293,140,68,1012,936,1651,1,0,221,0,9,66,1836,112
1220,137,147,131,187,212,173,143,65,25,609,611,576,71,0,422,0,112,39,820,400
1797,214,214,201,273,258,253,229,110,45,867,930,1182,215,3,258,0,44,95,1525,272
1758,214,213,196,263,297,259,174,110,32,887,871,559,232,0,936,0,24,7,1641,117
1049,120,126,120,101,147,188,152,56,39,468,581,907,2,0,134,0,0,6,1014,35
2310,272,266,233,295,318,401,300,153,72,1148,1162,1572,319,0,366,0,28,25,2256,54
